layer,side,wire_number,tension
U,A,8,0.0
U,A,9,0.0
U,A,10,0.0
U,A,11,0.0
U,A,12,0.0
U,A,13,0.0
U,A,14,0.0
U,A,15,0.0
U,A,16,0.0
U,A,17,0.0
U,A,18,0.0
U,A,19,0.0
U,A,20,0.0
U,A,21,0.0
U,A,22,0.0
U,A,23,0.0
U,A,24,0.0
U,A,25,1.400558516335754
U,A,26,5.595727719138679
U,A,27,5.4945408162195415
U,A,28,5.711935022841451
U,A,29,5.629591748684152
U,A,30,5.572616798921498
U,A,31,5.663979372254064
U,A,32,5.995434948832246
U,A,33,3.513991309098158
U,A,34,6.014803796588339
U,A,35,5.81447602335154
U,A,36,5.915560878480351
U,A,37,5.682548127950844
U,A,38,6.043542120385919
U,A,39,5.782749365646781
U,A,40,6.076843061161765
U,A,41,6.068358020128164
U,A,42,5.855447977819379
U,A,43,5.828239026989253
U,A,44,6.226138661982836
U,A,45,5.878718738137124
U,A,46,5.867432104490709
U,A,47,5.983741445876739
U,A,48,5.5523501123557
U,A,49,5.760080293529265
U,A,50,5.9603185279666056
U,A,51,5.916160695764334
U,A,52,5.78640565614759
U,A,53,5.586548154387006
U,A,54,5.669546090241119
U,A,55,5.904207308225034
U,A,56,5.783814646031953
U,A,57,5.396195104131482
U,A,58,5.49204425480865
U,A,59,5.160436065103779
U,A,60,5.635572117362309
U,A,61,5.6520882266771855
U,A,62,5.985505751754438
U,A,63,5.848527042770375
U,A,64,5.827765163874743
U,A,65,5.64491804415373
U,A,66,5.513026549556543
U,A,67,5.628666243327781
U,A,68,5.085502959315188
U,A,69,5.296553223196916
U,A,70,5.504468790320774
U,A,71,5.59805589769335
U,A,72,5.330306608860316
U,A,73,5.209924453020185
U,A,74,5.225823928729037
U,A,75,5.576977527293081
U,A,76,5.435050337915079
U,A,77,5.1663231510158525
U,A,78,5.8516050192369145
U,A,79,5.297947872439152
U,A,80,5.427025670533345
U,A,81,5.544173285096248
U,A,82,5.697577232407899
U,A,83,5.487488380437749
U,A,84,5.564854456961438
U,A,85,5.441993889842465
U,A,86,5.342665730173565
U,A,87,5.456821242145351
U,A,88,5.224252147875607
U,A,89,5.930758533463413
U,A,90,5.547094891158732
U,A,91,5.689888561443863
U,A,92,5.664444293129305
U,A,93,5.838290674590657
U,A,94,5.685096757031753
U,A,95,5.533919762146142
U,A,96,5.7405072867979845
U,A,97,5.327681807188928
U,A,98,5.266153780676785
U,A,99,5.537132729581194
U,A,100,5.463180092166053
U,A,101,5.895629475297048
U,A,102,5.519478985520111
U,A,103,5.23264360699159
U,A,104,5.351318502731073
U,A,105,5.569489448038501
U,A,106,5.645631055596057
U,A,107,5.336749682086994
U,A,108,6.226303134183412
U,A,109,5.8875337535522
U,A,110,5.527659522940968
U,A,111,5.8740130730120255
U,A,112,5.522265281691935
U,A,113,5.308433783700275
U,A,114,5.732799408703158
U,A,115,5.360103616710612
U,A,116,5.332059795776452
U,A,117,5.841775247766083
U,A,118,5.449661527893564
U,A,119,5.655596729717075
U,A,120,5.621842076830144
U,A,121,5.986551424356585
U,A,122,5.581665266284579
U,A,123,5.4611300089953305
U,A,124,5.749486025866228
U,A,125,5.540225211702697
U,A,126,5.610392729106899
U,A,127,5.626992743905232
U,A,128,5.99212996075322
U,A,129,6.153322734179906
U,A,130,5.859579090059239
U,A,131,5.726412025343746
U,A,132,5.747318408583247
U,A,133,6.085535026422319
U,A,134,5.753203079884821
U,A,135,5.875786384478883
U,A,136,5.693450008090825
U,A,137,5.887193298365673
U,A,138,6.0935563358621145
U,A,139,6.053723449255342
U,A,140,5.731368949811003
U,A,141,6.1724867746820005
U,A,142,5.705626227792984
U,A,143,6.215302479440751
U,A,144,5.829380486781532
U,A,145,5.760255563835059
U,A,146,5.990840449373749
U,A,147,5.89375327160684
U,A,148,6.154713835926692
U,A,149,5.959407892232032
U,A,150,6.030239261947662
U,A,151,5.649045966947616
U,A,152,5.529304655420122
U,A,153,5.510213223532255
U,A,154,5.619978520288848
U,A,155,6.128953126076506
U,A,156,5.997402202013345
U,A,157,5.912364254189073
U,A,158,5.643563992795372
U,A,159,5.887417453475301
U,A,160,5.943284328237847
U,A,161,5.710223493165799
U,A,162,5.663674632674233
U,A,163,5.669428889102668
U,A,164,5.447465300341895
U,A,165,5.545631925211954
U,A,166,5.516333607215279
U,A,167,5.736165446343804
U,A,168,5.532689166784908
U,A,169,5.785342366200922
U,A,170,5.684088589443449
U,A,171,5.649916003294501
U,A,172,5.615571166292237
U,A,173,5.497062054985556
U,A,174,5.572720139964781
U,A,175,5.912588193004551
U,A,176,5.490909053788038
U,A,177,5.742034852686992
U,A,178,5.600149614670753
U,A,179,5.5908050564679685
U,A,180,5.643665848459074
U,A,181,5.6163758284813605
U,A,182,5.850468593454044
U,A,183,5.662674274224217
U,A,184,5.493031717080704
U,A,185,5.629677631184646
U,A,186,5.983332427020887
U,A,187,5.572016631998539
U,A,188,5.529970043788024
U,A,189,5.927944661437483
U,A,190,5.625107094390182
U,A,191,5.879336096876295
U,A,192,5.774430894369283
U,A,193,5.945054437052858
U,A,194,5.962347797365473
U,A,195,5.994129353967498
U,A,196,5.937460326120469
U,A,197,5.877933900070192
U,A,198,5.6179185005742704
U,A,199,5.793487981788861
U,A,200,5.949668876844801
U,A,201,5.878340058233047
U,A,202,6.107759026632842
U,A,203,5.715524996533155
U,A,204,6.015409156075827
U,A,205,5.886365580510756
U,A,206,5.982729448154893
U,A,207,5.663934467489248
U,A,208,6.077849923348355
U,A,209,6.067152118530927
U,A,210,6.333968084921875
U,A,211,5.7055498875281625
U,A,212,6.1499051323883664
U,A,213,6.065037059246498
U,A,214,6.370179610825466
U,A,215,6.565476457137735
U,A,216,6.886174271437439
U,A,217,6.966238544684267
U,A,218,7.0876843028753935
U,A,219,5.5696454595293785
U,A,220,6.906085689899292
U,A,221,7.044330639868087
U,A,222,7.270309930372194
U,A,223,7.783818205629895
U,A,224,6.080807230720832
U,A,225,7.484239810981021
U,A,226,7.606432054447396
U,A,227,7.6770814408763695
U,A,228,7.975361768609866
U,A,229,5.898379042263343
U,A,230,2.135990115831532
U,A,231,5.916331475242283
U,A,232,2.1534214785387564
U,A,233,2.171026566528931
U,A,234,2.1968911378279805
U,A,235,6.035614361036275
U,A,236,2.2688436075484266
U,A,237,2.374133766192664
U,A,238,2.405376151727684
U,A,239,2.550673403789274
U,A,240,5.964058987042742
U,A,241,2.5341867968416243
U,A,242,2.70951916835286
U,A,243,2.799397645645607
U,A,244,2.781485909233853
U,A,245,2.8125427368542897
U,A,246,2.8567790156965964
U,A,247,2.887758131850856
U,A,248,2.9475809494714964
U,A,249,3.010642082319142
U,A,250,3.0555647701767104
U,A,251,3.1033296357382
U,A,252,3.1820824187182666
U,A,253,3.4982892916951505
U,A,254,3.2686266541658453
U,A,255,3.3698108772745856
U,A,256,5.510577471659524
U,A,257,3.461923999647764
U,A,258,3.495894322126893
U,A,259,5.463488903837687
U,A,260,3.788307550726034
U,A,261,3.845763408267964
U,A,262,3.905752246937537
U,A,263,4.034060271547819
U,A,264,4.174073739495669
U,A,265,4.337484424051999
U,A,266,4.2841385027038745
U,A,267,5.733697921875014
U,A,268,4.569999679630905
U,A,269,5.815653171408889
U,A,270,4.7710769659964685
U,A,271,6.1521522961199
U,A,272,5.251800541927955
U,A,273,5.034604356859689
U,A,274,5.401060300292798
U,A,275,5.357520451657778
U,A,276,5.823570419293225
U,A,277,5.81484179798398
U,A,278,6.094266322179383
U,A,279,5.867020776708312
U,A,280,6.129585543952957
U,A,281,6.127475203818228
U,A,282,5.895227417791878
U,A,283,6.727753589539032
U,A,284,7.179743604289177
U,A,285,5.965703448177112
U,A,286,7.439493348111082
U,A,287,6.199002715653089
U,A,288,8.471589912080038
U,A,289,8.327608284867413
U,A,290,8.467504621646274
U,A,291,6.018715805433279
U,A,292,6.023374962433877
U,A,293,6.048053890172763
U,A,294,6.003579061174408
U,A,295,5.915067532537274
U,A,296,5.641215669809094
U,A,297,6.020043068651434
U,A,298,5.838648124871934
U,A,299,5.99730111284975
U,A,300,5.784525604306622
U,A,301,5.737290314121736
U,A,302,5.887496999951988
U,A,303,5.879152676636308
U,A,304,5.947522794678128
U,A,305,5.947469276903632
U,A,306,5.557417328118184
U,A,307,5.865253126518386
U,A,308,5.726494218672198
U,A,309,5.765133611525299
U,A,310,5.938925368595312
U,A,311,5.766807121305277
U,A,312,5.720593281934367
U,A,313,5.663295502856008
U,A,314,5.834609007885829
U,A,315,5.97237840850828
U,A,316,5.706273970370032
U,A,317,5.528073489800391
U,A,318,5.742128403460376
U,A,319,5.407453852329261
U,A,320,5.632364673638499
U,A,321,5.75972436351937
U,A,322,5.734811181823334
U,A,323,5.605575513923584
U,A,324,5.500290242949175
U,A,325,5.518538516899538
U,A,326,5.55937407431867
U,A,327,5.549172105307117
U,A,328,5.519222775313501
U,A,329,5.59632904529046
U,A,330,5.721041287175538
U,A,331,5.437128303160458
U,A,332,5.526823387410073
U,A,333,5.432295419398402
U,A,334,5.456771871087191
U,A,335,5.558389182407247
U,A,336,5.238511096393536
U,A,337,5.275694323916144
U,A,338,5.454835759270857
U,A,339,5.482108414404382
U,A,340,5.184064713854803
U,A,341,5.562225114083779
U,A,342,5.460139863575705
U,A,343,5.34441892918823
U,A,344,5.543649746607478
U,A,345,5.454303743077777
U,A,346,6.892655650855504
U,A,347,5.484950122990809
U,A,348,5.354129762867376
U,A,349,5.48382500122483
U,A,350,5.49548744431238
U,A,351,5.561660793686568
U,A,352,5.036971086643045
U,A,353,5.45864595661014
U,A,354,5.458735330743663
U,A,355,5.642538287989795
U,A,356,5.468342194236644
U,A,357,5.503464102529917
U,A,358,5.092043771794183
U,A,359,5.395975587037981
U,A,360,5.632507327909822
U,A,361,5.445590213172134
U,A,362,5.500968516746379
U,A,363,5.264423118311908
U,A,364,5.430571046946247
U,A,365,5.359594581258454
U,A,366,5.767311956028253
U,A,367,5.295287309114432
U,A,368,5.668372403980031
U,A,369,5.478840618779788
U,A,370,5.639250514000635
U,A,371,5.44761547413497
U,A,372,5.295251903474785
U,A,373,5.560068381660369
U,A,374,5.590250939644873
U,A,375,5.387656325120316
U,A,376,5.469573809010641
U,A,377,5.562288952767526
U,A,378,5.500245061830495
U,A,379,5.312180134580903
U,A,380,5.253449982686214
U,A,381,5.217213116973141
U,A,382,5.377901658839775
U,A,383,5.430187420909076
U,A,384,5.332618903795416
U,A,385,5.287882713933764
U,A,386,5.328131791662891
U,A,387,5.329623861931858
U,A,388,5.53691397643925
U,A,389,5.421671109342024
U,A,390,5.43342934858087
U,A,391,5.30766357459465
U,A,392,5.460231905317414
U,A,393,5.297447424653697
U,A,394,5.36298562192177
U,A,395,5.747343350466331
U,A,396,5.406801933050559
U,A,397,5.704925213935322
U,A,398,5.593026825154583
U,A,399,6.047015089183593
U,A,400,5.46374570706204
U,A,401,5.42169576831145
U,A,402,5.6735302036409845
U,A,403,5.357885006545711
U,A,404,5.512889431035931
U,A,405,5.340724471484908
U,A,406,5.341076079453146
U,A,407,5.638334930897022
U,A,408,5.564751813443928
U,A,409,5.2936430124365375
U,A,410,5.702737926986763
U,A,411,5.510694947431393
U,A,412,5.239401829555118
U,A,413,5.382140789131656
U,A,414,5.289546143255322
U,A,415,5.491628465218999
U,A,416,5.69400548472782
U,A,417,5.673097386861876
U,A,418,5.588610395282657
U,A,419,5.49088750886226
U,A,420,5.327600255924583
U,A,421,5.300162596265627
U,A,422,5.373724013645172
U,A,423,5.706561344157222
U,A,424,5.497037255178797
U,A,425,5.529190255338296
U,A,426,5.3601802991324
U,A,427,5.405754808068114
U,A,428,5.556921478746974
U,A,429,5.625395105947227
U,A,430,5.676405459996076
U,A,431,5.457576636100423
U,A,432,5.380753714064782
U,A,433,5.404496796675784
U,A,434,5.314981797291563
U,A,435,5.329317636420713
U,A,436,5.1879307479297
U,A,437,5.26130080862126
U,A,438,5.529121680168871
U,A,439,5.918759789727499
U,A,440,5.679853958181108
U,A,441,5.556905668132558
U,A,442,6.0334131421086745
U,A,443,5.765595625545219
U,A,444,5.7411823783827725
U,A,445,5.62506280643616
U,A,446,5.519547930923942
U,A,447,5.614156019889424
U,A,448,5.482894342439917
U,A,449,5.684204836198106
U,A,450,5.581600277886737
U,A,451,5.746660012644001
U,A,452,5.636837897274117
U,A,453,5.474713690787048
U,A,454,5.442484795687398
U,A,455,5.418049056466041
U,A,456,5.661628145298681
U,A,457,5.417336720623808
U,A,458,5.267875379282643
U,A,459,5.678767804114572
U,A,460,5.600575236401084
U,A,461,5.4314960362415405
U,A,462,5.520271637447657
U,A,463,5.44909531645276
U,A,464,5.394851939227843
U,A,465,5.746563525426796
U,A,466,5.447220490633674
U,A,467,5.466564875357522
U,A,468,5.466875655339147
U,A,469,5.4595082969950575
U,A,470,5.518956168886429
U,A,471,5.466470186499087
U,A,472,5.350243961152181
U,A,473,5.542948305366823
U,A,474,5.664015918311031
U,A,475,5.533428775104971
U,A,476,5.684164756024307
U,A,477,5.476122619742382
U,A,478,5.679298737273614
U,A,479,5.391750601882474
U,A,480,5.438719971440203
U,A,481,5.495047950979402
U,A,482,5.570513778322755
U,A,483,5.463338397122279
U,A,484,5.619965012778876
U,A,485,5.448890747171529
U,A,486,5.52041186475918
U,A,487,5.518990425393473
U,A,488,5.859581988465959
U,A,489,3.3424632076761096
U,A,490,5.703498797513879
U,A,491,6.399554630253597
U,A,492,5.8924011022435225
U,A,493,5.6146929426627965
U,A,494,5.43966130022432
U,A,495,5.566015384925991
U,A,496,5.417020456624071
U,A,497,5.529196526101743
U,A,498,5.628833936262208
U,A,499,5.891204416599308
U,A,500,5.667606826393944
U,A,501,5.437197086828125
U,A,502,5.265083163098489
U,A,503,5.515650569468634
U,A,504,5.526798743882487
U,A,505,5.891257555395566
U,A,506,5.586500649780759
U,A,507,5.4682604664550585
U,A,508,5.50045319769866
U,A,509,5.499718010784916
U,A,510,4.6669254158273885
U,A,511,6.171713674777347
U,A,512,5.934272586332811
U,A,513,5.631661762280169
U,A,514,6.063383651812205
U,A,515,5.9876607973095535
U,A,516,6.159657742129195
U,A,517,5.696224431522457
U,A,518,5.379451443513211
U,A,519,5.785870707248539
U,A,520,6.273142173226925
U,A,521,5.854778094880263
U,A,522,6.234002717039983
U,A,523,5.9242614676637295
U,A,524,5.615450994420776
U,A,525,2.250626458332674
U,A,526,5.627720329435141
U,A,527,5.579520880462927
U,A,528,6.237266940968839
U,A,529,5.668756722987722
U,A,530,5.579390687316148
U,A,531,6.237620018299646
U,A,532,6.235687965880812
U,A,533,5.919091676193355
U,A,534,6.141387351231737
U,A,535,5.471570898783395
U,A,536,5.524555158707844
U,A,537,5.912229963225425
U,A,538,6.066302033765478
U,A,539,5.564842018185203
U,A,540,6.08039299785292
U,A,541,6.201867665003123
U,A,542,5.576839389776091
U,A,543,5.502463085700176
U,A,544,5.486378872795463
U,A,545,5.611563507976448
U,A,546,5.961118355822512
U,A,547,6.423871965923687
U,A,548,5.6967476185135
U,A,549,5.62448387803711
U,A,550,5.983256391275367
U,A,551,5.941948970613907
U,A,552,5.407279638661306
U,A,553,5.597406007501506
U,A,554,5.53371605050583
U,A,555,5.761570322026983
U,A,556,5.691150634050665
U,A,557,5.5287751216140295
U,A,558,5.556735089828031
U,A,559,5.749813492872803
U,A,560,5.468263463077884
U,A,561,6.180746534057587
U,A,562,5.838704527289012
U,A,563,5.910663628157666
U,A,564,5.159978451471589
U,A,565,5.539166047678485
U,A,566,5.592562284665961
U,A,567,5.57376900014162
U,A,568,5.241173577545816
U,A,569,5.250289788039054
U,A,570,5.276139076254005
U,A,571,5.266681790627811
U,A,572,5.475975392742944
U,A,573,5.191911191764486
U,A,574,6.034660159368051
U,A,575,6.00604286761662
U,A,576,6.03053401078377
U,A,577,5.423411096313186
U,A,578,5.929465073704398
U,A,579,5.456592498531532
U,A,580,5.437506261575782
U,A,581,5.304419816039825
U,A,582,5.847855128617431
U,A,583,5.249399935313826
U,A,584,5.451174943198246
U,A,585,5.156135546429313
U,A,586,5.99991989722435
U,A,587,5.258825412734394
U,A,588,5.689448840268945
U,A,589,5.270120625882036
U,A,590,5.19974105796381
U,A,591,5.916623141850736
U,A,592,5.183728708422356
U,A,593,5.346999194929927
U,A,594,5.926150757724103
U,A,595,5.89934470217041
U,A,596,5.188455537209562
U,A,597,5.092624491969783
U,A,598,5.496681714717461
U,A,599,5.259798504065103
U,A,600,5.106821177515241
U,A,601,5.353827756921371
U,A,602,6.027198997451337
U,A,603,5.171768228887176
U,A,604,5.798465343053206
U,A,605,5.931335354621454
U,A,606,5.490550263764997
U,A,607,5.6439688399396095
U,A,608,5.26415252546019
U,A,609,5.09470314547998
U,A,610,6.201997596070779
U,A,611,5.453462238943178
U,A,612,5.294005898469478
U,A,613,5.116852329281741
U,A,614,5.174850072359479
U,A,615,5.770034988023353
U,A,616,5.252821364889932
U,A,617,5.004036143805045
U,A,618,5.013263789999114
U,A,619,5.418899200978461
U,A,620,5.540239872079156
U,A,621,5.5133964292683535
U,A,622,5.038069454809922
U,A,623,5.312913114327243
U,A,624,5.609519781809067
U,A,625,5.526985440037703
U,A,626,5.248304381136162
U,A,627,5.128060703389893
U,A,628,5.3542765978172255
U,A,629,5.218972577905356
U,A,630,5.491731136147093
U,A,631,4.648674706964713
U,A,632,5.347178670505274
U,A,633,5.160943060760083
U,A,634,5.076668816394715
U,A,635,5.294696946887148
U,A,636,5.160963873163103
U,A,637,5.364835472417762
U,A,638,6.0027792015656765
U,A,639,6.172928657218105
U,A,640,5.444800533479098
U,A,641,5.493805795677729
U,A,642,6.175331667584262
U,A,643,5.805849993365918
U,A,644,6.197327386249632
U,A,645,5.9831979231750925
U,A,646,6.038499871444666
U,A,647,5.75966054231155
U,A,648,6.093403864944647
U,A,649,5.8334182031873
U,A,650,5.1776568654819295
U,A,651,6.137663453093744
U,A,652,5.865578019474672
U,A,653,5.461339799235437
U,A,654,5.360345553119572
U,A,655,5.198894561308447
U,A,656,5.59276793755659
U,A,657,6.046078409119342
U,A,658,5.774731960936145
U,A,659,5.90727665227597
U,A,660,5.581737906946967
U,A,661,5.726875993348176
U,A,662,5.898565495819313
U,A,663,5.618350585486579
U,A,664,5.1935537485094105
U,A,665,5.784096348997639
U,A,666,6.106100148639404
U,A,667,5.74964631594426
U,A,668,5.582482489717651
U,A,669,5.231654657015266
U,A,670,5.684109901433574
U,A,671,5.592832957805757
U,A,672,6.283049600090839
U,A,673,5.680030491834334
U,A,674,5.60578227258207
U,A,675,5.571938904082589
U,A,676,5.048472281579598
U,A,677,5.822155202494229
U,A,678,5.366951721745652
U,A,679,6.115277261991151
U,A,680,5.38549208018726
U,A,681,5.418570862788885
U,A,682,5.17973515435084
U,A,683,5.353286167169021
U,A,684,5.378668750030795
U,A,685,5.586359211794441
U,A,686,5.196595106735708
U,A,687,5.6530259311628885
U,A,688,5.318259366662884
U,A,689,5.582939455653496
U,A,690,5.749322999250546
U,A,691,5.1720104938937705
U,A,692,6.048409394089543
U,A,693,6.03810307025474
U,A,694,5.745884554882926
U,A,695,5.634077249998624
U,A,696,6.125495176630206
U,A,697,5.424194059013495
U,A,698,5.337227119028061
U,A,699,6.094196344007333
U,A,700,5.8960479423083205
U,A,701,5.900285220706493
U,A,702,5.720460193750369
U,A,703,5.941834308545489
U,A,704,5.701862963381035
U,A,705,5.81069506884435
U,A,706,5.7931550731102055
U,A,707,5.818270318941804
U,A,708,6.031635324053695
U,A,709,5.522586094646006
U,A,710,5.793045549286568
U,A,711,5.849660937998763
U,A,712,5.7493877933404045
U,A,713,6.1785844809364585
U,A,714,5.567077957481224
U,A,715,5.71443213384711
U,A,716,5.3645525473368725
U,A,717,5.208938198400116
U,A,718,5.369546416199028
U,A,719,5.589533849719257
U,A,720,6.395043280903664
U,A,721,6.374793759470079
U,A,722,6.135437883054438
U,A,723,6.001870961785045
U,A,724,5.942692785168847
U,A,725,5.804682756026162
U,A,726,6.0933370781023095
U,A,727,5.245176198138677
U,A,728,5.536188062989281
U,A,729,5.538035149096005
U,A,730,4.840273321896268
U,A,731,5.167307874417969
U,A,732,5.06143863428638
U,A,733,5.103799524726102
U,A,734,4.877034129730556
U,A,735,4.632225994216779
U,A,736,6.072326509875318
U,A,737,6.381221897009057
U,A,738,6.275101056324995
U,A,739,5.751618649023928
U,A,740,5.609020497077247
U,A,741,6.246508919675159
U,A,742,6.333523470994139
U,A,743,6.15826541387422
U,A,744,6.147610999064178
U,A,745,5.591582240208773
U,A,746,5.743318355387215
U,A,747,6.168931841686826
U,A,748,5.2946496789897
U,A,749,5.928648924324542
U,A,750,6.398587415592263
U,A,751,6.2851579053940565
U,A,752,5.979964171478773
U,A,753,5.538315489518743
U,A,754,6.099585865642228
U,A,755,5.973153345299162
U,A,756,6.34022091683939
U,A,757,5.405514517674907
U,A,758,5.545512848693489
U,A,759,6.695802220954783
U,A,760,6.003615850782326
U,A,761,6.518518183585512
U,A,762,6.059688386204141
U,A,763,6.850916041140115
U,A,764,6.831125880629058
U,A,765,6.5420157228176095
U,A,766,6.37647336839905
U,A,767,6.688268645975957
U,A,768,5.114397290363431
U,A,769,4.975838854642669
U,A,770,5.548707277040248
U,A,771,4.650009043448912
U,A,772,4.82925900102799
U,A,773,5.39889229178643
U,A,774,4.681713047808679
U,A,775,5.23485578019599
U,A,776,6.083026071784522
U,A,777,6.236208486918652
U,A,778,6.087673317474097
U,A,779,6.719735180565677
U,A,780,6.827034031681731
U,A,781,6.3069900847478
U,A,782,6.7025166844578346
U,A,783,6.058252946557706
U,A,784,6.192691570847151
U,A,785,6.907202137097092
U,A,786,5.827451274993917
U,A,787,6.486758795692751
U,A,788,6.686152680081542
U,A,789,6.612702266356418
U,A,790,6.0548447742291245
U,A,791,6.241497601211932
U,A,792,2.7575169331328038
U,A,793,6.150332916248708
U,A,794,5.723709204302632
U,A,795,6.385881647012752
U,A,796,6.1880141006106
U,A,797,6.103768105535796
U,A,798,6.215657254098146
U,A,799,5.39725515138691
U,A,800,5.978200890772484
U,A,801,5.707109485109238
U,A,802,5.409533140540163
U,A,803,6.114029695641632
U,A,804,5.77715665028434
U,A,805,5.248702037562988
U,A,806,5.624390365259442
U,A,807,5.419255271831152
U,A,808,5.374075696590772
U,A,809,6.183983512887304
U,A,810,5.637256378050011
U,A,811,5.5871217358615946
U,A,812,6.011890372486162
U,A,813,6.221176254004052
U,A,814,5.5955241862272125
U,A,815,5.233143705176978
U,A,816,5.730279144315991
U,A,817,6.105020809300563
U,A,818,6.183863374517524
U,A,819,5.475652331288336
U,A,820,2.5098551506460063
U,A,821,5.538724470527262
U,A,822,5.7865264368876135
U,A,823,5.912555337317466
U,A,824,5.891850758205101
U,A,825,6.046997918884719
U,A,826,6.199570320427974
U,A,827,6.174809435716344
U,A,828,5.569056161795151
U,A,829,5.677228112037774
U,A,830,5.413872950160801
U,A,831,6.13281441411252
U,A,832,6.125877757808734
U,A,833,5.105603638569829
U,A,834,6.222535921569137
U,A,835,5.548349259139824
U,A,836,5.726183985879911
U,A,837,5.83851061692118
U,A,838,5.827239209956522
U,A,839,6.245980845296959
U,A,840,6.04281189780985
U,A,841,5.6107224908705495
U,A,842,6.207450852183989
U,A,843,6.156500343691371
U,A,844,6.251338983285873
U,A,845,6.301439895434042
U,A,846,5.550631632444308
U,A,847,6.2325055906262
U,A,848,6.042606000913215
U,A,849,5.804869602305742
U,A,850,6.017001167820289
U,A,851,6.0463476624328525
U,A,852,6.3091400876942885
U,A,853,5.618893626217608
U,A,854,5.490713094925991
U,A,855,6.217633673810506
U,A,856,5.575535849996888
U,A,857,5.940496770500023
U,A,858,6.150593289748072
U,A,859,5.699486637699501
U,A,860,5.245486676995212
U,A,861,5.71338926097128
U,A,862,6.012685800349392
U,A,863,5.480110974650173
U,A,864,5.521292963784457
U,A,865,5.462138398779557
U,A,866,6.397733357144244
U,A,867,6.346187544975002
U,A,868,6.417145317691683
U,A,869,6.377810371134389
U,A,870,6.255979335426873
U,A,871,6.10417399730346
U,A,872,5.874378243059271
U,A,873,5.682140838258686
U,A,874,5.765727336184432
U,A,875,6.024951351973008
U,A,876,5.436847360407915
U,A,877,5.652233110154482
U,A,878,6.380591222784504
U,A,879,5.737313065290537
U,A,880,6.234934547539294
U,A,881,6.336067435117881
U,A,882,5.964629710156672
U,A,883,6.019673079811385
U,A,884,4.960808403947715
U,A,885,5.995910423485536
U,A,886,5.931930549508039
U,A,887,5.890464048023752
U,A,888,5.637666639032384
U,A,889,6.18568620771924
U,A,890,5.0195618843180325
U,A,891,5.556385012205114
U,A,892,5.383924317277759
U,A,893,5.692045534340948
U,A,894,5.67828529466901
U,A,895,5.085483176267739
U,A,896,5.680535919977131
U,A,897,5.258883735471759
U,A,898,5.0777661011645225
U,A,899,5.664268365017909
U,A,900,5.172012388574483
U,A,901,6.2147634812397206
U,A,902,5.694120302930024
U,A,903,6.121622981872799
U,A,904,6.017101079937388
U,A,905,5.571353810606497
U,A,906,5.413615175954432
U,A,907,5.193601800995234
U,A,908,5.247491469527515
U,A,909,5.761146338486689
U,A,910,5.023735171674323
U,A,911,5.829719359558102
U,A,912,5.464279647276182
U,A,913,6.218635388441921
U,A,914,4.646978467023806
U,A,915,5.990050940799685
U,A,916,4.988175418042452
U,A,917,5.124724779514501
U,A,918,5.136867048210567
U,A,919,5.965215627105118
U,A,920,6.255625310659754
U,A,921,6.05440484981612
U,A,922,5.8983187225298455
U,A,923,5.0940782400699325
U,A,924,5.114653983033818
U,A,925,5.675350913229419
U,A,926,5.36238075047795
U,A,927,5.262696893072996
U,A,928,5.258291031881251
U,A,929,6.1927769915464905
U,A,930,5.023995751341751
U,A,931,5.191064318456591
U,A,932,6.225916507389513
U,A,933,5.189224948600738
U,A,934,5.437525891605079
U,A,935,6.122154707469248
U,A,936,5.738850369516025
U,A,937,5.502853566023072
U,A,938,5.390909885181308
U,A,939,6.464476361511738
U,A,940,5.887211289832878
U,A,941,6.134371420322082
U,A,942,5.870600157778021
U,A,943,5.720817470200113
U,A,944,5.746874546115266
U,A,945,5.763939869049651
U,A,946,6.172135884605575
U,A,947,4.993738376231814
U,A,948,5.664732521412718
U,A,949,4.595394049731477
U,A,950,5.536929299761306
U,A,951,5.2876678124789365
U,A,952,5.246893863912686
U,A,953,5.694134671381775
U,A,954,5.372036341008973
U,A,955,5.540467075581967
U,A,956,5.36865611908082
U,A,957,5.623181080972609
U,A,958,6.039174247254187
U,A,959,5.62509601055346
U,A,960,6.038042505909355
U,A,961,6.327825211687929
U,A,962,6.02742592458048
U,A,963,5.812798755849173
U,A,964,1.2608397225088808
U,A,965,5.120443320668255
U,A,966,5.798964856303682
U,A,967,5.591285157667628
U,A,968,5.587028684323602
U,A,969,5.256680106895047
U,A,970,5.440717728907423
U,A,971,6.025742558520064
U,A,972,5.411819123646866
U,A,973,5.192239832482485
U,A,974,5.287278505666007
U,A,975,5.228698917144882
U,A,976,5.692508337397273
U,A,977,5.144639552326983
U,A,978,5.623839907507264
U,A,979,5.457228937244566
U,A,980,5.141770597077726
U,A,981,5.621611164341851
U,A,982,5.988999963725922
U,A,983,5.845690711299201
U,A,984,4.992149563087141
U,A,985,5.987993768751882
U,A,986,5.115047682901977
U,A,987,5.208891158960213
U,A,988,5.177553708586971
U,A,989,5.597719803530325
U,A,990,5.840499871417185
U,A,991,5.146995336318131
U,A,992,5.336795228046065
U,A,993,5.245068383374739
U,A,994,5.273744258569286
U,A,995,5.235126108271968
U,A,996,5.362400732181921
U,A,997,5.188187895034686
U,A,998,5.221653988128015
U,A,999,5.107862902333964
U,A,1000,5.060316712649193
U,A,1001,5.4997974976128345
U,A,1002,5.602881103087766
U,A,1003,4.864864906296953
U,A,1004,5.47094364560917
U,A,1005,5.603799959620404
U,A,1006,5.435713545718186
U,A,1007,5.305762309250842
U,A,1008,5.346483934587155
U,A,1009,5.352469742606448
U,A,1010,5.552408393774192
U,A,1011,5.606009309082985
U,A,1012,5.412480026403295
U,A,1013,5.563651937248804
U,A,1014,5.284248356069706
U,A,1015,5.396102899953576
U,A,1016,5.346008706108462
U,A,1017,5.352403324717233
U,A,1018,5.124613081769073
U,A,1019,5.480725210617907
U,A,1020,5.465603796020697
U,A,1021,5.4232030538015845
U,A,1022,5.328009305970667
U,A,1023,5.412723993201505
U,A,1024,5.416707315756022
U,A,1025,5.253252099559229
U,A,1026,5.312162730564582
U,A,1027,5.530813682858949
U,A,1028,5.114639026925008
U,A,1029,5.910774944964017
U,A,1030,5.611923104725262
U,A,1031,5.856462644074752
U,A,1032,5.796769732705381
U,A,1033,5.236349622347171
U,A,1034,5.581720548526896
U,A,1035,5.493880460902678
U,A,1036,5.496732003170698
U,A,1037,5.26440862206703
U,A,1038,5.271482559033043
U,A,1039,5.565264439818248
U,A,1040,5.044087557760506
U,A,1041,5.037945782358173
U,A,1042,5.069317890015832
U,A,1043,5.005282648257652
U,A,1044,5.387547945548981
U,A,1045,4.827736448258229
U,A,1046,7.048981562199451
U,A,1047,5.528926301223822
U,A,1048,5.269924299329929
U,A,1049,6.6534791451042
U,A,1050,6.81048915985363
U,A,1051,6.825113696865185
U,A,1052,4.999794001537687
U,A,1053,6.418274174199524
U,A,1054,6.581356722530362
U,A,1055,6.488075635511534
U,A,1056,5.4175383795019725
U,A,1057,6.63611843290142
U,A,1058,5.167508578721989
U,A,1059,7.028522744842494
U,A,1060,5.311419461881949
U,A,1061,5.530024398304921
U,A,1062,6.861687358668339
U,A,1063,5.882525874268852
U,A,1064,5.619823509808151
U,A,1065,5.455157550793812
U,A,1066,5.515964234759979
U,A,1067,5.031195416329085
U,A,1068,5.547733157099831
U,A,1069,5.693694911623215
U,A,1070,5.548414663720682
U,A,1071,5.89612372958797
U,A,1072,6.583672009070933
U,A,1073,6.6153772282547685
U,A,1074,5.55657059399014
U,A,1075,6.900603175111089
U,A,1076,5.743587602698091
U,A,1077,5.71468078472059
U,A,1078,5.728475845487164
U,A,1079,5.588418307507064
U,A,1080,6.893353264022686
U,A,1081,5.278212320354293
U,A,1082,5.786027373978268
U,A,1083,5.625141467091418
U,A,1084,5.826214841561383
U,A,1085,5.73099887492505
U,A,1086,5.827587193802992
U,A,1087,6.50635389700531
U,A,1088,5.840732206172474
U,A,1089,5.061543925621504
U,A,1090,6.628509561998384
U,A,1091,5.827393252563452
U,A,1092,5.603735340863469
U,A,1093,5.363899587158578
U,A,1094,5.922632127888913
U,A,1095,5.490462897882837
U,A,1096,6.232816844605607
U,A,1097,6.103463564205216
U,A,1098,5.901989388713564
U,A,1099,5.692300850702108
U,A,1100,6.56563511501581
U,A,1101,5.803555003712458
U,A,1102,6.0176859414223935
U,A,1103,5.78835534206086
U,A,1104,6.053158473170372
U,A,1105,5.875401888099318
U,A,1106,5.494414660677525
U,A,1107,6.165487256890785
U,A,1108,6.590145591638471
U,A,1109,6.291806364940334
U,A,1110,5.998073416612136
U,A,1111,5.902703101726042
U,A,1112,5.775092556611686
U,A,1113,6.294963222991735
U,A,1114,6.4195939615241215
U,A,1115,6.628687370088232
U,A,1116,6.163951111667594
U,A,1117,6.11503501043606
U,A,1118,5.993026964652322
U,A,1119,5.696175857906669
U,A,1120,6.418954712900574
U,A,1121,5.956934178916312
U,A,1122,5.435691902270137
U,A,1123,5.891390199780861
U,A,1124,6.602958912443841
U,A,1125,4.801814277904301
U,A,1126,6.005582266373877
U,A,1127,5.717453358826436
U,A,1128,5.930568768449214
U,A,1129,4.252308262575223
U,A,1130,3.6803373576876655
U,A,1131,5.72058318917965
U,A,1132,5.666142611133018
U,A,1133,4.193759986131002
U,A,1134,3.9310440673254954
U,A,1135,4.011096389584677
U,A,1136,6.726031864176149
U,A,1137,5.9353431274029385
U,A,1138,5.794833169266738
U,A,1139,5.703190521704467
U,A,1140,6.799814572609626
U,A,1141,6.948753534949304
U,A,1142,5.817952563914812
U,A,1143,5.918107645806021
U,A,1144,5.889819809199658
U,A,1145,4.676459545395868
U,A,1146,6.264239440450301
U,A,1147,0.0
U,A,1148,0.0
U,A,1149,0.0
U,A,1150,0.0
U,A,1151,0.0
U,B,8,6.019782804828777
U,B,9,5.359390771124802
U,B,10,5.096052938680505
U,B,11,5.011418522989095
U,B,12,4.9744431315440805
U,B,13,4.964257286246228
U,B,14,5.003725809373818
U,B,15,4.778105040896172
U,B,16,4.88223904385148
U,B,17,5.079695861085535
U,B,18,4.951846141284829
U,B,19,5.156840547339304
U,B,20,5.056677836283774
U,B,21,4.851874243169331
U,B,22,5.530260203563024
U,B,23,5.705381110682157
U,B,24,5.477124808765991
U,B,25,4.754077660558793
U,B,26,5.587393248104697
U,B,27,5.475654916616814
U,B,28,5.809593671341277
U,B,29,5.823177471733874
U,B,30,5.595061844975109
U,B,31,5.595724254234801
U,B,32,5.913854008433884
U,B,33,3.647693481779328
U,B,34,6.036966698424514
U,B,35,5.82694831736549
U,B,36,6.061395775659802
U,B,37,5.8457854988049816
U,B,38,6.191717506785296
U,B,39,6.038202839278407
U,B,40,6.211122466253518
U,B,41,5.554228838078808
U,B,42,6.183235572408575
U,B,43,6.181126244233343
U,B,44,6.318821864603621
U,B,45,6.226508300315324
U,B,46,5.994542582384992
U,B,47,6.130180568316183
U,B,48,5.638214309422955
U,B,49,6.115936866190516
U,B,50,6.088173539717359
U,B,51,5.815823553140879
U,B,52,6.104426585140736
U,B,53,5.68962390194337
U,B,54,6.143345127128078
U,B,55,6.190233523976622
U,B,56,5.979158617068729
U,B,57,5.894718847094704
U,B,58,6.0817665735941056
U,B,59,5.74852773739197
U,B,60,5.858779021644031
U,B,61,6.083423841465009
U,B,62,5.93993693518748
U,B,63,5.370895936197639
U,B,64,5.700771259626233
U,B,65,6.003945291659987
U,B,66,5.927981545218843
U,B,67,5.834874504854683
U,B,68,5.200695650636093
U,B,69,5.733412465016798
U,B,70,5.966216741200652
U,B,71,6.057006171266842
U,B,72,5.869320971421216
U,B,73,5.958256730985757
U,B,74,5.703758630518979
U,B,75,5.738090638513164
U,B,76,5.980544190937411
U,B,77,5.854317551172088
U,B,78,5.5830196749713705
U,B,79,5.966838975551397
U,B,80,5.601641334777711
U,B,81,5.987262807158527
U,B,82,5.992005267520621
U,B,83,5.805990770515927
U,B,84,6.065440204498186
U,B,85,5.721085267530222
U,B,86,5.989686335022634
U,B,87,5.939901971389777
U,B,88,6.054013721821183
U,B,89,6.130984903687161
U,B,90,6.236184541017416
U,B,91,6.288643481850034
U,B,92,5.787626283546575
U,B,93,6.405829197643515
U,B,94,6.162572001608742
U,B,95,6.017338201045581
U,B,96,6.08891145215479
U,B,97,5.936631578821967
U,B,98,6.110910128228733
U,B,99,6.173877857465843
U,B,100,5.98308438786933
U,B,101,6.540090061624274
U,B,102,6.276222003897972
U,B,103,5.942271852146953
U,B,104,6.020459611761592
U,B,105,5.543833708997632
U,B,106,6.32823054625895
U,B,107,6.318185981047497
U,B,108,7.070928479717362
U,B,109,6.635853539088876
U,B,110,6.041088571290235
U,B,111,5.476006129122863
U,B,112,6.212258115001963
U,B,113,5.04728392384393
U,B,114,6.51030211085537
U,B,115,5.220444387320334
U,B,116,6.2187983133233145
U,B,117,5.393866735237779
U,B,118,6.301264298127967
U,B,119,6.342603302374027
U,B,120,6.395003768355847
U,B,121,6.701404642328253
U,B,122,5.695634923297752
U,B,123,5.331436029665341
U,B,124,5.420517336866333
U,B,125,5.462816506188928
U,B,126,5.387493968791908
U,B,127,5.150797746936689
U,B,128,5.201407130233923
U,B,129,5.3459210773435215
U,B,130,5.061127340587559
U,B,131,5.367728332477003
U,B,132,5.602633798457696
U,B,133,5.628773858191893
U,B,134,5.581602141317503
U,B,135,5.650222928425239
U,B,136,5.495042190603034
U,B,137,5.637624786423543
U,B,138,5.832737517460659
U,B,139,5.896602516051717
U,B,140,5.771628631961298
U,B,141,5.756161061303522
U,B,142,5.567741879342991
U,B,143,5.600896922622569
U,B,144,5.4899541181942855
U,B,145,5.743101822146596
U,B,146,5.849800124437586
U,B,147,5.721942176264225
U,B,148,5.7589940262798205
U,B,149,5.546303888303386
U,B,150,5.631768749976165
U,B,151,5.456570191161147
U,B,152,5.364837227417544
U,B,153,5.551589142669693
U,B,154,5.4343406932027865
U,B,155,5.552704146962711
U,B,156,5.725331902307348
U,B,157,5.802319609437396
U,B,158,5.6472352650496624
U,B,159,5.649720788919411
U,B,160,5.819839370397093
U,B,161,5.781177997505015
U,B,162,5.781160810217448
U,B,163,5.683341646689357
U,B,164,5.660898181845852
U,B,165,5.851260703256574
U,B,166,5.7309876313263
U,B,167,5.555511242327796
U,B,168,5.514639921913403
U,B,169,5.557446608259617
U,B,170,5.60581648138238
U,B,171,5.7874116599138326
U,B,172,5.450976774527795
U,B,173,5.364278769666437
U,B,174,5.772058511000288
U,B,175,5.406589245867203
U,B,176,5.374199447884537
U,B,177,5.302144785119164
U,B,178,5.376202697518275
U,B,179,5.518014006558473
U,B,180,5.383806033138293
U,B,181,5.1604049192708
U,B,182,5.605595024546649
U,B,183,5.829782817806605
U,B,184,6.008021541633488
U,B,185,5.702817101824063
U,B,186,5.540537398534034
U,B,187,5.331069758686732
U,B,188,5.4512235117996495
U,B,189,5.68470649757501
U,B,190,5.217530967021942
U,B,191,5.785023023641055
U,B,192,5.849741256724072
U,B,193,5.462047099620358
U,B,194,5.718658987676007
U,B,195,5.673190990698497
U,B,196,5.456000343431963
U,B,197,5.643299430668759
U,B,198,5.256861617231331
U,B,199,5.258644476170503
U,B,200,5.272644479893637
U,B,201,5.296585092438401
U,B,202,5.3197755189073215
U,B,203,5.44072744479016
U,B,204,5.070021883178084
U,B,205,5.0892909224535146
U,B,206,5.106297447418786
U,B,207,5.294514156345713
U,B,208,5.185242770063128
U,B,209,5.481029167511256
U,B,210,5.495610875565075
U,B,211,5.096093484313131
U,B,212,5.5266279675628045
U,B,213,5.219564800460512
U,B,214,5.558344538770613
U,B,215,5.609567670819251
U,B,216,5.574586288778531
U,B,217,5.215069892830641
U,B,218,5.847300322084421
U,B,219,5.771309798252079
U,B,220,5.659782482253126
U,B,221,5.729719739982086
U,B,222,5.505250453783166
U,B,223,5.286763122713709
U,B,224,5.585656456962779
U,B,225,6.530078576201131
U,B,226,5.611795797697233
U,B,227,5.365805743594973
U,B,228,5.553690723626226
U,B,229,5.691785873159412
U,B,230,5.651894867719393
U,B,231,5.736514906127369
U,B,232,6.401597686056332
U,B,233,5.350137827472249
U,B,234,5.472753736308246
U,B,235,5.656439284515554
U,B,236,5.588632794641419
U,B,237,5.799619850049684
U,B,238,6.71828145783576
U,B,239,5.650179805308388
U,B,240,5.458115995213493
U,B,241,5.622131892506263
U,B,242,5.759960293092001
U,B,243,5.541805383798235
U,B,244,5.876130557551965
U,B,245,5.71431504074549
U,B,246,5.298158714968631
U,B,247,5.555271909745796
U,B,248,5.624505079392742
U,B,249,5.794757115382303
U,B,250,5.64626573148436
U,B,251,5.707302060826166
U,B,252,5.633199647439426
U,B,253,5.635654155266061
U,B,254,5.77806842258026
U,B,255,5.526438825628087
U,B,256,5.85224966796422
U,B,257,5.638921000368811
U,B,258,5.602430546055782
U,B,259,5.834892820160123
U,B,260,5.392610071412263
U,B,261,5.369932911388784
U,B,262,5.788409026911234
U,B,263,5.431416047276545
U,B,264,5.481156277339304
U,B,265,5.5868292322727005
U,B,266,5.769723220081892
U,B,267,5.698603380176748
U,B,268,5.635248588173685
U,B,269,5.575623716751865
U,B,270,5.690855761088981
U,B,271,5.587720815886199
U,B,272,5.7228956230441455
U,B,273,5.829021363228547
U,B,274,5.5537246050171385
U,B,275,5.996023577626804
U,B,276,5.741559174999371
U,B,277,5.520605385188446
U,B,278,5.6134210968143305
U,B,279,5.773875861270005
U,B,280,5.733847709600861
U,B,281,5.557343830746461
U,B,282,5.671810784532133
U,B,283,5.661657307361599
U,B,284,6.066442861638446
U,B,285,5.591595915969821
U,B,286,5.660283680680218
U,B,287,5.609521567506829
U,B,288,6.075121184914012
U,B,289,5.866944175953257
U,B,290,5.846766317825021
U,B,291,5.770246321961999
U,B,292,5.838583627663586
U,B,293,5.637925281821135
U,B,294,5.707142355759582
U,B,295,5.689680917539976
U,B,296,5.696272313522712
U,B,297,5.800174891517612
U,B,298,5.720019771082996
U,B,299,5.6661327165275575
U,B,300,6.8828289434857535
U,B,301,5.803644839750337
U,B,302,5.474740757868821
U,B,303,5.586407055847846
U,B,304,5.964663996134897
U,B,305,5.932351501573203
U,B,306,5.929670579248522
U,B,307,5.726968545611558
U,B,308,5.789012725700689
U,B,309,5.7793601295694765
U,B,310,5.8335602955631165
U,B,311,5.651479276775616
U,B,312,5.771424024954543
U,B,313,6.017322549578127
U,B,314,6.073578616517542
U,B,315,5.610920109583455
U,B,316,5.484979298374235
U,B,317,5.674821200121373
U,B,318,5.555128404609342
U,B,319,5.663243895549957
U,B,320,6.914144698514154
U,B,321,5.752797536268302
U,B,322,5.414659238299468
U,B,323,5.132506898703801
U,B,324,5.535118161110899
U,B,325,5.186349941484705
U,B,326,5.5428278190304425
U,B,327,5.060031409063115
U,B,328,4.289170235191805
U,B,329,5.340589709013302
U,B,330,5.1517514961695055
U,B,331,4.885215811184665
U,B,332,4.776124900079236
U,B,333,4.9804566370703895
U,B,334,5.145254119393117
U,B,335,4.868342883957426
U,B,336,5.680963169865704
U,B,337,5.9152114849430255
U,B,338,5.617629068270944
U,B,339,5.710143347278212
U,B,340,5.559829668726585
U,B,341,5.762868007019204
U,B,342,5.626643726616348
U,B,343,5.691747552245799
U,B,344,5.744350021028697
U,B,345,5.883274590563545
U,B,346,5.917819182938911
U,B,347,5.92374216900753
U,B,348,6.090633130794343
U,B,349,6.185118549853355
U,B,350,5.616103526418019
U,B,351,5.7487721540625385
U,B,352,6.07915664823216
U,B,353,5.794287893451775
U,B,354,5.353608934901466
U,B,355,5.814391737210752
U,B,356,5.666922573056462
U,B,357,5.437642250651604
U,B,358,5.534976348539692
U,B,359,5.47169195278794
U,B,360,5.526404458779303
U,B,361,5.608734883061206
U,B,362,5.360576039117451
U,B,363,5.5211721038000725
U,B,364,5.701892670749609
U,B,365,5.911651225620321
U,B,366,5.575127456420239
U,B,367,5.929889154389679
U,B,368,5.683362598906905
U,B,369,5.161854887390772
U,B,370,4.591726043753041
U,B,371,4.63570462247205
U,B,372,4.724056404748777
U,B,373,4.4509635381779935
U,B,374,4.328634888368053
U,B,375,3.423323021968061
U,B,376,6.6316516578298526
U,B,377,5.8119924189889485
U,B,378,6.001720590512068
U,B,379,5.887589231999146
U,B,380,5.8850667965209125
U,B,381,6.101857636361649
U,B,382,5.71951245071421
U,B,383,5.6865747964114215
U,B,384,5.470821809378294
U,B,385,5.751755258603922
U,B,386,5.727798588266534
U,B,387,5.48106042055643
U,B,388,5.634496059542857
U,B,389,5.85787381130359
U,B,390,5.913868952873441
U,B,391,5.761244730507227
U,B,392,5.644087497813268
U,B,393,6.04276697477174
U,B,394,5.810885364945114
U,B,395,5.937251158537478
U,B,396,5.708604366353776
U,B,397,5.805116998300568
U,B,398,5.7425481294467495
U,B,399,5.6211018730043465
U,B,400,5.205442264636273
U,B,401,6.168727550812515
U,B,402,5.877155727170412
U,B,403,5.943877300556846
U,B,404,5.957761752025233
U,B,405,5.476978751296641
U,B,406,5.572308615312895
U,B,407,5.574781709491799
U,B,408,5.86995588416086
U,B,409,5.494891759596999
U,B,410,5.8466390398090375
U,B,411,5.416175083833678
U,B,412,5.59201475877308
U,B,413,5.705778405338463
U,B,414,5.783601752519297
U,B,415,5.478674897378668
U,B,416,5.646878996300573
U,B,417,5.913228617087545
U,B,418,5.447089292000829
U,B,419,5.686223453669475
U,B,420,6.030897511226841
U,B,421,5.388765104481552
U,B,422,5.300066764863564
U,B,423,5.738190327216093
U,B,424,5.36655115362854
U,B,425,5.87324470347677
U,B,426,5.587616640547839
U,B,427,5.728211195235085
U,B,428,5.737967104895088
U,B,429,5.848556145916686
U,B,430,5.5099783145044094
U,B,431,5.6359892363486574
U,B,432,5.16715977456527
U,B,433,5.921597817997465
U,B,434,5.775746133447746
U,B,435,5.595778539468152
U,B,436,5.644596625619963
U,B,437,5.562142330958505
U,B,438,5.629425311168581
U,B,439,5.839745192772473
U,B,440,5.959509515472791
U,B,441,5.963439658357821
U,B,442,5.869821593465013
U,B,443,5.920053862648806
U,B,444,5.540266431120702
U,B,445,6.024024556699788
U,B,446,5.9115986965515805
U,B,447,5.076849425264171
U,B,448,5.769853067309195
U,B,449,5.534526324883291
U,B,450,5.570017293682717
U,B,451,5.646351201482928
U,B,452,5.829635626375281
U,B,453,5.349794844342993
U,B,454,5.966089370281719
U,B,455,5.29157467011352
U,B,456,5.313236731696093
U,B,457,5.477542955511318
U,B,458,5.396024794185276
U,B,459,5.765513881776687
U,B,460,5.224078842953168
U,B,461,5.345620695379288
U,B,462,5.3260585669162746
U,B,463,5.545965712830745
U,B,464,5.925003043957654
U,B,465,5.645480359689964
U,B,466,5.667715245098647
U,B,467,6.033409828097061
U,B,468,5.73418336190849
U,B,469,5.561140945339421
U,B,470,5.414047240291997
U,B,471,5.748704212063683
U,B,472,5.760792410603358
U,B,473,5.802476323737396
U,B,474,6.08679573663384
U,B,475,5.388929049334241
U,B,476,5.1710824628983625
U,B,477,5.634428265420243
U,B,478,5.611344039811488
U,B,479,5.47738624827542
U,B,480,6.035865983404799
U,B,481,5.951882435714243
U,B,482,5.130760979740921
U,B,483,5.301410207755252
U,B,484,5.854634692787085
U,B,485,5.573263458229535
U,B,486,5.33465434377724
U,B,487,5.424782287391329
U,B,488,5.543925555899569
U,B,489,5.33129583855701
U,B,490,5.783441112185018
U,B,491,5.231468964672938
U,B,492,5.358163095207135
U,B,493,5.18303898832506
U,B,494,5.674613770279044
U,B,495,5.466355802552875
U,B,496,5.871672222752886
U,B,497,4.682453802489115
U,B,498,5.637042613920969
U,B,499,5.769885624688059
U,B,500,5.855170882198222
U,B,501,5.547060481557304
U,B,502,4.485260705378679
U,B,503,5.311141926711782
U,B,504,5.394945101577134
U,B,505,5.714361161599574
U,B,506,5.769814238923348
U,B,507,5.853331078914103
U,B,508,5.3285250031504985
U,B,509,5.686172263944576
U,B,510,5.08698147659094
U,B,511,5.256014279716304
U,B,512,5.439717986534141
U,B,513,5.757804626384393
U,B,514,5.850170038107319
U,B,515,5.601251441591525
U,B,516,5.604570975477661
U,B,517,5.978156182626868
U,B,518,5.405113171991007
U,B,519,5.307601445750013
U,B,520,5.641901584860452
U,B,521,5.996842013305984
U,B,522,5.414435500785017
U,B,523,5.557565184462942
U,B,524,5.416660573156217
U,B,525,5.253808609484793
U,B,526,5.347989621785993
U,B,527,5.422675539156648
U,B,528,5.856374919669872
U,B,529,5.386915516855968
U,B,530,5.411437466432866
U,B,531,5.645600208363216
U,B,532,5.777203434232918
U,B,533,5.441904536625943
U,B,534,5.588447796457936
U,B,535,6.009758199328743
U,B,536,6.100353878515766
U,B,537,5.827520904358401
U,B,538,5.8488694283653695
U,B,539,5.960255112975409
U,B,540,5.919839043228464
U,B,541,5.9894036314570265
U,B,542,5.832672305045247
U,B,543,5.739133697523197
U,B,544,6.401870986598422
U,B,545,6.499068670942115
U,B,546,6.063566062765608
U,B,547,6.24069255355675
U,B,548,6.257749090956841
U,B,549,6.073632307909671
U,B,550,6.343622641506616
U,B,551,5.696804006148917
U,B,552,5.645971394266157
U,B,553,5.860232517706389
U,B,554,6.016051313405994
U,B,555,5.925928063603505
U,B,556,5.84999346923657
U,B,557,5.872096289817128
U,B,558,5.808417503375677
U,B,559,5.931624312222332
U,B,560,5.485228420398597
U,B,561,5.555288087734291
U,B,562,5.650958448350551
U,B,563,5.915563160589846
U,B,564,5.949229140721983
U,B,565,5.905734469833202
U,B,566,6.354022093571543
U,B,567,6.0615748220073655
U,B,568,6.167075621466213
U,B,569,6.275628402886136
U,B,570,6.222647702810993
U,B,571,6.347202219974556
U,B,572,6.406660178503901
U,B,573,6.210562703785321
U,B,574,5.709933616772728
U,B,575,6.246497952572836
U,B,576,6.139765289839505
U,B,577,5.7646804378056204
U,B,578,6.043521085237783
U,B,579,6.063845283336644
U,B,580,5.627751998352423
U,B,581,5.904652308250745
U,B,582,6.006439805790522
U,B,583,5.694782507168815
U,B,584,5.816114825004984
U,B,585,6.155866904747431
U,B,586,6.037616034330629
U,B,587,6.017447535465299
U,B,588,6.0977810422694585
U,B,589,5.497748421289044
U,B,590,5.80762410993031
U,B,591,5.80062187641554
U,B,592,5.850845944228551
U,B,593,5.575503040108648
U,B,594,5.498416631345291
U,B,595,5.661720375782967
U,B,596,5.843647763708942
U,B,597,6.197018982857645
U,B,598,6.0995138737923895
U,B,599,5.850003110947002
U,B,600,6.017757549337696
U,B,601,6.211994998822867
U,B,602,6.148509096542243
U,B,603,6.091519302011425
U,B,604,5.885483132648482
U,B,605,6.009804908772309
U,B,606,5.611023672226112
U,B,607,6.025928375350575
U,B,608,5.759850070901583
U,B,609,5.815412534751305
U,B,610,5.652896687030591
U,B,611,5.699781496189042
U,B,612,5.859726683520553
U,B,613,5.804306788999389
U,B,614,5.8495856591618125
U,B,615,5.7948719237416295
U,B,616,5.824829847726618
U,B,617,5.805159778686249
U,B,618,5.802181697256196
U,B,619,5.950341086561849
U,B,620,5.674572980264994
U,B,621,5.609739895294686
U,B,622,5.6642702884269465
U,B,623,6.223257060719341
U,B,624,5.568309831621807
U,B,625,5.790043351800558
U,B,626,5.456839451326006
U,B,627,5.463780122922931
U,B,628,5.902162075416429
U,B,629,6.040600699285334
U,B,630,6.249674329617021
U,B,631,6.637877696861846
U,B,632,6.332702091573598
U,B,633,5.167578303107094
U,B,634,5.503903975120042
U,B,635,5.472078506299537
U,B,636,6.062362182578469
U,B,637,5.167832086155495
U,B,638,6.021877156456998
U,B,639,6.40118366697502
U,B,640,6.013315699588524
U,B,641,5.782693736359462
U,B,642,5.987963152540523
U,B,643,5.980455821918233
U,B,644,5.6348320428501975
U,B,645,6.093384191795008
U,B,646,5.845427246484136
U,B,647,5.855556076405674
U,B,648,5.763204477069491
U,B,649,5.829853402166569
U,B,650,5.76298400616811
U,B,651,5.844933218523786
U,B,652,6.430386360063012
U,B,653,5.53362664120367
U,B,654,5.579346584788137
U,B,655,5.643314812076081
U,B,656,5.690641451045492
U,B,657,5.518165140663084
U,B,658,5.5665010347440775
U,B,659,5.580033774562314
U,B,660,5.77645838051094
U,B,661,5.916284413886032
U,B,662,5.670333387099683
U,B,663,5.571598828216104
U,B,664,5.195406856222371
U,B,665,6.052235749745464
U,B,666,6.246079748893245
U,B,667,6.1830981712727455
U,B,668,5.766528614899597
U,B,669,5.59215256716889
U,B,670,5.557300978224008
U,B,671,5.587528707791849
U,B,672,5.73556509704101
U,B,673,5.735713832910121
U,B,674,5.71954472543789
U,B,675,5.68759569508421
U,B,676,5.785328942556099
U,B,677,6.791706358172543
U,B,678,5.385702442385734
U,B,679,5.529531862192815
U,B,680,5.633255986385567
U,B,681,5.4750570803604655
U,B,682,5.467710095166821
U,B,683,5.829916213784336
U,B,684,5.580871416022558
U,B,685,5.694435252471123
U,B,686,5.5317014230728985
U,B,687,5.671323956079356
U,B,688,5.764327557459931
U,B,689,5.741290019451886
U,B,690,5.719429945740819
U,B,691,5.702389803055378
U,B,692,5.762846559775731
U,B,693,5.738567966338231
U,B,694,5.598338396797886
U,B,695,5.16225164422407
U,B,696,5.564388949722826
U,B,697,5.789409548929134
U,B,698,6.2960501211798725
U,B,699,6.228545698802699
U,B,700,5.725290882814244
U,B,701,5.781986641237599
U,B,702,5.724259128150898
U,B,703,5.636481106763257
U,B,704,5.777019715661773
U,B,705,5.856591203524252
U,B,706,6.019132539734076
U,B,707,5.80849603783102
U,B,708,6.132327230673376
U,B,709,5.794906578735939
U,B,710,5.753601324645455
U,B,711,5.776611331992917
U,B,712,5.596842823613182
U,B,713,5.731759002613737
U,B,714,5.77964592089955
U,B,715,5.43647907219396
U,B,716,5.756606397980819
U,B,717,5.820713794970395
U,B,718,5.5870187343712585
U,B,719,5.94534367145688
U,B,720,5.606510427003749
U,B,721,5.540013361844047
U,B,722,5.748442597862373
U,B,723,5.635203079304026
U,B,724,5.606297612343369
U,B,725,6.107806671422221
U,B,726,5.731782022675535
U,B,727,5.772479545197779
U,B,728,5.6952355447780025
U,B,729,5.689519325889707
U,B,730,5.988409977533729
U,B,731,5.762089080397921
U,B,732,5.551261677523315
U,B,733,5.515503711393254
U,B,734,5.388276092874071
U,B,735,5.646892534550475
U,B,736,5.437915525518765
U,B,737,5.762796648589455
U,B,738,5.948035330966638
U,B,739,6.014759345608982
U,B,740,6.026786702259242
U,B,741,5.881681045607982
U,B,742,5.775628447981012
U,B,743,5.69528254835531
U,B,744,5.804674212858568
U,B,745,5.578475779976511
U,B,746,5.852108570035338
U,B,747,5.81652740166343
U,B,748,5.579952122462851
U,B,749,5.615861331943441
U,B,750,5.677272779451503
U,B,751,6.010417464302168
U,B,752,5.742460833787476
U,B,753,5.621101540255208
U,B,754,5.6933952691395096
U,B,755,5.815463707001965
U,B,756,5.84037198084956
U,B,757,5.997509898014844
U,B,758,5.842513057468093
U,B,759,5.77605139759349
U,B,760,5.824673514213972
U,B,761,6.136928221967035
U,B,762,5.867067633283998
U,B,763,5.744421282461491
U,B,764,5.818916701584363
U,B,765,6.088723342157654
U,B,766,5.950192559732641
U,B,767,5.848095374197384
U,B,768,5.840686588649482
U,B,769,5.77926983499278
U,B,770,5.811620606450284
U,B,771,5.915975133275329
U,B,772,5.885005681544748
U,B,773,6.09814235351191
U,B,774,5.9303441493840365
U,B,775,5.64291246125221
U,B,776,5.78351483833525
U,B,777,5.839325673715091
U,B,778,5.83867228053408
U,B,779,6.040723481469917
U,B,780,5.9276905512637175
U,B,781,5.949711430127247
U,B,782,5.970991454584479
U,B,783,6.198888944250052
U,B,784,5.8800526181904536
U,B,785,5.77354902451747
U,B,786,5.988791835301607
U,B,787,5.812201934443544
U,B,788,5.934571798257132
U,B,789,5.924357674543245
U,B,790,6.031769866166162
U,B,791,6.162031416265116
U,B,792,6.073881551211033
U,B,793,6.07205038333795
U,B,794,6.228920893266072
U,B,795,6.0058389808221655
U,B,796,6.29429387492338
U,B,797,6.226833464222278
U,B,798,5.983547425677101
U,B,799,6.37674148985888
U,B,800,6.3394947273052304
U,B,801,6.246697798963095
U,B,802,6.112557879648079
U,B,803,6.130756894103493
U,B,804,6.12563031666751
U,B,805,5.908387924309511
U,B,806,6.38602394230373
U,B,807,6.270522368669807
U,B,808,6.125088813540964
U,B,809,6.164318200445494
U,B,810,6.1584651084354185
U,B,811,6.246324910974927
U,B,812,6.299732562493082
U,B,813,6.340804840255651
U,B,814,6.246018223776954
U,B,815,6.009990220710226
U,B,816,6.040812825056685
U,B,817,6.185767007588148
U,B,818,6.285831212581599
U,B,819,6.476314898408774
U,B,820,6.260118337406661
U,B,821,6.298115020581738
U,B,822,6.397858327556734
U,B,823,6.519174989911467
U,B,824,6.509007106603513
U,B,825,6.417461261716218
U,B,826,6.14919594108448
U,B,827,6.094540653744861
U,B,828,6.505642084098168
U,B,829,6.4678342432792135
U,B,830,6.430126999759789
U,B,831,6.353512925492919
U,B,832,6.435637394468467
U,B,833,6.306179022765393
U,B,834,6.186444723918143
U,B,835,6.382070839350649
U,B,836,6.426478926162668
U,B,837,6.23886849526925
U,B,838,6.344533873536295
U,B,839,6.399635636423861
U,B,840,6.416794112257499
U,B,841,6.458215226241705
U,B,842,6.400180704079618
U,B,843,6.307693956799533
U,B,844,6.233891814346994
U,B,845,6.345372245830189
U,B,846,6.385084975967287
U,B,847,7.182202243890794
U,B,848,6.420808035538259
U,B,849,5.891758317287936
U,B,850,6.346149694091108
U,B,851,6.4209086330374525
U,B,852,6.322342091744883
U,B,853,6.39116389488393
U,B,854,6.215693939059505
U,B,855,3.82867688451036
U,B,856,6.519695634836847
U,B,857,5.907183768798039
U,B,858,6.389730918343194
U,B,859,6.384907119323614
U,B,860,6.383524061424051
U,B,861,6.579882040613319
U,B,862,6.395240713063503
U,B,863,6.393406637193668
U,B,864,6.397289757373451
U,B,865,6.288727682752282
U,B,866,6.494137044579101
U,B,867,6.547228765105918
U,B,868,6.337986512938936
U,B,869,6.39067167104476
U,B,870,6.340707466990831
U,B,871,6.344371506069648
U,B,872,6.232457328645871
U,B,873,6.517768272896896
U,B,874,6.576354378933218
U,B,875,6.558460811915404
U,B,876,6.4287749682837925
U,B,877,6.44965014450784
U,B,878,6.169722926961947
U,B,879,6.198714492939356
U,B,880,6.314780852806059
U,B,881,6.292641694326155
U,B,882,6.172252043751309
U,B,883,6.360132129643251
U,B,884,6.377725076217646
U,B,885,6.374426331788395
U,B,886,6.388488653766433
U,B,887,6.420983956821133
U,B,888,6.465808058954049
U,B,889,6.595700375858294
U,B,890,6.175829745890554
U,B,891,6.366692937537578
U,B,892,6.466932981616733
U,B,893,6.461028187670327
U,B,894,6.454671858618498
U,B,895,6.384286726634651
U,B,896,6.3588696353230905
U,B,897,6.336799072334233
U,B,898,6.438809888502589
U,B,899,6.448815932596111
U,B,900,6.476218405466593
U,B,901,6.437296146182272
U,B,902,6.533388894649827
U,B,903,6.395514723804719
U,B,904,6.498517830235221
U,B,905,6.387734818061031
U,B,906,6.385090336950336
U,B,907,6.2667674922954895
U,B,908,6.346497627413922
U,B,909,6.41370312357052
U,B,910,6.4288158532514
U,B,911,6.321424827057476
U,B,912,6.21049213129537
U,B,913,6.365961792480333
U,B,914,6.470326856105651
U,B,915,6.399369004386571
U,B,916,6.301955995924751
U,B,917,6.225383569355883
U,B,918,6.333488543958065
U,B,919,6.442376209812161
U,B,920,6.467108083011501
U,B,921,6.351493171252916
U,B,922,6.242598424375574
U,B,923,6.383957324506149
U,B,924,6.271359867781311
U,B,925,6.376868130320505
U,B,926,6.268315405146886
U,B,927,6.369897169866891
U,B,928,6.452446949072586
U,B,929,6.4506270106301065
U,B,930,6.482707043385768
U,B,931,6.496296994514244
U,B,932,6.395572928863046
U,B,933,6.062749386053612
U,B,934,6.451778200870464
U,B,935,6.524794852203476
U,B,936,6.3880401277057794
U,B,937,6.345983739705071
U,B,938,6.302868565042497
U,B,939,6.268650210508411
U,B,940,6.282689270478629
U,B,941,6.352208572767088
U,B,942,6.359263870599343
U,B,943,6.416840341856165
U,B,944,6.449023026328589
U,B,945,6.39049157030637
U,B,946,6.294670263912068
U,B,947,6.263069976676987
U,B,948,6.549642159396267
U,B,949,6.434076910219513
U,B,950,6.3096274348223975
U,B,951,6.236431227937756
U,B,952,6.330826007929637
U,B,953,6.391739127379799
U,B,954,6.504170655899381
U,B,955,6.547368140094253
U,B,956,6.470141678138677
U,B,957,6.601013085579775
U,B,958,6.494887662819192
U,B,959,6.274100765959783
U,B,960,6.267625915437506
U,B,961,6.3312677249457225
U,B,962,6.396992412621632
U,B,963,6.328665031875871
U,B,964,6.293397524059385
U,B,965,6.24190800447812
U,B,966,6.365866843997349
U,B,967,6.736547130103979
U,B,968,6.327224751655977
U,B,969,6.276180068137946
U,B,970,6.171737653613443
U,B,971,6.514618839419877
U,B,972,6.611537993198625
U,B,973,6.348514812588234
U,B,974,6.069381396529951
U,B,975,6.505051347566485
U,B,976,6.284522431145504
U,B,977,6.561058298976753
U,B,978,6.076472690441535
U,B,979,6.312036406005867
U,B,980,6.453685384570014
U,B,981,6.26541323189617
U,B,982,6.33386026022305
U,B,983,6.631851260707568
U,B,984,6.536536603810728
U,B,985,6.430383198066049
U,B,986,6.5301897516325145
U,B,987,6.363989111827043
U,B,988,6.384759529264862
U,B,989,6.390045112206599
U,B,990,6.406278523478862
U,B,991,6.264474700350604
U,B,992,6.130222415113261
U,B,993,6.667473579585985
U,B,994,6.573766704299248
U,B,995,6.392584200853698
U,B,996,6.392038633657432
U,B,997,6.37511318342174
U,B,998,6.294802611226999
U,B,999,6.275930662646526
U,B,1000,6.460220753947261
U,B,1001,6.391860962711035
U,B,1002,6.820206906430438
U,B,1003,6.527383190544839
U,B,1004,6.317518725206744
U,B,1005,6.300792677616139
U,B,1006,6.389634751683271
U,B,1007,6.645667447026577
U,B,1008,6.412375556850187
U,B,1009,6.275166045628725
U,B,1010,6.271172919635255
U,B,1011,6.093432443689943
U,B,1012,6.009127236819695
U,B,1013,6.112347947545049
U,B,1014,6.171562386039621
U,B,1015,6.303520928289843
U,B,1016,6.325531030989373
U,B,1017,6.243700103614817
U,B,1018,6.228838362010199
U,B,1019,6.000060089711277
U,B,1020,5.951863598704874
U,B,1021,6.342060958583529
U,B,1022,5.925834518410216
U,B,1023,6.095206570072224
U,B,1024,6.10906352039633
U,B,1025,6.110591057594915
U,B,1026,6.150363847991348
U,B,1027,6.104728504776901
U,B,1028,5.9517589246803375
U,B,1029,5.7482621330798445
U,B,1030,5.834041619177948
U,B,1031,5.918943402773251
U,B,1032,5.853591277257667
U,B,1033,5.716515052986349
U,B,1034,5.8667980587355775
U,B,1035,5.755659939184139
U,B,1036,5.720892407359382
U,B,1037,5.839082344794768
U,B,1038,6.106799833794705
U,B,1039,5.875937995306037
U,B,1040,5.632523009388764
U,B,1041,5.946312306771679
U,B,1042,5.580241496621739
U,B,1043,5.66592482259206
U,B,1044,5.636121346756106
U,B,1045,5.854972716444706
U,B,1046,5.946989393151426
U,B,1047,6.27139043169234
U,B,1048,5.913305769493847
U,B,1049,5.715698372647769
U,B,1050,5.911298161657256
U,B,1051,5.871756539543306
U,B,1052,6.107293051930436
U,B,1053,5.92351567194783
U,B,1054,5.613403636119166
U,B,1055,5.810445335758696
U,B,1056,5.701343816352956
U,B,1057,5.7271363153304655
U,B,1058,5.812570829449029
U,B,1059,5.640328476048385
U,B,1060,6.165474959736913
U,B,1061,5.733605200118228
U,B,1062,6.127510870763405
U,B,1063,5.8851202128848525
U,B,1064,5.644712985392883
U,B,1065,5.985917971702929
U,B,1066,5.9083242954647375
U,B,1067,5.817222067606519
U,B,1068,5.929537044119322
U,B,1069,6.025687136323814
U,B,1070,5.6405420653357465
U,B,1071,5.866091079950015
U,B,1072,5.539184913187108
U,B,1073,5.812090634469042
U,B,1074,5.856994361120539
U,B,1075,6.012347179009819
U,B,1076,5.858041062879739
U,B,1077,6.0301300643545215
U,B,1078,6.046029929335691
U,B,1079,5.710000329472479
U,B,1080,6.237843441547767
U,B,1081,5.769312788898797
U,B,1082,5.863675536901651
U,B,1083,5.939411541175462
U,B,1084,5.948487558194099
U,B,1085,6.044637344105005
U,B,1086,5.671553322189108
U,B,1087,5.883977842336591
U,B,1088,5.725958433995966
U,B,1089,5.78593509498531
U,B,1090,5.611630427806012
U,B,1091,5.906900174327983
U,B,1092,5.731561192039241
U,B,1093,6.138359687052267
U,B,1094,5.936349235375622
U,B,1095,5.485859666565641
U,B,1096,6.187559586621053
U,B,1097,6.069568169347612
U,B,1098,5.757253782423475
U,B,1099,6.132930956035037
U,B,1100,6.051347276994774
U,B,1101,7.038875633893614
U,B,1102,6.052190206741268
U,B,1103,5.688423887816014
U,B,1104,6.526866427581201
U,B,1105,6.258353663072771
U,B,1106,5.407453579788671
U,B,1107,5.445131675159188
U,B,1108,6.316304436918046
U,B,1109,6.250445695030493
U,B,1110,5.203273916195246
U,B,1111,6.380661510963004
U,B,1112,6.417095966403661
U,B,1113,6.160693419851757
U,B,1114,6.291089766614666
U,B,1115,5.549461247502856
U,B,1116,3.647504269497441
U,B,1117,6.035978456144689
U,B,1118,6.166315158770448
U,B,1119,3.2404401735596275
U,B,1120,2.773216825649053
U,B,1121,6.209124327339928
U,B,1122,6.00112200334768
U,B,1123,6.048670481434044
U,B,1124,6.216947298986353
U,B,1125,5.560240226002197
U,B,1126,4.580245129291167
U,B,1127,5.695390519473237
U,B,1128,4.033544118252641
U,B,1129,5.433912399280092
U,B,1130,4.413424085948041
U,B,1131,3.5737257144428334
U,B,1132,3.460075119399827
U,B,1133,3.870361329371268
U,B,1134,3.849598079839681
U,B,1135,3.471976184320858
U,B,1136,1.86008284753208
U,B,1137,0.0
U,B,1138,0.0
U,B,1139,0.0
U,B,1140,0.0
U,B,1141,0.0
U,B,1142,0.0
U,B,1143,0.0
U,B,1144,0.0
U,B,1145,0.0
U,B,1146,0.0
U,B,1147,0.0
U,B,1148,0.0
U,B,1149,0.0
U,B,1150,0.0
U,B,1151,0.0
