wire_number,summary_B,baseline_mapped_wire,baseline_json_B,baseline_residual_B,summary_B_shifted,shifted_mapped_wire,shifted_json_B,shifted_residual_B
241,4.24407143467412,241,5.16,-0.9159285653258804,4.24407143467412,234,5.25,-1.0059285653258803
242,4.227920427079801,242,5.27,-1.0420795729201986,4.227920427079801,235,5.39,-1.1620795729201987
243,5.449645411204775,243,5.4,0.04964541120477506,5.449645411204775,236,5.3,0.1496454112047756
244,4.040860999168635,244,5.32,-1.279139000831365,4.040860999168635,237,5.3,-1.2591390008313645
245,6.138766487268824,245,5.27,0.8687664872688243,6.138766487268824,238,5.3,0.8387664872688241
246,4.979621646317877,246,4.86,0.11962164631787697,4.979621646317877,239,5.27,-0.2903783536821223
256,5.500977748611572,256,5.3,0.2009777486115718,5.500977748611572,249,5.19,0.31097774861157124
257,5.248799468759477,257,5.2,0.04879946875947638,5.248799468759477,250,5.25,-0.0012005312405234392
258,5.1794755930397125,258,5.2,-0.020524406960287678,5.1794755930397125,251,5.17,0.009475593039712571
259,4.763037396432462,259,5.25,-0.4869626035675383,4.763037396432462,252,5.12,-0.3569626035675384
261,4.723682163740783,261,5.25,-0.5263178362592171,4.723682163740783,254,5.48,-0.7563178362592176
262,4.942267002354559,262,5.37,-0.4277329976454407,4.942267002354559,255,5.33,-0.38773299764544067
263,4.983577363056496,263,5.27,-0.28642263694350323,4.983577363056496,256,5.3,-0.3164226369435035
265,4.917199370315411,265,5.27,-0.35280062968458825,4.917199370315411,258,5.2,-0.28280062968458886
266,4.795025296519212,266,5.16,-0.3649747034807884,4.795025296519212,259,5.25,-0.4549747034807883
267,4.393273283062555,267,5.24,-0.8467267169374448,4.393273283062555,260,5.22,-0.8267267169374444
268,4.677852368795915,268,5.06,-0.38214763120408435,4.677852368795915,261,5.25,-0.5721476312040847
269,4.930639607845026,269,5.22,-0.28936039215497367,4.930639607845026,262,5.37,-0.439360392154974
270,4.517584657422888,270,5.09,-0.5724153425771119,4.517584657422888,263,5.27,-0.7524153425771116
271,5.113194682407802,271,5.11,0.003194682407801963,5.113194682407802,264,5.47,-0.35680531759219747
272,4.473218975968679,272,5.2,-0.7267810240313208,4.473218975968679,265,5.27,-0.7967810240313202
273,4.917586180945096,273,5.25,-0.33241381905490375,4.917586180945096,266,5.16,-0.2424138190549039
274,4.943576177462555,274,5.25,-0.30642382253744493,4.943576177462555,267,5.24,-0.29642382253744515
275,4.755379962123373,275,5.3,-0.5446200378766264,4.755379962123373,268,5.06,-0.30462003787662617
276,4.912177079527103,276,5.24,-0.3278229204728973,4.912177079527103,269,5.22,-0.30782292047289683
277,4.782309295962079,277,5.33,-0.5476907040379206,4.782309295962079,270,5.09,-0.3076907040379204
278,4.836190389775628,278,5.45,-0.6138096102243722,4.836190389775628,271,5.11,-0.27380961022437234
279,4.927689388763671,279,5.37,-0.4423106112363291,4.927689388763671,272,5.2,-0.27231061123632916
280,4.925536803725216,280,5.47,-0.5444631962747835,4.925536803725216,273,5.25,-0.3244631962747837
281,4.8638813390996,281,5.37,-0.5061186609004,4.8638813390996,274,5.25,-0.3861186609003999
282,4.9276857357889465,282,5.25,-0.32231426421105347,4.9276857357889465,275,5.3,-0.3723142642110533
283,4.874239881352189,283,5.4,-0.5257601186478116,4.874239881352189,276,5.24,-0.36576011864781144
284,4.935508028589273,284,5.3,-0.3644919714107271,4.935508028589273,277,5.33,-0.39449197141072734
285,5.04628329671829,285,5.42,-0.37371670328171014,5.04628329671829,278,5.45,-0.4037167032817104
286,4.935492795799793,286,5.3,-0.36450720420020666,4.935492795799793,279,5.37,-0.43450720420020694
287,5.1062292978693415,287,5.2,-0.09377070213065863,5.1062292978693415,280,5.47,-0.3637707021306582
288,4.845128981218431,288,5.63,-0.7848710187815691,4.845128981218431,281,5.37,-0.5248710187815693
289,4.841005329968102,289,5.14,-0.29899467003189795,4.841005329968102,282,5.25,-0.40899467003189827
290,5.376415300487245,290,5.58,-0.20358469951275548,5.376415300487245,283,5.4,-0.02358469951275577
292,5.072482256542535,292,4.92,0.15248225654253478,5.072482256542535,285,5.42,-0.3475177434574652
293,5.307258695417811,293,5.38,-0.07274130458218853,5.307258695417811,286,5.3,0.007258695417811545
294,4.941681070037268,294,5.35,-0.4083189299627312,4.941681070037268,287,5.2,-0.25831892996273176
296,5.290859269769057,296,4.97,0.3208592697690573,5.290859269769057,289,5.14,0.1508592697690574
297,4.802230130091664,297,5.25,-0.44776986990833567,4.802230130091664,290,5.58,-0.7777698699083357
298,4.985294321753671,298,5.32,-0.3347056782463289,4.985294321753671,291,5.38,-0.3947056782463285
299,4.476874773204056,299,5.16,-0.6831252267959442,4.476874773204056,292,4.92,-0.443125226795944
300,4.951726593956331,300,5.42,-0.46827340604366885,4.951726593956331,293,5.38,-0.4282734060436688
301,4.943460924068558,301,5.78,-0.8365390759314426,4.943460924068558,294,5.35,-0.406539075931442
302,4.893106070559985,302,5.42,-0.526893929440015,4.893106070559985,295,5.16,-0.2668939294400152
303,4.74943561144461,303,5.2,-0.4505643885553905,4.74943561144461,296,4.97,-0.22056438855539007
304,4.923894678158451,304,5.67,-0.746105321841549,4.923894678158451,297,5.25,-0.32610532184154906
305,4.94434456775671,305,5.3,-0.35565543224328966,4.94434456775671,298,5.32,-0.3756554322432901
306,4.7569638359628925,306,5.3,-0.5430361640371073,4.7569638359628925,299,5.16,-0.4030361640371076
307,4.934148747009631,307,5.29,-0.35585125299036946,4.934148747009631,300,5.42,-0.48585125299036935
308,5.118172243218102,308,5.25,-0.13182775678189795,5.118172243218102,301,5.78,-0.6618277567818982
309,4.994357337635095,309,5.32,-0.32564266236490536,4.994357337635095,302,5.42,-0.425642662364905
310,4.766037907781406,310,4.92,-0.15396209221859358,4.766037907781406,303,5.2,-0.43396209221859383
311,5.031234907353675,311,5.32,-0.288765092646325,5.031234907353675,304,5.67,-0.6387650926463246
312,4.791213586353703,312,5.27,-0.47878641364629626,4.791213586353703,305,5.3,-0.5087864136462965
313,4.838426526268163,313,5.09,-0.25157347373183647,4.838426526268163,306,5.3,-0.46157347373183644
314,4.943460924068558,314,5.4,-0.4565390759314427,4.943460924068558,307,5.29,-0.3465390759314424
315,4.942995045734252,315,5.12,-0.17700495426574836,4.942995045734252,308,5.25,-0.30700495426574825
316,4.954847612673279,316,5.33,-0.37515238732672085,4.954847612673279,309,5.32,-0.36515238732672106
317,4.575201784112558,317,5.32,-0.7447982158874424,4.575201784112558,310,4.92,-0.3447982158874421
318,4.870471258563631,318,5.22,-0.3495287414363686,4.870471258563631,311,5.32,-0.4495287414363691
319,4.389948302486962,319,5.11,-0.7200516975130382,4.389948302486962,312,5.27,-0.8800516975130375
320,4.384104332519278,320,5.35,-0.965895667480722,4.384104332519278,313,5.09,-0.7058956674807222
321,5.003199141356672,321,5.4,-0.3968008586433287,5.003199141356672,314,5.4,-0.3968008586433287
322,4.523008831561445,322,4.93,-0.4069911684385543,4.523008831561445,315,5.12,-0.5969911684385547
323,4.356680137440265,323,5.32,-0.963319862559735,4.356680137440265,316,5.33,-0.9733198625597348
324,4.528083746029293,324,5.16,-0.631916253970707,4.528083746029293,317,5.32,-0.7919162539707072
325,4.394761166752549,325,5.38,-0.9852388332474513,4.394761166752549,318,5.22,-0.8252388332474512
326,4.651699489453836,326,5.19,-0.538300510546164,4.651699489453836,319,5.11,-0.45830051054616394
327,4.939760114187265,327,5.45,-0.5102398858127355,4.939760114187265,320,5.35,-0.41023988581273496
328,4.882259634422162,328,5.22,-0.3377403655778375,4.882259634422162,321,5.4,-0.5177403655778381
329,4.607283629983273,329,5.27,-0.6627163700167262,4.607283629983273,322,4.93,-0.3227163700167264
330,4.614462714996056,330,5.27,-0.6555372850039438,4.614462714996056,323,5.32,-0.7055372850039445
331,4.835590876983148,331,5.35,-0.5144091230168515,4.835590876983148,324,5.16,-0.324409123016852
332,4.2703391341481165,332,5.29,-1.0196608658518835,4.2703391341481165,325,5.38,-1.1096608658518834
333,4.307366063960199,333,5.43,-1.1226339360398008,4.307366063960199,326,5.19,-0.8826339360398014
334,5.08461822781921,334,5.35,-0.26538177218079007,5.08461822781921,327,5.45,-0.3653817721807906
335,4.641975617901829,335,5.2,-0.5580243820981714,4.641975617901829,328,5.22,-0.578024382098171
336,4.914795525261714,336,5.42,-0.505204474738286,4.914795525261714,329,5.27,-0.35520447473828565
337,4.608883863887408,337,5.4,-0.791116136112592,4.608883863887408,330,5.27,-0.6611161361125912
338,4.996303592337076,338,5.42,-0.4236964076629235,4.996303592337076,331,5.35,-0.3536964076629232
339,4.380919449059422,339,5.47,-1.0890805509405777,4.380919449059422,332,5.29,-0.9090805509405779
340,4.811504872931196,340,5.55,-0.7384951270688038,4.811504872931196,333,5.43,-0.6184951270688037
341,4.065448966988138,341,5.55,-1.4845510330118614,4.065448966988138,334,5.35,-1.2845510330118612
342,4.714745592501481,342,5.47,-0.7552544074985184,4.714745592501481,335,5.2,-0.4852544074985188
343,4.516334911504325,343,5.77,-1.2536650884956746,4.516334911504325,336,5.42,-0.903665088495675
344,4.778936123157541,344,6.7,-1.9210638768424593,4.778936123157541,337,5.4,-0.6210638768424595
345,4.86038942033979,345,5.48,-0.6196105796602103,4.86038942033979,338,5.42,-0.5596105796602098
346,4.94648844837987,346,6.83,-1.8835115516201304,4.94648844837987,339,5.47,-0.5235115516201301
347,4.246093323301776,347,6.66,-2.4139066766982245,4.246093323301776,340,5.55,-1.3039066766982241
348,5.056603514496999,348,6.01,-0.953396485503001,5.056603514496999,341,5.55,-0.4933964855030011
349,5.056860082282489,349,5.87,-0.8131399177175114,5.056860082282489,342,5.47,-0.413139917717511
350,4.485033607042202,350,5.8,-1.314966392957798,4.485033607042202,343,5.77,-1.2849663929577977
351,6.167269614215384,351,5.8,0.3672696142153846,6.167269614215384,344,6.7,-0.5327303857846157
352,4.792443964478039,352,5.73,-0.9375560355219612,4.792443964478039,345,5.48,-0.6875560355219612
353,5.265990308580786,353,5.92,-0.6540096914192137,5.265990308580786,346,6.83,-1.5640096914192139
354,5.091766838340142,354,5.94,-0.8482331616598584,5.091766838340142,347,6.66,-1.5682331616598582
355,4.978191346211327,355,5.9,-0.9218086537886734,4.978191346211327,348,6.01,-1.0318086537886728
356,4.648476130087887,356,5.97,-1.321523869912113,4.648476130087887,349,5.87,-1.2215238699121134
357,4.860061884634044,357,5.95,-1.089938115365956,4.860061884634044,350,5.8,-0.9399381153659556
358,4.619361171090944,358,5.87,-1.2506388289090564,4.619361171090944,351,5.8,-1.1806388289090561
359,5.318067193910045,359,5.85,-0.5319328060899551,5.318067193910045,352,5.73,-0.41193280608995586
360,5.152733553878666,360,5.82,-0.6672664461213342,5.152733553878666,353,5.92,-0.7672664461213339
361,5.188034955211268,361,5.82,-0.6319650447887319,5.188034955211268,354,5.94,-0.751965044788732
362,5.067989251085538,362,5.42,-0.35201074891446194,5.067989251085538,355,5.9,-0.8320107489144624
363,5.213580734692539,363,5.72,-0.5064192653074606,5.213580734692539,356,5.97,-0.7564192653074606
364,5.194685990399554,364,5.38,-0.18531400960044575,5.194685990399554,357,5.95,-0.755314009600446
365,4.571624394909298,365,5.73,-1.1583756050907024,4.571624394909298,358,5.87,-1.298375605090702
366,5.26781801132636,366,5.77,-0.5021819886736392,5.26781801132636,359,5.85,-0.5821819886736392
367,5.339234747468224,367,5.68,-0.34076525253177614,5.339234747468224,360,5.82,-0.4807652525317767
368,5.1586939454544485,368,5.53,-0.37130605454555177,5.1586939454544485,361,5.82,-0.6613060545455518
369,4.758766251603399,369,5.89,-1.1312337483966006,4.758766251603399,362,5.42,-0.6612337483966009
370,5.24121839190228,370,5.72,-0.4787816080977194,5.24121839190228,363,5.72,-0.4787816080977194
371,4.944815335286702,371,5.85,-0.905184664713298,4.944815335286702,364,5.38,-0.4351846647132982
372,5.16020810491273,372,5.63,-0.46979189508726993,5.16020810491273,365,5.73,-0.5697918950872705
373,5.27284709722699,373,5.75,-0.47715290277301037,5.27284709722699,366,5.77,-0.49715290277300994
374,4.998260836465744,374,5.7,-0.7017391635342562,4.998260836465744,367,5.68,-0.6817391635342558
375,5.292080256988127,375,5.7,-0.40791974301187306,5.292080256988127,368,5.53,-0.23791974301187313
376,5.218165010717908,376,5.53,-0.31183498928209197,5.218165010717908,369,5.89,-0.6718349892820914
377,5.118936444472475,377,5.55,-0.4310635555275244,5.118936444472475,370,5.72,-0.6010635555275243
378,5.265938980315096,378,5.55,-0.2840610196849038,5.265938980315096,371,5.85,-0.5840610196849036
379,5.192023429090132,379,5.55,-0.3579765709098677,5.192023429090132,372,5.63,-0.43797657090986775
380,5.0682820555029,380,6.09,-1.0217179444970999,5.0682820555029,373,5.75,-0.6817179444971
381,5.111845850167528,381,5.77,-0.6581541498324714,5.111845850167528,374,5.7,-0.588154149832472
382,4.986534698728264,382,5.63,-0.6434653012717355,4.986534698728264,375,5.7,-0.7134653012717358
383,5.121120260064887,383,5.77,-0.6488797399351123,5.121120260064887,376,5.53,-0.40887973993511295
384,5.105168213825869,384,5.5,-0.39483178617413106,5.105168213825869,377,5.55,-0.4448317861741309
385,5.166526189355658,385,5.57,-0.40347381064434185,5.166526189355658,378,5.55,-0.3834738106443414
386,5.216026818677747,386,5.75,-0.5339731813222528,5.216026818677747,379,5.55,-0.3339731813222526
387,5.096728649640987,387,5.73,-0.6332713503590135,5.096728649640987,380,6.09,-0.9932713503590129
388,5.301865746258967,388,5.47,-0.16813425374103286,5.301865746258967,381,5.77,-0.4681342537410327
389,5.233885007391295,389,5.83,-0.5961149926087055,5.233885007391295,382,5.63,-0.3961149926087053
390,5.215515988088937,390,5.75,-0.5344840119110632,5.215515988088937,383,5.77,-0.5544840119110628
391,5.137543452569894,391,5.57,-0.43245654743010586,5.137543452569894,384,5.5,-0.3624565474301056
392,4.960455395853479,392,5.6,-0.6395446041465203,4.960455395853479,385,5.57,-0.6095446041465209
393,5.343857328841146,393,5.57,-0.2261426711588541,5.343857328841146,386,5.75,-0.40614267115885383
394,5.228009494599791,394,5.57,-0.3419905054002097,5.228009494599791,387,5.73,-0.5019905054002098
395,5.133528412951102,395,5.65,-0.5164715870488985,5.133528412951102,388,5.47,-0.3364715870488979
396,5.523921650414293,396,5.94,-0.41607834958570766,5.523921650414293,389,5.83,-0.30607834958570734
397,5.322892119515784,397,5.39,-0.06710788048421534,5.322892119515784,390,5.75,-0.42710788048421566
398,5.191756644216911,398,5.91,-0.7182433557830894,5.191756644216911,391,5.57,-0.37824335578308954
399,5.203157736143966,399,5.61,-0.40684226385603406,5.203157736143966,392,5.6,-0.3968422638560334
400,4.979195063415686,400,5.73,-0.7508049365843146,4.979195063415686,393,5.57,-0.5908049365843144
401,5.281148145387773,401,5.94,-0.6588518546122275,5.281148145387773,394,5.57,-0.2888518546122274
402,5.244350104635245,402,5.89,-0.6456498953647545,5.244350104635245,395,5.65,-0.40564989536475515
403,5.401015443073927,403,5.82,-0.4189845569260733,5.401015443073927,396,5.94,-0.5389845569260734
404,4.902300259068371,404,5.58,-0.6776997409316294,4.902300259068371,397,5.39,-0.48769974093162904
405,5.327765762245171,405,5.82,-0.492234237754829,5.327765762245171,398,5.91,-0.5822342377548289
406,5.138484861006575,406,5.82,-0.6815151389934249,5.138484861006575,399,5.61,-0.4715151389934249
407,5.167614000091411,407,5.84,-0.672385999908589,5.167614000091411,400,5.73,-0.5623859999085896
408,5.339318973774212,408,5.79,-0.4506810262257881,5.339318973774212,401,5.94,-0.6006810262257885
409,5.348071919172962,409,5.85,-0.5019280808270379,5.348071919172962,402,5.89,-0.5419280808270379
410,5.341217432260489,410,5.87,-0.528782567739511,5.341217432260489,403,5.82,-0.4787825677395112
411,5.314909724562157,411,5.94,-0.6250902754378433,5.314909724562157,404,5.58,-0.265090275437843
412,5.343165377983153,412,5.91,-0.566834622016847,5.343165377983153,405,5.82,-0.4768346220168471
413,5.325222880121638,413,5.73,-0.4047771198783625,5.325222880121638,406,5.82,-0.49477711987836237
414,5.226450066521264,414,5.48,-0.25354993347873656,5.226450066521264,407,5.84,-0.613549933478736
415,5.320473332182312,415,5.79,-0.46952666781768837,5.320473332182312,408,5.79,-0.46952666781768837
416,5.244209717113235,416,5.75,-0.5057902828867649,5.244209717113235,409,5.85,-0.6057902828867645
417,5.305304919552279,417,5.75,-0.44469508044772077,5.305304919552279,410,5.87,-0.5646950804477209
418,5.521479018914228,418,5.77,-0.2485209810857718,5.521479018914228,411,5.94,-0.4185209810857726
419,5.432522732877219,419,5.8,-0.36747726712278084,5.432522732877219,412,5.91,-0.47747726712278116
420,5.323237432384946,420,5.77,-0.4467625676150533,5.323237432384946,413,5.73,-0.40676256761505414
421,4.9830050568538375,421,5.8,-0.8169949431461623,4.9830050568538375,414,5.48,-0.4969949431461629
422,5.619282240538925,422,5.85,-0.23071775946107476,5.619282240538925,415,5.79,-0.17071775946107515
423,5.335661484309193,423,5.79,-0.4543385156908073,5.335661484309193,416,5.75,-0.41433851569080726
424,5.314334871889605,424,5.41,-0.09566512811039551,5.314334871889605,417,5.75,-0.43566512811039537
425,5.32774855273233,425,5.7,-0.37225144726767034,5.32774855273233,418,5.77,-0.44225144726766974
426,5.388952029417204,426,5.89,-0.5010479705827953,5.388952029417204,419,5.8,-0.4110479705827954
427,5.471593875088793,427,5.89,-0.41840612491120677,5.471593875088793,420,5.77,-0.29840612491120666
428,5.397949565475674,428,5.82,-0.42205043452432633,5.397949565475674,421,5.8,-0.4020504345243259
429,5.449325325320436,429,5.84,-0.3906746746795635,5.449325325320436,422,5.85,-0.4006746746795633
430,5.317737968510337,430,5.89,-0.5722620314896627,5.317737968510337,423,5.79,-0.47226203148966306
431,4.907936633025674,431,5.87,-0.9620633669743262,4.907936633025674,424,5.41,-0.5020633669743262
432,5.706729475620636,432,5.89,-0.1832705243793633,5.706729475620636,425,5.7,0.006729475620636194
433,5.217069369086386,433,5.84,-0.622930630913614,5.217069369086386,426,5.89,-0.6729306309136138
434,5.42370349399157,434,5.84,-0.4162965060084298,5.42370349399157,427,5.89,-0.46629650600842965
435,5.450055059915296,435,5.94,-0.4899449400847047,5.450055059915296,428,5.82,-0.3699449400847046
436,5.168083557933567,436,5.84,-0.6719164420664328,5.168083557933567,429,5.84,-0.6719164420664328
437,5.409346085962444,437,5.84,-0.43065391403755626,5.409346085962444,430,5.89,-0.4806539140375561
438,5.528951381840217,438,5.8,-0.27104861815978243,5.528951381840217,431,5.87,-0.3410486181597827
439,5.463553635141617,439,5.84,-0.3764463648583831,5.463553635141617,432,5.89,-0.42644636485838294
440,5.428617914055098,440,5.5,-0.0713820859449017,5.428617914055098,433,5.84,-0.41138208594490155
441,5.359903474711531,441,5.8,-0.4400965252884692,5.359903474711531,434,5.84,-0.48009652528846924
442,5.354466249308668,442,5.8,-0.4455337506913315,5.354466249308668,435,5.94,-0.5855337506913321
443,5.355325079645941,443,5.77,-0.4146749203540585,5.355325079645941,436,5.84,-0.4846749203540588
444,5.180210301886302,444,5.7,-0.5197896981136978,5.180210301886302,437,5.84,-0.6597896981136975
445,5.551182780818812,445,5.73,-0.1788172191811883,5.551182780818812,438,5.8,-0.2488172191811877
446,5.560286038317383,446,6.0,-0.43971396168261734,5.560286038317383,439,5.84,-0.2797139616826172
447,5.073506709653148,447,5.98,-0.9064932903468526,5.073506709653148,440,5.5,-0.4264932903468521
448,5.222171357764137,448,5.95,-0.7278286422358633,5.222171357764137,441,5.8,-0.5778286422358629
449,5.332350856319437,449,6.16,-0.8276491436805635,5.332350856319437,442,5.8,-0.4676491436805632
450,5.488434739894823,450,5.93,-0.44156526010517716,5.488434739894823,443,5.77,-0.281565260105177
451,5.242651668262934,451,5.91,-0.6673483317370659,5.242651668262934,444,5.7,-0.4573483317370659
452,5.318829482158326,452,5.77,-0.45117051784167383,5.318829482158326,445,5.73,-0.4111705178416747
453,5.485107439759252,453,6.0,-0.5148925602407477,5.485107439759252,446,6.0,-0.5148925602407477
454,4.986095043763817,454,6.05,-1.0639049562361826,4.986095043763817,447,5.98,-0.9939049562361832
455,5.471967232499632,455,5.93,-0.4580327675003675,5.471967232499632,448,5.95,-0.47803276750036794
456,5.754630527412267,456,6.0,-0.24536947258773267,5.754630527412267,449,6.16,-0.4053694725877328
457,5.414908126668318,457,6.02,-0.6050918733316815,5.414908126668318,450,5.93,-0.5150918733316816
458,5.263675082373725,458,6.18,-0.9163249176262749,5.263675082373725,451,5.91,-0.6463249176262753
459,5.130086591313223,459,6.0,-0.8699134086867772,5.130086591313223,452,5.77,-0.6399134086867768
460,5.596403896120503,460,5.95,-0.35359610387949747,5.596403896120503,453,6.0,-0.4035961038794973
461,5.539362165487911,461,5.72,-0.1806378345120887,5.539362165487911,454,6.05,-0.5106378345120888
462,5.500103778045674,462,5.98,-0.47989622195432613,5.500103778045674,455,5.93,-0.4298962219543254
463,5.479279335448905,463,5.93,-0.4507206645510946,5.479279335448905,456,6.0,-0.5207206645510949
464,4.82443945470512,464,6.14,-1.31556054529488,4.82443945470512,457,6.02,-1.1955605452948799
465,5.113628497554199,465,6.02,-0.9063715024458006,5.113628497554199,458,6.18,-1.0663715024458007
466,5.6315940634279,466,5.91,-0.2784059365721001,5.6315940634279,459,6.0,-0.36840593657209997
467,5.441060561587432,467,6.02,-0.5789394384125677,5.441060561587432,460,5.95,-0.5089394384125683
468,5.003217654274614,468,5.98,-0.9767823457253861,5.003217654274614,461,5.72,-0.7167823457253855
469,5.617372293149399,469,5.98,-0.36262770685060186,5.617372293149399,462,5.98,-0.36262770685060186
470,5.048776552169949,470,6.03,-0.9812234478300512,5.048776552169949,463,5.93,-0.8812234478300507
471,5.415834768682557,471,6.09,-0.6741652313174429,5.415834768682557,464,6.14,-0.7241652313174427
472,5.229045032832516,472,5.89,-0.6609549671674833,5.229045032832516,465,6.02,-0.7909549671674831
473,5.212973559113585,473,6.03,-0.8170264408864156,5.212973559113585,466,5.91,-0.6970264408864155
474,5.18280445214561,474,5.91,-0.7271955478543903,5.18280445214561,467,6.02,-0.8371955478543898
475,5.297940804728223,475,6.0,-0.7020591952717767,5.297940804728223,468,5.98,-0.6820591952717772
476,5.0944285019809366,476,5.98,-0.8855714980190639,5.0944285019809366,469,5.98,-0.8855714980190639
477,5.511015049556492,477,6.07,-0.5589849504435085,5.511015049556492,470,6.03,-0.5189849504435085
478,5.358720817577054,478,5.96,-0.601279182422946,5.358720817577054,471,6.09,-0.7312791824229459
479,5.07625754322487,479,6.05,-0.9737424567751294,5.07625754322487,472,5.89,-0.8137424567751292
480,5.5372124259641735,480,5.96,-0.42278757403582645,5.5372124259641735,473,6.03,-0.49278757403582674
481,5.056732958336037,481,5.82,-0.7632670416639629,5.056732958336037,474,5.91,-0.8532670416639627
482,5.414471180133571,482,5.98,-0.5655288198664294,5.414471180133571,475,6.0,-0.585528819866429
483,4.998213916829859,483,5.93,-0.9317860831701408,4.998213916829859,476,5.98,-0.9817860831701415
484,5.47395179567843,484,5.98,-0.5060482043215702,5.47395179567843,477,6.07,-0.59604820432157
485,5.033252380905016,485,5.91,-0.8767476190949841,5.033252380905016,478,5.96,-0.9267476190949839
486,5.349575297196612,486,5.98,-0.6304247028033885,5.349575297196612,479,6.05,-0.7004247028033879
487,5.317006958993654,487,5.86,-0.5429930410063459,5.317006958993654,480,5.96,-0.6429930410063456
488,5.307512861086716,488,5.95,-0.6424871389132845,5.307512861086716,481,5.82,-0.5124871389132846
489,5.219593869931306,489,5.96,-0.7404061300686937,5.219593869931306,482,5.98,-0.7604061300686942
490,4.978885742601772,490,6.02,-1.0411142573982275,4.978885742601772,483,5.93,-0.9511142573982276
491,5.016081501417186,491,6.07,-1.0539184985828145,5.016081501417186,484,5.98,-0.9639184985828146
492,5.100453620729058,492,6.0,-0.8995463792709417,5.100453620729058,485,5.91,-0.8095463792709419
493,5.696701634657299,493,6.03,-0.3332983653427011,5.696701634657299,486,5.98,-0.28329836534270125
494,4.977418756215601,494,6.03,-1.0525812437843989,4.977418756215601,487,5.86,-0.882581243784399
495,4.546897090381931,495,6.07,-1.5231029096180695,4.546897090381931,488,5.95,-1.4031029096180694
496,5.348075750794005,496,5.98,-0.6319242492059951,5.348075750794005,489,5.96,-0.6119242492059946
497,4.568016403414849,497,6.0,-1.4319835965851508,4.568016403414849,490,6.02,-1.4519835965851504
498,4.78213095610244,498,6.16,-1.3778690438975598,4.78213095610244,491,6.07,-1.28786904389756
499,4.701115823318582,499,6.02,-1.3188841766814177,4.701115823318582,492,6.0,-1.298884176681418
500,4.695093901931886,500,5.95,-1.2549060980681146,4.695093901931886,493,6.03,-1.3349060980681147
501,5.2705817146665686,501,6.03,-0.7594182853334317,5.2705817146665686,494,6.03,-0.7594182853334317
502,5.442062875996726,502,5.95,-0.5079371240032744,5.442062875996726,495,6.07,-0.6279371240032745
503,5.514377432242845,503,5.98,-0.4656225677571557,5.514377432242845,496,5.98,-0.4656225677571557
504,5.153512109141514,504,6.02,-0.8664878908584859,5.153512109141514,497,6.0,-0.8464878908584863
505,5.178921953988279,505,6.02,-0.8410780460117202,5.178921953988279,498,6.16,-0.9810780460117208
506,4.946200127426173,506,5.88,-0.933799872573827,4.946200127426173,499,6.02,-1.0737998725738267
507,5.113067133033438,507,5.75,-0.6369328669665624,5.113067133033438,500,5.95,-0.8369328669665625
508,5.513522799695385,508,5.96,-0.44647720030461535,5.513522799695385,501,6.03,-0.5164772003046156
509,5.327921923909877,509,5.95,-0.6220780760901228,5.327921923909877,502,5.95,-0.6220780760901228
510,5.664228571912067,510,5.98,-0.3157714280879338,5.664228571912067,503,5.98,-0.3157714280879338
511,5.063047665817296,511,5.98,-0.9169523341827048,5.063047665817296,504,6.02,-0.956952334182704
512,5.459457015026551,512,6.0,-0.5405429849734489,5.459457015026551,505,6.02,-0.5605429849734485
513,5.343550924410315,513,6.03,-0.6864490755896853,5.343550924410315,506,5.88,-0.5364490755896849
514,5.266400943711803,514,5.96,-0.6935990562881971,5.266400943711803,507,5.75,-0.4835990562881971
515,5.6344358556700245,515,5.98,-0.34556414432997595,5.6344358556700245,508,5.96,-0.3255641443299755
516,4.882791270854885,516,6.03,-1.147208729145115,4.882791270854885,509,5.95,-1.0672087291451149
517,5.397573609435119,517,6.09,-0.6924263905648811,5.397573609435119,510,5.98,-0.5824263905648817
518,5.032640930948988,518,5.95,-0.9173590690510123,5.032640930948988,511,5.98,-0.9473590690510125
519,4.7274843667058,519,5.74,-1.0125156332941998,4.7274843667058,512,6.0,-1.2725156332941996
520,5.377431022193155,520,5.98,-0.602568977806845,5.377431022193155,513,6.03,-0.6525689778068449
521,4.853304449040193,521,6.0,-1.146695550959807,4.853304449040193,514,5.96,-1.1066955509598069
522,5.455587675695935,522,6.02,-0.5644123243040644,5.455587675695935,515,5.98,-0.5244123243040653
523,5.205607674486284,523,6.0,-0.7943923255137157,5.205607674486284,516,6.03,-0.824392325513716
524,5.059183585825086,524,5.93,-0.8708164141749135,5.059183585825086,517,6.09,-1.0308164141749137
525,5.058610932940677,525,5.63,-0.5713890670593225,5.058610932940677,518,5.95,-0.8913890670593227
526,5.022345410499775,526,6.03,-1.0076545895002251,5.022345410499775,519,5.74,-0.7176545895002251
527,5.030457484308974,527,6.16,-1.1295425156910257,5.030457484308974,520,5.98,-0.949542515691026
528,5.449364002606359,528,6.02,-0.5706359973936408,5.449364002606359,521,6.0,-0.5506359973936412
529,5.770366081190813,529,6.09,-0.31963391880918657,5.770366081190813,522,6.02,-0.24963391880918628
530,4.986996573135721,530,5.89,-0.903003426864279,4.986996573135721,523,6.0,-1.0130034268642794
531,5.522043553648725,531,6.49,-0.9679564463512751,5.522043553648725,524,5.93,-0.4079564463512746
532,4.70123137946629,532,6.54,-1.8387686205337097,4.70123137946629,525,5.63,-0.9287686205337096
533,5.616678561254605,533,6.52,-0.9033214387453947,5.616678561254605,526,6.03,-0.4133214387453954
534,4.848025433390317,534,6.49,-1.641974566609683,4.848025433390317,527,6.16,-1.311974566609683
535,5.336962802142025,535,6.6,-1.263037197857975,5.336962802142025,528,6.02,-0.683037197857975
536,5.5878324689270045,536,6.41,-0.8221675310729957,5.5878324689270045,529,6.09,-0.5021675310729954
537,5.585059883628368,537,6.58,-0.994940116371632,5.585059883628368,530,5.89,-0.30494011637163165
538,5.531387871964112,538,6.43,-0.8986121280358876,5.531387871964112,531,6.49,-0.9586121280358881
539,5.669319135608846,539,6.34,-0.6706808643911542,5.669319135608846,532,6.54,-0.8706808643911543
540,5.409637671977957,540,6.23,-0.8203623280220436,5.409637671977957,533,6.52,-1.1103623280220427
541,5.527758009251568,541,6.27,-0.7422419907484317,5.527758009251568,534,6.49,-0.9622419907484323
542,5.199277065442287,542,5.75,-0.5507229345577134,5.199277065442287,535,6.6,-1.400722934557713
543,5.0181820272871525,543,6.49,-1.4718179727128478,5.0181820272871525,536,6.41,-1.3918179727128477
544,4.933925536286522,544,6.33,-1.3960744637134779,4.933925536286522,537,6.58,-1.6460744637134779
545,5.801571733648768,545,6.42,-0.6184282663512315,5.801571733648768,538,6.43,-0.6284282663512313
546,5.544826772519577,546,6.34,-0.7951732274804231,5.544826772519577,539,6.34,-0.7951732274804231
547,5.729506789539654,547,6.48,-0.7504932104603466,5.729506789539654,540,6.23,-0.5004932104603466
548,5.387372623939853,548,6.42,-1.0326273760601472,5.387372623939853,541,6.27,-0.8826273760601469
549,5.1620819809382805,549,6.41,-1.2479180190617196,5.1620819809382805,542,5.75,-0.5879180190617195
550,5.24315497366789,550,6.32,-1.0768450263321103,5.24315497366789,543,6.49,-1.2468450263321103
551,5.131589665887141,551,6.42,-1.288410334112859,5.131589665887141,544,6.33,-1.1984103341128591
552,5.20428530391955,552,6.33,-1.1257146960804505,5.20428530391955,545,6.42,-1.2157146960804504
553,5.776261999907504,553,6.05,-0.2737380000924956,5.776261999907504,546,6.34,-0.5637380000924956
554,5.777207113038015,554,6.55,-0.7727928869619847,5.777207113038015,547,6.48,-0.7027928869619853
555,5.480935510591304,555,6.42,-0.9390644894086959,5.480935510591304,548,6.42,-0.9390644894086959
556,5.810462581843225,556,6.49,-0.6795374181567748,5.810462581843225,549,6.41,-0.5995374181567747
557,5.461028882286179,557,6.56,-1.0989711177138206,5.461028882286179,550,6.32,-0.8589711177138213
558,5.67581055205373,558,6.44,-0.7641894479462703,5.67581055205373,551,6.42,-0.7441894479462698
559,5.585773849939449,559,6.47,-0.8842261500605506,5.585773849939449,552,6.33,-0.7442261500605509
560,5.725649933765502,560,6.5,-0.774350066234498,5.725649933765502,553,6.05,-0.3243500662344978
561,5.826272900324854,561,6.45,-0.6237270996751461,5.826272900324854,554,6.55,-0.7237270996751457
562,5.965950348378086,562,6.22,-0.25404965162191395,5.965950348378086,555,6.42,-0.45404965162191413
563,5.760916073090607,563,6.7,-0.9390839269093929,5.760916073090607,556,6.49,-0.7290839269093929
564,5.600626068596705,564,6.48,-0.8793739314032951,5.600626068596705,557,6.56,-0.9593739314032943
565,5.980749626158443,565,6.6,-0.6192503738415569,5.980749626158443,558,6.44,-0.45925037384155765
566,5.305110927630192,566,6.49,-1.184889072369808,5.305110927630192,559,6.47,-1.1648890723698075
567,5.95058199603301,567,6.5,-0.5494180039669896,5.95058199603301,560,6.5,-0.5494180039669896
568,5.880416064534977,568,6.57,-0.6895839354650235,5.880416064534977,561,6.45,-0.5695839354650234
569,5.370389436522106,569,6.55,-1.179610563477894,5.370389436522106,562,6.22,-0.8496105634778939
570,5.885471537977212,570,6.9,-1.0145284620227883,5.885471537977212,563,6.7,-0.8145284620227882
571,5.47892770517856,571,6.67,-1.1910722948214403,5.47892770517856,564,6.48,-1.0010722948214408
572,5.939796907961516,572,6.77,-0.8302030920384835,5.939796907961516,565,6.6,-0.6602030920384836
573,5.842243529553409,573,6.68,-0.8377564704465907,5.842243529553409,566,6.49,-0.6477564704465912
574,5.765340407426164,574,6.57,-0.8046595925738362,5.765340407426164,567,6.5,-0.734659592573836
575,5.989580683017918,575,6.58,-0.5904193169820822,5.989580683017918,568,6.57,-0.5804193169820824
576,5.461343799152767,576,6.64,-1.1786562008472323,5.461343799152767,569,6.55,-1.0886562008472325
577,6.170903363679262,577,6.58,-0.4090966363207382,6.170903363679262,570,6.9,-0.7290966363207385
578,5.789785001360426,578,6.6,-0.8102149986395739,5.789785001360426,571,6.67,-0.8802149986395742
579,5.392056389406133,579,6.71,-1.3179436105938667,5.392056389406133,572,6.77,-1.3779436105938663
580,5.73098484600916,580,6.59,-0.8590151539908399,5.73098484600916,573,6.68,-0.9490151539908398
581,5.596318972435296,581,6.61,-1.0136810275647044,5.596318972435296,574,6.57,-0.9736810275647043
582,5.535750477565998,582,6.55,-1.0142495224340022,5.535750477565998,575,6.58,-1.0442495224340025
583,5.39092020021803,583,6.57,-1.1790797997819702,5.39092020021803,576,6.64,-1.2490797997819696
584,5.56734935266614,584,6.37,-0.8026506473338602,5.56734935266614,577,6.58,-1.0126506473338601
585,5.261093071629876,585,6.59,-1.3289069283701238,5.261093071629876,578,6.6,-1.3389069283701236
586,5.506693307692666,586,6.6,-1.0933066923073333,5.506693307692666,579,6.71,-1.2033066923073337
587,5.506358942427336,587,6.67,-1.1636410575726641,5.506358942427336,580,6.59,-1.083641057572664
588,5.365736841307595,588,6.75,-1.3842631586924048,5.365736841307595,581,6.61,-1.2442631586924051
589,5.416924734811416,589,6.69,-1.2730752651885844,5.416924734811416,582,6.55,-1.1330752651885838
590,5.929583737514898,590,6.69,-0.7604162624851023,5.929583737514898,583,6.57,-0.6404162624851022
591,5.737277311278706,591,6.6,-0.862722688721294,5.737277311278706,584,6.37,-0.6327226887212944
592,5.842240859731015,592,6.71,-0.8677591402689853,5.842240859731015,585,6.59,-0.7477591402689852
593,5.661032362143211,593,6.82,-1.1589676378567892,5.661032362143211,586,6.6,-0.9389676378567886
594,5.4319396236398285,594,6.73,-1.298060376360172,5.4319396236398285,587,6.67,-1.2380603763601714
595,5.834196786791281,595,6.78,-0.9458032132087189,5.834196786791281,588,6.75,-0.9158032132087186
596,5.757886178753559,596,6.65,-0.8921138212464417,5.757886178753559,589,6.69,-0.9321138212464417
597,5.969578281114397,597,6.69,-0.7204217188856035,5.969578281114397,590,6.69,-0.7204217188856035
598,5.348670307289076,598,6.54,-1.1913296927109238,5.348670307289076,591,6.6,-1.2513296927109234
599,5.639749097731375,599,6.67,-1.0302509022686248,5.639749097731375,592,6.71,-1.0702509022686248
600,5.853295142548833,600,6.65,-0.796704857451167,5.853295142548833,593,6.82,-0.966704857451167
601,5.347802431936215,601,6.75,-1.4021975680637846,5.347802431936215,594,6.73,-1.382197568063785
602,5.601161957953248,602,6.73,-1.1288380420467528,5.601161957953248,595,6.78,-1.1788380420467526
603,5.801475955566993,603,6.65,-0.8485240444330078,5.801475955566993,596,6.65,-0.8485240444330078
604,5.931536624320463,604,6.58,-0.6484633756795368,5.931536624320463,597,6.69,-0.7584633756795371
605,5.619297950842251,605,6.52,-0.9007020491577489,5.619297950842251,598,6.54,-0.9207020491577493
606,5.966882523323243,606,6.63,-0.6631174766767565,5.966882523323243,599,6.67,-0.7031174766767565
607,5.239118461743071,607,6.75,-1.5108815382569292,5.239118461743071,600,6.65,-1.4108815382569295
608,5.936573650598637,608,6.91,-0.9734263494013629,5.936573650598637,601,6.75,-0.8134263494013627
609,5.595689250751327,609,6.36,-0.7643107492486729,5.595689250751327,602,6.73,-1.134310749248673
610,5.4876623334295305,610,6.69,-1.20233766657047,5.4876623334295305,603,6.65,-1.1623376665704699
611,5.824369409708068,611,6.9,-1.075630590291932,5.824369409708068,604,6.58,-0.7556305902919318
612,5.572673900058576,612,6.73,-1.1573260999414243,5.572673900058576,605,6.52,-0.9473260999414235
613,5.561273225812002,613,6.67,-1.108726774187998,5.561273225812002,606,6.63,-1.068726774187998
614,5.605346697486703,614,6.9,-1.2946533025132974,5.605346697486703,607,6.75,-1.144653302513297
615,5.752793087651773,615,6.71,-0.9572069123482265,5.752793087651773,608,6.91,-1.1572069123482267
616,5.278912703135994,616,6.82,-1.5410872968640064,5.278912703135994,609,6.36,-1.0810872968640064
617,5.989490123527829,617,6.54,-0.5505098764721712,5.989490123527829,610,6.69,-0.7005098764721716
618,5.9220939300756505,618,6.47,-0.5479060699243492,5.9220939300756505,611,6.9,-0.9779060699243498
619,5.47890185045695,619,6.69,-1.2110981495430506,5.47890185045695,612,6.73,-1.2510981495430507
620,5.618043814067068,620,6.56,-0.9419561859329315,5.618043814067068,613,6.67,-1.0519561859329318
621,5.158885241656985,621,6.54,-1.3811147583430152,5.158885241656985,614,6.9,-1.7411147583430155
622,5.992094995906235,622,6.47,-0.47790500409376513,5.992094995906235,615,6.71,-0.7179050040937653
623,5.561451658231549,623,6.54,-0.9785483417684508,5.561451658231549,616,6.82,-1.258548341768451
624,5.706167451252164,624,6.54,-0.8338325487478357,5.706167451252164,617,6.54,-0.8338325487478357
625,5.341505261641321,625,6.49,-1.1484947383586794,5.341505261641321,618,6.47,-1.128494738358679
626,5.091688326396828,626,6.76,-1.6683116736031716,5.091688326396828,619,6.69,-1.5983116736031722
627,5.683389223940088,627,6.58,-0.8966107760599122,5.683389223940088,620,6.56,-0.8766107760599118
628,5.379365064692935,628,6.8,-1.4206349353070644,5.379365064692935,621,6.54,-1.1606349353070646
629,5.13891303007605,629,6.73,-1.5910869699239507,5.13891303007605,622,6.47,-1.33108696992395
630,5.438477901745785,630,6.69,-1.251522098254215,5.438477901745785,623,6.54,-1.1015220982542147
631,5.62321180956384,631,6.76,-1.1367881904361594,5.62321180956384,624,6.54,-0.9167881904361597
632,5.447521826999227,632,6.71,-1.2624781730007726,5.447521826999227,625,6.49,-1.0424781730007728
633,5.727903353541554,633,6.54,-0.8120966464584463,5.727903353541554,626,6.76,-1.032096646458446
634,5.567298530818411,634,6.52,-0.9527014691815889,5.567298530818411,627,6.58,-1.0127014691815894
635,5.4248328417366976,635,6.76,-1.3351671582633022,5.4248328417366976,628,6.8,-1.3751671582633023
636,5.344745951366978,636,6.56,-1.2152540486330219,5.344745951366978,629,6.73,-1.3852540486330227
637,5.599671987591575,637,6.73,-1.1303280124084258,5.599671987591575,630,6.69,-1.0903280124084258
638,4.596188458159147,638,6.65,-2.0538115418408536,4.596188458159147,631,6.76,-2.163811541840853
639,5.522726224999675,639,6.71,-1.1872737750003246,5.522726224999675,632,6.71,-1.1872737750003246
640,5.44410644037232,640,6.78,-1.3358935596276806,5.44410644037232,633,6.54,-1.0958935596276804
641,5.787140783112696,641,6.6,-0.8128592168873032,5.787140783112696,634,6.52,-0.7328592168873032
642,5.378886004550184,642,6.61,-1.2311139954498165,5.378886004550184,635,6.76,-1.381113995449816
643,5.367711004949308,643,6.76,-1.3922889950506914,5.367711004949308,636,6.56,-1.1922889950506912
644,5.529666947734987,644,6.56,-1.0303330522650125,5.529666947734987,637,6.73,-1.2003330522650133
645,5.486248336484528,645,6.75,-1.263751663515472,5.486248336484528,638,6.65,-1.1637516635154723
646,5.298716269145199,646,6.49,-1.191283730854801,5.298716269145199,639,6.71,-1.4112837308548007
647,5.553374274913788,647,6.73,-1.176625725086212,5.553374274913788,640,6.78,-1.2266257250862118
648,5.8951598918073485,648,6.65,-0.7548401081926519,5.8951598918073485,641,6.6,-0.7048401081926512
649,5.436740586849153,649,6.61,-1.1732594131508476,5.436740586849153,642,6.61,-1.1732594131508476
650,5.8171541668946745,650,6.69,-0.8728458331053259,5.8171541668946745,643,6.76,-0.9428458331053253
651,5.283488791745529,651,6.75,-1.4665112082544711,5.283488791745529,644,6.56,-1.2765112082544707
652,5.796152204150249,652,6.38,-0.583847795849751,5.796152204150249,645,6.75,-0.9538477958497511
653,5.181846420379481,653,6.78,-1.5981535796205195,5.181846420379481,646,6.49,-1.3081535796205195
654,5.341791822320521,654,7.05,-1.708208177679479,5.341791822320521,647,6.73,-1.3882081776794797
655,5.55999042006238,655,6.75,-1.1900095799376196,5.55999042006238,648,6.65,-1.09000957993762
656,5.702989763808562,656,6.69,-0.9870102361914386,5.702989763808562,649,6.61,-0.9070102361914385
657,5.549510821200536,657,6.69,-1.1404891787994647,5.549510821200536,650,6.69,-1.1404891787994647
658,5.270830229927817,658,6.58,-1.3091697700721827,5.270830229927817,651,6.75,-1.4791697700721826
659,5.5723636118128175,659,6.54,-0.9676363881871826,5.5723636118128175,652,6.38,-0.8076363881871824
660,6.018143705274611,660,6.32,-0.3018562947253889,6.018143705274611,653,6.78,-0.7618562947253888
661,6.41134606904903,661,6.6,-0.18865393095097005,6.41134606904903,654,7.05,-0.6386539309509702
662,5.418756587619445,662,6.8,-1.381243412380555,5.418756587619445,655,6.75,-1.3312434123805552
663,5.476032355556248,663,6.76,-1.2839676444437522,5.476032355556248,656,6.69,-1.2139676444437528
664,6.15171791670714,664,6.86,-0.7082820832928602,6.15171791670714,657,6.69,-0.5382820832928603
665,6.209829038054367,665,6.65,-0.44017096194563354,6.209829038054367,658,6.58,-0.37017096194563326
666,5.345181352299248,666,6.86,-1.5148186477007526,5.345181352299248,659,6.54,-1.1948186477007523
667,5.737826313377106,667,7.46,-1.7221736866228943,5.737826313377106,660,6.32,-0.5821736866228946
668,5.945728909827406,668,7.13,-1.1842710901725937,5.945728909827406,661,6.6,-0.6542710901725934
669,5.873796600655987,669,6.93,-1.056203399344013,5.873796600655987,662,6.8,-0.9262033993440131
670,5.477142579974678,670,6.27,-0.7928574200253218,5.477142579974678,663,6.76,-1.282857420025322
671,5.432478966417673,671,6.43,-0.997521033582327,5.432478966417673,664,6.86,-1.4275210335823276
672,5.998027349489913,672,6.21,-0.21197265051008696,5.998027349489913,665,6.65,-0.6519726505100873
673,5.7746082379646575,673,6.32,-0.5453917620353428,5.7746082379646575,666,6.86,-1.0853917620353428
675,5.821362848206617,675,6.18,-0.35863715179338307,5.821362848206617,668,7.13,-1.3086371517933832
676,6.24576978350857,676,6.12,0.12576978350857004,6.24576978350857,669,6.93,-0.6842302164914296
677,5.514013005712542,677,6.27,-0.7559869942874577,5.514013005712542,670,6.27,-0.7559869942874577
678,5.781287118867334,678,6.36,-0.5787128811326667,5.781287118867334,671,6.43,-0.6487128811326661
679,5.54000560879517,679,6.32,-0.7799943912048306,5.54000560879517,672,6.21,-0.6699943912048303
680,5.925864458507875,680,6.25,-0.324135541492125,5.925864458507875,673,6.32,-0.39413554149212526
681,5.657886974153533,681,6.25,-0.5921130258464666,5.657886974153533,674,6.25,-0.5921130258464666
682,5.670951176679009,682,6.07,-0.39904882332099145,5.670951176679009,675,6.18,-0.5090488233209909
683,5.354546761727134,683,6.32,-0.9654532382728664,5.354546761727134,676,6.12,-0.7654532382728663
684,5.62386796270647,684,6.18,-0.5561320372935299,5.62386796270647,677,6.27,-0.6461320372935297
685,5.734149162116273,685,6.18,-0.4458508378837269,5.734149162116273,678,6.36,-0.6258508378837275
686,5.136339276553303,686,6.16,-1.0236607234466968,5.136339276553303,679,6.32,-1.183660723446697
687,5.632088179687261,687,6.19,-0.5579118203127393,5.632088179687261,680,6.25,-0.617911820312739
688,5.736019335650126,688,5.74,-0.003980664349874097,5.736019335650126,681,6.25,-0.5139806643498739
689,5.53858098454942,689,5.84,-0.3014190154505796,5.53858098454942,682,6.07,-0.53141901545058
690,5.696497318769738,690,5.57,0.12649731876973735,5.696497318769738,683,6.32,-0.6235026812302626
691,5.510023258265298,691,6.36,-0.849976741734702,5.510023258265298,684,6.18,-0.6699767417347013
692,5.748054457101312,692,6.05,-0.3019455428986877,5.748054457101312,685,6.18,-0.4319455428986876
693,5.372182682529402,693,6.14,-0.7678173174705973,5.372182682529402,686,6.16,-0.7878173174705978
694,5.280346682070339,694,6.18,-0.8996533179296611,5.280346682070339,687,6.19,-0.9096533179296618
695,5.030113131442488,695,6.21,-1.179886868557512,5.030113131442488,688,5.74,-0.7098868685575122
696,5.292280363154592,696,5.98,-0.6877196368454088,5.292280363154592,689,5.84,-0.5477196368454083
697,5.180846993437583,697,6.16,-0.9791530065624174,5.180846993437583,690,5.57,-0.3891530065624176
698,5.694836564282976,698,6.21,-0.5151634357170236,5.694836564282976,691,6.36,-0.665163435717024
699,5.77785094925701,699,6.27,-0.49214905074298976,5.77785094925701,692,6.05,-0.27214905074299
700,5.479537894316698,700,6.0,-0.5204621056833023,5.479537894316698,693,6.14,-0.660462105683302
701,5.280202006336903,701,6.16,-0.8797979936630975,5.280202006336903,694,6.18,-0.8997979936630971
702,5.419067711981236,702,6.14,-0.7209322880187639,5.419067711981236,695,6.21,-0.7909322880187641
703,5.61112763184548,703,6.19,-0.5788723681545207,5.61112763184548,696,5.98,-0.36887236815452074
704,5.540139501695314,704,6.21,-0.6698604983046863,5.540139501695314,697,6.16,-0.6198604983046865
705,5.753597179835737,705,6.0,-0.2464028201642634,5.753597179835737,698,6.21,-0.45640282016426337
706,5.376771477950538,706,6.45,-1.0732285220494626,5.376771477950538,699,6.27,-0.893228522049462
707,5.463644000097065,707,6.19,-0.7263559999029354,5.463644000097065,700,6.0,-0.536355999902935
708,5.660253159952997,708,6.21,-0.5497468400470034,5.660253159952997,701,6.16,-0.49974684004700354
709,5.774685213603427,709,7.48,-1.7053147863965732,5.774685213603427,702,6.14,-0.36531478639657244
710,5.846303700146679,710,6.23,-0.3836962998533213,5.846303700146679,703,6.19,-0.3436962998533213
711,5.565909490136165,711,6.12,-0.5540905098638351,5.565909490136165,704,6.21,-0.644090509863835
712,5.636641097880228,712,6.23,-0.593358902119772,5.636641097880228,705,6.0,-0.3633589021197716
713,5.9044361605191416,713,6.21,-0.3055638394808584,5.9044361605191416,706,6.45,-0.5455638394808586
714,5.875507342671993,714,5.96,-0.08449265732800715,5.875507342671993,707,6.19,-0.3144926573280076
715,5.407899832735888,715,6.05,-0.642100167264112,5.407899832735888,708,6.21,-0.8021001672641122
718,5.518576338612806,718,6.0,-0.4814236613871943,5.518576338612806,711,6.12,-0.6014236613871944
719,5.467428380603432,719,6.14,-0.6725716193965674,5.467428380603432,712,6.23,-0.7625716193965681
720,5.752385101905129,720,6.11,-0.35761489809487124,5.752385101905129,713,6.21,-0.4576148980948709
721,5.601046935637927,721,6.12,-0.5189530643620728,5.601046935637927,714,5.96,-0.35895306436207264
722,5.552554366037124,722,6.12,-0.5674456339628762,5.552554366037124,715,6.05,-0.4974456339628759
723,5.669787287749291,723,6.11,-0.4402127122507089,5.669787287749291,716,6.12,-0.4502127122507087
724,5.122441397744706,724,7.07,-1.9475586022552944,5.122441397744706,717,6.02,-0.8975586022552937
725,5.556148097882797,725,6.11,-0.553851902117203,5.556148097882797,718,6.0,-0.4438519021172027
726,5.674944815260767,726,4.86,0.814944815260767,5.674944815260767,719,6.14,-0.46505518473923235
727,5.56707309311108,727,6.07,-0.50292690688892,5.56707309311108,720,6.11,-0.54292690688892
728,4.997906475191463,728,5.84,-0.8420935248085373,4.997906475191463,721,6.12,-1.1220935248085375
729,5.589997234478947,729,5.86,-0.2700027655210535,5.589997234478947,722,6.12,-0.5300027655210533
730,5.653261137564438,730,6.02,-0.36673886243556186,5.653261137564438,723,6.11,-0.4567388624355626
731,6.354676475464449,731,6.03,0.32467647546444844,6.354676475464449,724,7.07,-0.7153235245355516
732,5.512572277110124,732,6.12,-0.6074277228898763,5.512572277110124,725,6.11,-0.5974277228898766
734,5.660861537511755,734,5.95,-0.2891384624882454,5.660861537511755,727,6.07,-0.4091384624882455
735,5.586682362988859,735,5.81,-0.2233176370111405,5.586682362988859,728,5.84,-0.25331763701114074
736,5.641210284757598,736,6.18,-0.5387897152424017,5.641210284757598,729,5.86,-0.21878971524240232
737,5.67020943026754,737,6.09,-0.4197905697324602,5.67020943026754,730,6.02,-0.3497905697324599
738,6.007815990562125,738,6.27,-0.2621840094378749,6.007815990562125,731,6.03,-0.022184009437875574
739,4.996706432066579,739,5.82,-0.8232935679334217,4.996706432066579,732,6.12,-1.1232935679334215
740,5.141968947352773,740,5.89,-0.7480310526472262,5.141968947352773,733,6.03,-0.8880310526472268
741,5.597531482425841,741,5.65,-0.05246851757415971,5.597531482425841,734,5.95,-0.35246851757415953
742,4.9140463591701,742,4.23,0.6840463591700994,4.9140463591701,735,5.81,-0.8959536408298998
743,5.44551370769319,743,5.5,-0.05448629230680968,5.44551370769319,736,6.18,-0.7344862923068094
744,5.350919830736236,744,4.04,1.3109198307362355,5.350919830736236,737,6.09,-0.7390801692637643
745,5.445112901500616,745,4.17,1.2751129015006164,5.445112901500616,738,6.27,-0.8248870984993832
746,5.209247423173314,746,4.95,0.2592474231733135,5.209247423173314,739,5.82,-0.6107525768266866
747,5.159190068508265,747,6.04,-0.8808099314917355,5.159190068508265,740,5.89,-0.7308099314917351
748,4.959841619033435,748,4.28,0.6798416190334349,4.959841619033435,741,5.65,-0.6901583809665652
754,4.944052707736096,754,6.39,-1.445947292263904,4.944052707736096,747,6.04,-1.0959472922639044
756,5.54691165187894,756,6.37,-0.8230883481210602,5.54691165187894,749,6.02,-0.4730883481210597
757,5.275635587045474,757,6.41,-1.1343644129545263,5.275635587045474,750,6.25,-0.9743644129545261
758,5.519793373157292,758,6.33,-0.8102066268427084,5.519793373157292,751,6.33,-0.8102066268427084
760,5.256495671465598,760,6.13,-0.873504328534402,5.256495671465598,753,6.37,-1.1135043285344022
761,4.986200485193207,761,6.21,-1.2237995148067933,4.986200485193207,754,6.39,-1.403799514806793
762,4.904946187175796,762,6.08,-1.1750538128242045,4.904946187175796,755,6.39,-1.4850538128242041
767,5.163886543248914,767,6.33,-1.166113456751086,5.163886543248914,760,6.13,-0.9661134567510858
768,5.516369670509092,768,6.25,-0.7336303294909081,5.516369670509092,761,6.21,-0.6936303294909081
769,5.005648485341225,769,6.42,-1.414351514658775,5.005648485341225,762,6.08,-1.0743515146587752
770,4.950771009837505,770,6.33,-1.3792289901624954,4.950771009837505,763,6.37,-1.4192289901624955
771,5.199683202181941,771,6.35,-1.1503167978180588,5.199683202181941,764,6.33,-1.1303167978180593
772,5.077366921086679,772,6.33,-1.2526330789133207,5.077366921086679,765,6.35,-1.2726330789133202
773,4.71054520047575,773,6.54,-1.8294547995242496,4.71054520047575,766,6.29,-1.5794547995242496
774,5.521168861539029,774,6.46,-0.9388311384609711,5.521168861539029,767,6.33,-0.8088311384609712
775,5.363908856770481,775,6.31,-0.9460911432295189,5.363908856770481,768,6.25,-0.8860911432295193
776,4.828297789889758,776,6.39,-1.5617022101102416,4.828297789889758,769,6.42,-1.5917022101102418
777,4.5391090253582185,777,6.33,-1.7908909746417816,4.5391090253582185,770,6.33,-1.7908909746417816
778,5.002383215378131,778,6.35,-1.3476167846218683,5.002383215378131,771,6.35,-1.3476167846218683
779,5.17598951762821,779,6.5,-1.32401048237179,5.17598951762821,772,6.33,-1.15401048237179
780,4.815848072248871,780,6.33,-1.5141519277511293,4.815848072248871,773,6.54,-1.7241519277511292
781,5.294900514777914,781,6.35,-1.0550994852220859,5.294900514777914,774,6.46,-1.1650994852220862
782,4.653906906342005,782,6.41,-1.756093093657995,4.653906906342005,775,6.31,-1.6560930936579945
783,5.0293204214429625,783,6.48,-1.4506795785570379,5.0293204214429625,776,6.39,-1.3606795785570371
785,4.691180317088229,785,6.35,-1.658819682911771,4.691180317088229,778,6.35,-1.658819682911771
786,4.739119049344483,786,6.37,-1.6308809506555173,4.739119049344483,779,6.5,-1.7608809506555172
787,4.946370860235984,787,6.42,-1.4736291397640162,4.946370860235984,780,6.33,-1.3836291397640164
788,5.2922663873629405,788,6.52,-1.227733612637059,5.2922663873629405,781,6.35,-1.0577336126370591
791,5.0969281449032025,791,6.44,-1.343071855096798,5.0969281449032025,784,6.44,-1.343071855096798
792,4.698045424095459,792,6.52,-1.8219545759045408,4.698045424095459,785,6.35,-1.6519545759045409
793,5.7216747139599615,793,6.39,-0.6683252860400382,5.7216747139599615,786,6.37,-0.6483252860400386
794,5.572424872634541,794,6.44,-0.867575127365459,5.572424872634541,787,6.42,-0.8475751273654586
795,5.408400599124614,795,6.44,-1.0315994008753862,5.408400599124614,788,6.52,-1.1115994008753853
796,5.16136857096047,796,6.35,-1.1886314290395292,5.16136857096047,789,6.52,-1.3586314290395292
797,5.823836024178135,797,6.35,-0.5261639758218646,5.823836024178135,790,6.5,-0.6761639758218649
798,5.383573657701341,798,6.33,-0.9464263422986594,5.383573657701341,791,6.44,-1.0564263422986597
799,5.3578641907257,799,6.35,-0.9921358092742993,5.3578641907257,792,6.52,-1.1621358092742993
800,5.804478037343099,800,6.31,-0.5055219626569007,5.804478037343099,793,6.39,-0.5855219626569008
801,5.89098875722724,801,6.39,-0.49901124277275954,5.89098875722724,794,6.44,-0.5490112427727603
803,5.089096328136588,803,6.41,-1.3209036718634124,5.089096328136588,796,6.35,-1.260903671863412
804,5.812771599601543,804,6.44,-0.6272284003984572,5.812771599601543,797,6.35,-0.5372284003984564
805,4.172739845374279,805,6.37,-2.197260154625721,4.172739845374279,798,6.33,-2.157260154625721
806,4.611985433331013,806,6.48,-1.8680145666689878,4.611985433331013,799,6.35,-1.738014566668987
807,5.801512270892034,807,6.5,-0.6984877291079661,5.801512270892034,800,6.31,-0.5084877291079657
808,5.375194038411373,808,6.54,-1.1648059615886268,5.375194038411373,801,6.39,-1.0148059615886265
809,4.8980317914523805,809,6.48,-1.5819682085476199,4.8980317914523805,802,6.39,-1.4919682085476191
810,4.179742993432003,810,6.62,-2.4402570065679967,4.179742993432003,803,6.41,-2.2302570065679967
811,4.308026737436865,811,6.52,-2.2119732625631343,4.308026737436865,804,6.44,-2.131973262563135
812,5.97711933664813,812,6.66,-0.6828806633518703,5.97711933664813,805,6.37,-0.3928806633518702
813,5.047090671853004,813,6.62,-1.572909328146996,5.047090671853004,806,6.48,-1.4329093281469962
814,4.854493362301255,814,6.62,-1.7655066376987447,4.854493362301255,807,6.5,-1.6455066376987446
815,5.964118969901201,815,6.6,-0.6358810300987985,5.964118969901201,808,6.54,-0.5758810300987989
817,5.313020692842555,817,6.64,-1.326979307157445,5.313020692842555,810,6.62,-1.3069793071574454
822,5.802268852305145,822,7.34,-1.5377311476948545,5.802268852305145,815,6.6,-0.7977311476948543
823,5.235437437689384,823,7.88,-2.6445625623106155,5.235437437689384,816,6.23,-0.994562562310616
825,5.5927717289641565,825,6.04,-0.4472282710358435,5.5927717289641565,818,6.68,-1.0872282710358432
826,5.51060639917883,826,6.78,-1.2693936008211706,5.51060639917883,819,6.62,-1.1093936008211704
827,5.644065476773622,827,7.17,-1.5259345232263781,5.644065476773622,820,6.62,-0.9759345232263783
828,5.26448806661126,828,7.13,-1.8655119333887402,5.26448806661126,821,5.42,-0.15551193338874025
829,5.596963798276382,829,7.11,-1.5130362017236187,5.596963798276382,822,7.34,-1.7430362017236183
831,5.6062694166260245,831,7.15,-1.5437305833739758,5.6062694166260245,824,7.17,-1.5637305833739754
832,5.510421541352428,832,7.28,-1.7695784586475725,5.510421541352428,825,6.04,-0.5295784586475722
834,5.123793419790386,834,7.13,-2.0062065802096143,5.123793419790386,827,7.17,-2.0462065802096143
835,5.537545000389629,835,7.11,-1.572454999610371,5.537545000389629,828,7.13,-1.5924549996103705
836,5.408615528137544,836,7.03,-1.6213844718624566,5.408615528137544,829,7.11,-1.7013844718624567
837,5.976952966908071,837,7.05,-1.073047033091929,5.976952966908071,830,7.17,-1.1930470330919292
838,5.726586798922059,838,6.82,-1.093413201077941,5.726586798922059,831,7.15,-1.423413201077941
839,5.722059982984643,839,7.13,-1.407940017015357,5.722059982984643,832,7.28,-1.5579400170153574
840,5.463296483393683,840,7.17,-1.706703516606317,5.463296483393683,833,7.19,-1.7267035166063174
841,6.304374846156059,841,7.13,-0.8256251538439408,6.304374846156059,834,7.13,-0.8256251538439408
843,6.001984536194654,843,6.82,-0.8180154638053461,6.001984536194654,836,7.03,-1.028015463805346
844,5.64853238497114,844,7.15,-1.5014676150288606,5.64853238497114,837,7.05,-1.40146761502886
845,5.900975182094903,845,7.22,-1.3190248179050972,5.900975182094903,838,6.82,-0.9190248179050977
846,5.6126445404429415,846,6.76,-1.1473554595570583,5.6126445404429415,839,7.13,-1.5173554595570584
848,5.834932503628171,848,7.24,-1.4050674963718288,5.834932503628171,841,7.13,-1.2950674963718285
849,5.606638115086219,849,7.26,-1.6533618849137808,5.606638115086219,842,7.22,-1.6133618849137807
850,5.878040662525345,850,7.15,-1.2719593374746552,5.878040662525345,843,6.82,-0.9419593374746551
851,5.769004523851258,851,7.15,-1.3809954761487422,5.769004523851258,844,7.15,-1.3809954761487422
853,5.649090343013248,853,7.15,-1.5009096569867522,5.649090343013248,846,6.76,-1.1109096569867516
855,5.746103774839399,855,7.17,-1.4238962251606013,5.746103774839399,848,7.24,-1.4938962251606016
857,5.397682376527039,857,7.22,-1.8223176234729603,5.397682376527039,850,7.15,-1.752317623472961
858,5.991139028965107,858,7.09,-1.0988609710348927,5.991139028965107,851,7.15,-1.1588609710348932
859,5.680353059385307,859,7.22,-1.539646940614693,5.680353059385307,852,7.07,-1.3896469406146936
860,5.775425780613624,860,7.28,-1.5045742193863765,5.775425780613624,853,7.15,-1.3745742193863766
861,5.658618724615411,861,7.22,-1.5613812753845888,5.658618724615411,854,7.05,-1.391381275384589
862,5.7803115823547015,862,7.3,-1.5196884176452983,5.7803115823547015,855,7.17,-1.3896884176452984
863,5.478486414264733,863,7.13,-1.651513585735267,5.478486414264733,856,7.19,-1.7115135857352675
864,5.704986976833672,864,7.26,-1.5550130231663282,5.704986976833672,857,7.22,-1.5150130231663281
865,5.651951193569215,865,7.17,-1.5180488064307847,5.651951193569215,858,7.09,-1.4380488064307846
866,5.410913669531949,866,7.17,-1.759086330468051,5.410913669531949,859,7.22,-1.809086330468051
867,5.671169418818724,867,7.24,-1.5688305811812766,5.671169418818724,860,7.28,-1.6088305811812766
868,5.682424156811442,868,7.13,-1.4475758431885577,5.682424156811442,861,7.22,-1.5375758431885576
869,6.034517854778683,869,7.24,-1.2054821452213176,6.034517854778683,862,7.3,-1.2654821452213172
870,5.721388969297312,870,7.19,-1.4686110307026885,5.721388969297312,863,7.13,-1.408611030702688
872,5.619863681043272,872,7.22,-1.6001363189567277,5.619863681043272,865,7.17,-1.5501363189567279
873,5.810415425376458,873,7.11,-1.299584574623542,5.810415425376458,866,7.17,-1.3595845746235415
876,5.708418565163443,876,7.17,-1.4615814348365568,5.708418565163443,869,7.24,-1.531581434836557
878,5.836461554325705,878,7.3,-1.4635384456742946,5.836461554325705,871,7.17,-1.3335384456742947
879,5.370779410949138,879,7.19,-1.8192205890508628,5.370779410949138,872,7.22,-1.8492205890508622
880,5.733241984588523,880,7.26,-1.5267580154114766,5.733241984588523,873,7.11,-1.3767580154114771
881,5.660350027812135,881,7.32,-1.6596499721878653,5.660350027812135,874,7.24,-1.5796499721878652
882,5.577508987811213,882,7.32,-1.742491012188787,5.577508987811213,875,7.24,-1.662491012188787
883,5.6677356048602485,883,7.32,-1.6522643951397518,5.6677356048602485,876,7.17,-1.5022643951397514
884,5.15199816808916,884,7.24,-2.08800183191084,5.15199816808916,877,7.3,-2.1480018319108396
885,5.2734736002866205,885,7.34,-2.0665263997133794,5.2734736002866205,878,7.3,-2.0265263997133793
886,5.649194168626446,886,7.26,-1.610805831373554,5.649194168626446,879,7.19,-1.5408058313735546
888,5.456998444049149,888,6.44,-0.9830015559508514,5.456998444049149,881,7.32,-1.8630015559508513
889,5.997151456295286,889,7.32,-1.3228485437047146,5.997151456295286,882,7.32,-1.3228485437047146
890,5.473567222622948,890,7.34,-1.8664327773770522,5.473567222622948,883,7.32,-1.8464327773770526
891,5.314359193465559,891,7.3,-1.985640806534441,5.314359193465559,884,7.24,-1.9256408065344415
893,5.647295087734379,893,7.38,-1.7327049122656213,5.647295087734379,886,7.26,-1.6127049122656212
894,5.626049871968443,894,7.36,-1.733950128031557,5.626049871968443,887,7.3,-1.6739501280315565
895,5.992451261874942,895,7.32,-1.3275487381250581,5.992451261874942,888,6.44,-0.44754873812505824
897,5.640614471905589,897,6.91,-1.2693855280944115,5.640614471905589,890,7.34,-1.6993855280944112
898,5.875676337897829,898,7.34,-1.4643236621021707,5.875676337897829,891,7.3,-1.4243236621021707
899,5.706738846266767,899,7.36,-1.653261153733233,5.706738846266767,892,7.32,-1.6132611537332329
900,6.0308451016317095,900,7.22,-1.1891548983682902,6.0308451016317095,893,7.38,-1.3491548983682904
901,5.732800841595149,901,7.43,-1.6971991584048505,5.732800841595149,894,7.36,-1.627199158404851
905,5.485950778585897,905,7.09,-1.6040492214141029,5.485950778585897,898,7.34,-1.8540492214141029
907,5.879818901828962,907,7.15,-1.2701810981710384,5.879818901828962,900,7.22,-1.3401810981710378
908,5.342571900901239,908,7.3,-1.9574280990987605,5.342571900901239,901,7.43,-2.0874280990987604
909,5.877100494770133,909,7.3,-1.422899505229867,5.877100494770133,902,7.32,-1.4428995052298674
910,5.71804941346466,910,7.4,-1.6819505865353408,5.71804941346466,903,7.34,-1.6219505865353403
914,4.915515686065572,914,7.19,-2.274484313934428,4.915515686065572,907,7.15,-2.234484313934428
915,5.343169489769226,915,7.28,-1.9368305102307746,5.343169489769226,908,7.3,-1.9568305102307741
916,4.401615667963736,916,7.22,-2.8183843320362634,4.401615667963736,909,7.3,-2.8983843320362634
917,5.753833040940157,917,7.22,-1.4661669590598425,5.753833040940157,910,7.4,-1.6461669590598431
920,4.8404397655324845,920,7.26,-2.4195602344675153,4.8404397655324845,913,7.19,-2.349560234467516
922,5.600693979176535,922,7.22,-1.6193060208234646,5.600693979176535,915,7.28,-1.6793060208234651
924,5.631567392867436,924,7.19,-1.5584326071325645,5.631567392867436,917,7.22,-1.5884326071325638
925,5.318304435095172,925,7.13,-1.811695564904828,5.318304435095172,918,7.24,-1.9216955649048284
926,5.34208286453346,926,7.28,-1.9379171354665399,5.34208286453346,919,7.19,-1.84791713546654
927,5.06211683561977,927,7.19,-2.12788316438023,5.06211683561977,920,7.26,-2.1978831643802295
928,5.636941571588942,928,7.19,-1.5530584284110587,5.636941571588942,921,7.22,-1.583058428411058
929,5.527637063703999,929,7.13,-1.602362936296001,5.527637063703999,922,7.22,-1.6923629362960009
930,5.566777250341072,930,7.3,-1.7332227496589274,5.566777250341072,923,7.17,-1.6032227496589275
935,6.295026268752303,935,7.22,-0.9249737312476967,6.295026268752303,928,7.19,-0.8949737312476973
936,4.031788469247435,936,7.13,-3.0982115307525646,4.031788469247435,929,7.13,-3.0982115307525646
941,5.631429175071336,941,7.24,-1.6085708249286643,5.631429175071336,934,7.32,-1.6885708249286644
946,5.924164830803305,946,7.34,-1.4158351691966953,5.924164830803305,939,7.34,-1.4158351691966953
950,5.658912794196908,950,7.22,-1.5610872058030916,5.658912794196908,943,7.32,-1.661087205803092
955,5.732111411779985,955,7.24,-1.5078885882200153,5.732111411779985,948,7.26,-1.5278885882200148
956,5.601446494245812,956,7.22,-1.6185535057541873,5.601446494245812,949,7.22,-1.6185535057541873
960,5.399869779220336,960,6.52,-1.1201302207796635,5.399869779220336,953,7.15,-1.7501302207796643
961,4.843516990550652,961,6.6,-1.7564830094493473,4.843516990550652,954,7.22,-2.3764830094493474
962,4.745097729809959,962,6.56,-1.814902270190041,4.745097729809959,955,7.24,-2.4949022701900416
963,6.294847330643401,963,6.54,-0.24515266935659863,6.294847330643401,956,7.22,-0.9251526693565983
965,6.365073513597379,965,6.52,-0.15492648640262097,6.365073513597379,958,7.24,-0.8749264864026216
966,4.764814149952385,966,6.58,-1.815185850047615,4.764814149952385,959,7.13,-2.365185850047615
967,6.082111077702365,967,6.64,-0.5578889222976349,6.082111077702365,960,6.52,-0.43788892229763476
