wire_number,A_baseline_json_value,B_reversed_json_value,A_baseline_mapped_wire,B_reversed_mapped_wire,A_baseline_residual,B_reversed_residual,A_baseline_summary_value,B_reversed_summary_value
1,5.4,5.96,1,481,-0.11760392886180782,0.19460097191917747,5.2823960711381925,6.154600971919177
2,5.94,6.25,2,480,-0.45383689073644273,-0.24280422575776583,5.486163109263558,6.007195774242234
3,6.03,6.0,3,479,-0.5413901333671571,0.21051881949446472,5.488609866632843,6.210518819494465
4,6.33,6.3,4,478,-0.410848967595439,0.3916273202222822,5.919151032404561,6.691627320222282
5,6.17,6.62,5,477,0.3640101366355655,-0.0226298514403096,6.534010136635565,6.5973701485596905
6,6.41,6.62,6,476,-0.49477141921374823,-0.6481093985119903,5.915228580786252,5.97189060148801
7,5.99,6.27,7,475,-0.4948703865617752,0.042398814554046815,5.495129613438225,6.312398814554046
8,6.13,6.61,8,474,-0.43221088335006463,-0.8213905488292896,5.697789116649935,5.788609451170711
9,6.03,6.11,9,473,-0.5423410815096252,-0.3228823364011273,5.487658918490375,5.787117663598873
10,6.13,6.16,10,472,-0.7055948721331164,-0.460616781428004,5.4244051278668834,5.699383218571996
11,6.51,6.36,11,471,-0.5960604651634478,-0.6626244768622227,5.913939534836552,5.697375523137778
12,6.57,6.27,12,470,-0.6559421013283391,0.27871788636909844,5.914057898671661,6.548717886369098
13,6.52,6.25,13,469,-0.3295828518624653,0.10939720646479589,6.190417148137534,6.359397206464796
14,6.36,6.3,14,468,-0.6937877396321479,0.2719115982537348,5.666212260367852,6.571911598253735
15,6.17,6.21,15,467,-0.6842187910561401,0.11556850787197082,5.48578120894386,6.325568507871971
16,6.35,6.21,16,466,-0.653463235586929,-0.3232326061370472,5.696536764413071,5.886767393862953
17,6.57,6.52,17,465,-0.7853994383145873,-0.5959040930220869,5.784600561685413,5.924095906977913
18,6.44,6.49,18,464,0.22622990912801821,-0.4674915969603308,6.666229909128019,6.022508403039669
19,6.43,6.57,19,463,-0.23796366050725482,-0.635043001940061,6.192036339492745,5.934956998059939
20,6.08,6.49,20,462,-0.4302808056071381,-0.21150937079054266,5.649719194392862,6.2784906292094576
21,6.17,6.85,21,461,-0.08953439382080752,-0.9957499930231792,6.080465606179192,5.85425000697682
22,6.35,6.19,22,460,-0.4207047157111372,-0.07030219906926405,5.929295284288862,6.119697800930736
23,6.32,6.19,23,459,-0.3788079625851566,-0.15156387038081842,5.941192037414844,6.038436129619182
24,6.69,6.3,24,458,-0.350466241357533,-0.36146273177886457,6.339533758642467,5.938537268221135
25,6.49,6.4,25,457,-0.44941681272641176,-0.5639751377963815,6.0405831872735885,5.836024862203619
26,6.43,6.22,26,456,-0.40866568177914253,-0.5076418969069492,6.021334318220857,5.712358103093051
27,6.4,6.36,27,455,-0.41277987574478914,-0.3021032239839041,5.987220124255211,6.057896776016096
28,6.32,6.22,28,454,-0.46353581285909407,-0.2969110013346734,5.856464187140906,5.923088998665326
29,6.13,6.24,29,453,-0.3940797410976167,0.020525845667233256,5.735920258902383,6.2605258456672335
30,6.08,6.21,30,452,-0.27215458912824264,-0.40511947221026556,5.807845410871757,5.804880527789734
31,6.05,6.43,31,451,-0.3932470439017557,-0.27465399308572636,5.656752956098244,6.155346006914273
32,6.1,6.24,32,450,-0.35400849723738226,-0.6007931926270436,5.745991502762617,5.639206807372957
33,6.4,6.21,33,449,-0.2604639234960313,0.005137372723450717,6.139536076503969,6.215137372723451
34,6.08,6.27,34,448,-0.15881204779007163,-0.31431253269872883,5.921187952209928,5.955687467301271
35,6.52,6.43,35,447,-0.5303989437440313,-0.3739838623521141,5.989601056255968,6.056016137647886
36,6.36,6.67,36,446,-0.35099322426619217,-0.48894747910051883,6.009006775733808,6.181052520899481
37,6.51,6.3,37,445,-0.46782810328007596,-0.07436350547649351,6.042171896719924,6.225636494523506
38,6.05,6.17,38,444,-0.9190295873983558,-0.47064583046905284,5.130970412601644,5.699354169530947
39,6.4,6.05,39,443,-0.47690981678693944,-0.6163488087677615,5.923090183213061,5.433651191232238
40,6.05,5.85,40,442,-0.5470931896255031,0.30565393568094645,5.502906810374497,6.155653935680946
41,6.35,6.38,41,441,-0.14894099955714335,-0.2840842601499798,6.201059000442856,6.09591573985002
42,6.13,6.35,42,440,-0.41327990905215994,-0.4284827918097047,5.71672009094784,5.921517208190295
43,5.99,6.11,43,439,0.22612026510691408,0.5100824749831396,6.216120265106914,6.62008247498314
44,6.03,6.19,44,438,-0.1696175729066356,-0.2502065945634637,5.860382427093365,5.939793405436537
45,6.16,6.06,45,437,-0.07025945953228874,-0.3174485940156462,6.089740540467711,5.742551405984353
46,6.54,6.1,46,436,-0.6127323649576839,0.2633832011611368,5.927267635042316,6.363383201161136
47,6.38,5.96,47,435,-0.6770524834423828,-0.4217459760699436,5.702947516557617,5.538254023930056
48,6.3,6.24,48,434,-0.37753168805466064,-0.21757759688457323,5.922468311945339,6.022422403115427
49,6.51,6.28,49,433,-0.5349867693917076,0.17277199111306185,5.975013230608292,6.452771991113062
50,6.38,5.97,50,432,-0.48918965679235615,0.6744170459778029,5.890810343207644,6.644417045977803
51,6.48,6.02,51,431,-0.5718032385223433,-0.5344023264804028,5.908196761477657,5.485597673519597
52,6.21,6.1,52,430,-0.37619015276982193,-0.1769110013346733,5.833809847230178,5.923088998665326
53,6.17,6.27,53,429,-0.6446656452748538,0.2868325796389266,5.525334354725146,6.556832579638926
54,5.89,5.99,54,428,-0.2821851740913832,-0.5059628235238804,5.6078148259086165,5.48403717647612
55,6.11,6.08,55,427,-0.22357152247014778,0.2424241040170818,5.8864284775298525,6.322424104017082
56,6.28,6.33,56,426,-0.5072072807330388,-0.00258414231135351,5.7727927192669615,6.327415857688647
57,6.44,6.35,57,425,-0.5169121858822878,-0.39878258358177554,5.923087814117713,5.951217416418224
58,6.36,6.43,58,424,-0.43358195473163796,-0.28237867209319045,5.926418045268362,6.147621327906809
59,6.25,5.86,59,423,-0.42398286204598534,-0.016700490186478234,5.826017137954015,5.843299509813522
60,6.22,5.96,60,422,-0.49303217748283856,0.17342078374830372,5.726967822517161,6.133420783748304
61,6.51,6.35,61,421,-0.44949500220176386,-0.29215713169563706,6.060504997798236,6.057842868304363
62,6.1,5.92,62,420,-0.42021848387057315,0.29758504028467136,5.6797815161294265,6.217585040284671
63,6.03,6.19,63,419,-0.2546541494687151,-0.46237289776341406,5.775345850531285,5.727627102236586
64,6.28,6.03,64,418,-0.4956593125351212,-0.5259079798344368,5.784340687464879,5.504092020165563
65,6.41,6.0,65,417,-0.23462381246820918,-0.0613903799828428,6.175376187531791,5.938609620017157
66,6.05,6.03,66,416,-0.39365104234733383,0.2769851655175799,5.656348957652666,6.30698516551758
67,5.76,5.89,67,415,0.3955549146099431,-0.26044009863703454,6.155554914609943,5.629559901362965
68,6.0,6.17,68,414,-0.6415593812511355,-0.49244423525303027,5.3584406187488645,5.67755576474697
69,6.17,5.94,69,413,-0.46225222804265265,-0.07231833293521195,5.707747771957347,5.867681667064788
70,5.97,5.92,70,412,-0.4855787042352038,0.13886715584282516,5.484421295764796,6.058867155842825
71,6.06,5.91,71,411,-0.2816757578958775,-0.4259662429230149,5.778324242104122,5.484033757076985
72,6.0,5.82,72,410,-0.5103148013932195,-0.40463711702538596,5.4896851986067805,5.415362882974614
73,6.41,5.91,73,409,-0.46995511393156697,0.48726348755003457,5.940044886068433,6.397263487550035
74,6.11,5.97,74,408,-0.37558919954213366,-0.04639097349187704,5.734410800457867,5.923609026508123
75,5.96,5.77,75,407,-0.4189347581595815,0.20021720825801914,5.5410652418404185,5.970217208258019
76,6.06,5.73,76,406,-0.2007922399600055,-0.23850371799881387,5.859207760039994,5.491496282001187
77,6.85,5.88,77,405,-1.127535463788746,-0.1806597739824598,5.722464536211254,5.69934022601754
78,6.25,5.79,78,404,-0.42792365265498056,0.09091625784265833,5.822076347345019,5.880916257842658
79,6.16,5.92,79,403,-0.47020475119204264,0.22901645714708785,5.6897952488079575,6.149016457147088
80,6.14,6.1,80,402,-0.4597080885745459,0.09315064051304489,5.680291911425454,6.1931506405130445
81,5.97,6.03,81,401,-0.3823937556210142,-0.014628694857201197,5.587606244378986,6.015371305142799
82,6.06,6.05,82,400,0.07343404311298496,0.14292898351816152,6.133434043112985,6.192928983518161
83,5.65,6.19,83,399,-0.6367286828908556,-0.03819401671581435,5.013271317109145,6.151805983284186
84,6.03,6.24,84,398,-0.14882760925218808,-0.031260448478044545,5.881172390747812,6.208739551521956
85,6.3,5.94,85,397,-0.3929862369002137,0.44376846051365604,5.907013763099786,6.383768460513656
86,6.13,6.08,86,396,-0.42283943475274466,0.07922164052516312,5.707160565247255,6.159221640525163
87,6.0,5.82,87,395,-0.3006737174788121,1.065108688397701,5.699326282521188,6.885108688397701
88,5.89,5.89,88,394,-0.5873380977527054,0.42618412389436955,5.302661902247294,6.316184123894369
89,6.22,6.05,89,393,-0.40046830708641945,0.2800447255156646,5.81953169291358,6.330044725515664
90,6.28,5.97,90,392,-0.35722253327661324,0.20407965889643442,5.922777466723387,6.174079658896434
91,6.03,5.79,91,391,-0.3976404583276594,0.022693123293239914,5.632359541672341,5.81269312329324
92,6.36,5.79,92,390,-0.33313346376428665,-0.19785636436993936,6.026866536235714,5.592143635630061
93,5.89,5.41,93,389,-0.40596168372393127,1.3880861757517202,5.484038316276068,6.79808617575172
94,6.05,5.76,94,388,-0.22402280521030082,0.06757855303890015,5.825977194789699,5.8275785530389
95,6.19,5.7,95,387,-0.35914167678424036,-0.23705615467544838,5.83085832321576,5.462943845324552
96,6.1,5.89,96,386,0.14344173115911296,-0.36123858415071286,6.243441731159113,5.528761415849287
97,5.96,5.52,97,385,-0.13734465729975653,-0.24311183940047165,5.822655342700243,5.276888160599528
98,6.14,5.68,98,384,-0.4329603607004531,0.34757034095668526,5.707039639299547,6.027570340956685
99,6.25,5.74,99,383,-0.3952812813037978,0.38728323740627335,5.854718718696202,6.127283237406274
100,5.83,5.89,100,382,-0.08648281123774382,-0.23011411936896842,5.743517188762256,5.659885880631031
101,6.11,5.89,101,381,-0.3722681287595977,-0.32520809167125364,5.737731871240403,5.564791908328746
102,6.28,6.0,102,380,-0.41289013121625473,-0.3728488028884369,5.8671098687837455,5.627151197111563
103,6.32,6.02,103,379,-0.4125556392012353,-0.6225723336251239,5.907444360798765,5.397427666374876
104,5.97,6.03,104,378,-0.5179569378253994,0.04970711529196592,5.4520430621746,6.079707115291966
105,6.19,5.86,105,377,-0.48943035534248125,0.5725532773630313,5.700569644657519,6.432553277363032
106,6.28,6.21,106,376,-0.3743654634355922,-0.4567236196962101,5.905634536564408,5.75327638030379
107,5.89,5.99,107,375,-0.4047682481941166,0.32569362080516484,5.485231751805883,6.315693620805165
108,5.96,6.06,108,374,-0.3906236882266061,-0.45743514965340193,5.569376311773394,5.602564850346598
109,6.32,6.16,109,373,-0.43555876927866954,0.0005987563104046245,5.884441230721331,6.160598756310405
110,5.59,5.86,110,372,-0.41041937796628236,-0.5831274923099565,5.1795806220337175,5.276872507690044
111,5.53,6.13,111,371,0.2526680332214317,-0.6459628235238801,5.782668033221432,5.48403717647612
112,6.05,5.97,112,370,-0.5126680009807671,-0.5649516910561072,5.537331999019233,5.4050483089438925
113,5.88,5.86,113,369,-0.44076992131373594,0.24221309823023063,5.439230078686264,6.102213098230231
114,5.7,5.79,114,368,0.17774279721273611,-0.19828682240480244,5.877742797212736,5.591713177595198
115,5.85,5.65,115,367,-0.39226173557606536,-0.39355260991301577,5.457738264423934,5.256447390086985
116,5.91,5.67,116,366,-0.4423693517356515,-0.42241802757873526,5.467630648264349,5.247581972421265
117,5.94,5.77,117,365,-0.4645694924001811,-0.38916482592560087,5.475430507599819,5.380835174074399
118,5.96,5.85,118,364,-0.44717368712696715,-0.5158566308242349,5.512826312873033,5.334143369175765
119,5.96,5.7,119,363,-0.5681274759929043,-0.6737257200318565,5.391872524007096,5.026274279968144
120,6.72,5.97,120,362,-0.9995751594276809,-0.03203560011076956,5.720424840572319,5.93796439988923
121,6.36,5.97,121,361,-0.4633678771983023,-0.2706620978997041,5.896632122801698,5.699337902100296
122,5.77,5.79,122,360,-0.28596168372393116,-0.4969870938367693,5.484038316276068,5.293012906163231
123,5.7,5.82,123,359,-0.4253197883298947,0.6411932406213321,5.2746802116701055,6.461193240621332
124,6.27,5.88,124,358,-0.5501932830569878,-0.18210980624853423,5.719806716943012,5.697890193751466
125,5.7,5.65,125,357,-0.42344725380797943,0.06761503361777699,5.276552746192021,5.717615033617777
126,5.8,5.79,126,356,-0.574908200780972,0.139291728785083,5.225091799219028,5.929291728785083
127,6.06,5.65,127,355,-0.23274103125914802,0.7191735257968785,5.827258968740852,6.369173525796879
128,6.13,5.79,128,354,-0.5390314526634459,0.13308307592843605,5.590968547336554,5.923083075928436
129,6.05,5.85,129,353,-0.489633373103711,0.34636087221770584,5.560366626896289,6.1963608722177055
130,6.06,5.73,130,352,-0.48660963775016075,0.4468760732783492,5.573390362249839,6.17687607327835
131,6.21,5.89,131,351,-0.3408209147136141,-0.27354548413362334,5.869179085286386,5.616454515866376
132,6.17,6.06,132,350,-0.6342587429838913,-0.2962106586183113,5.535741257016109,5.763789341381688
133,6.03,6.02,133,349,-0.5447591287981455,0.44656745380053753,5.485240871201855,6.466567453800537
134,5.96,5.88,134,348,-0.1276807010922063,0.6478381854368127,5.832319298907794,6.527838185436813
135,5.74,5.79,135,347,-0.5912032609505111,0.5268679243218237,5.148796739049489,6.316867924321824
136,6.13,6.02,136,346,-0.30011595063831464,-0.5518264675897644,5.829884049361685,5.468173532410235
137,6.28,5.76,137,345,-0.5472452956429192,0.17148449181354852,5.732754704357081,5.931484491813548
138,5.92,5.89,138,344,-0.5171885568827683,0.141768929510536,5.402811443117232,6.031768929510536
139,5.79,5.99,139,343,-0.46446724663754324,-0.28911542621337993,5.325532753362457,5.70088457378662
140,6.02,6.06,140,342,-0.5040511490013895,-1.0167925373416322,5.51594885099861,5.043207462658367
141,5.99,5.62,141,341,0.2702335717942228,0.11501106323051324,6.260233571794223,5.735011063230513
142,6.33,5.82,142,340,-0.46125601103660685,-0.47477722637442543,5.868743988963393,5.345222773625575
143,5.74,5.74,143,339,-0.3089114588476294,0.1407439319300119,5.431088541152371,5.880743931930012
144,6.05,6.05,144,338,-0.48288856431993654,-0.27539336416823534,5.567111435680063,5.7746066358317645
145,6.08,6.21,145,337,-0.3200988042432673,-0.7259537051209772,5.759901195756733,5.484046294879023
146,5.82,6.03,146,336,-0.4764042601209919,-0.5081659860338323,5.343595739879008,5.521834013966168
147,6.25,6.03,147,335,-0.5422289717095108,-0.5459628235238805,5.707771028290489,5.48403717647612
148,6.08,6.05,148,334,-0.5959559847224121,0.5758706410440446,5.484044015277588,6.625870641044044
149,5.96,6.0,149,333,-0.44243009804810374,0.32486832383183817,5.517569901951896,6.324868323831838
150,5.83,6.11,150,332,-0.4469867178246405,-0.05942887921405848,5.38301328217536,6.050571120785942
151,6.08,5.96,151,331,-0.3713370555842834,-0.03691810861858702,5.708662944415717,5.923081891381413
152,5.74,6.08,152,330,-0.05342486878278496,-0.38066325985814764,5.686575131217215,5.699336740141852
153,5.85,6.14,153,329,-0.19564419882795914,-0.872817773594381,5.6543558011720405,5.267182226405619
154,5.99,5.77,154,328,-0.5791452214029214,0.21072886263023083,5.410854778597079,5.98072886263023
155,5.73,6.0,155,327,-0.6941077143917314,-0.2998603183360844,5.035892285608269,5.700139681663916
156,6.06,5.73,156,326,-0.39744014357578816,0.5479467136369234,5.6625598564242114,6.277946713636924
157,5.73,5.97,157,325,-0.4269615046409765,0.3006025030499968,5.303038495359024,6.270602503049997
158,5.94,5.89,158,324,-0.35199567123271613,-0.42477615488227816,5.588004328767284,5.4652238451177215
159,5.7,5.92,159,323,-0.4711181174808008,-0.7379223008215741,5.228881882519199,5.182077699178426
160,5.91,5.92,160,322,-0.3756672006279622,-0.1699908312925098,5.534332799372038,5.75000916870749
161,5.89,5.89,161,321,-0.4059605439238645,0.10663227124405772,5.484039456076135,5.996632271244057
162,5.74,5.76,162,320,-0.6488657333935839,-0.4620085338482349,5.091134266606416,5.297991466151765
163,6.16,5.82,163,319,-0.46072135762931943,-0.5629366160618243,5.699278642370681,5.257063383938176
164,5.86,5.61,164,318,-0.4861805521657496,-0.2997599527280963,5.373819447834251,5.310240047271904
165,6.03,5.64,165,317,-0.34995052919942893,-0.46503306611273043,5.680049470800571,5.174966933887269
166,6.28,5.62,166,316,-0.4825787605772689,0.4679354265952833,5.797421239422731,6.087935426595283
167,5.77,5.7,167,315,0.27123754756546337,0.2231363806670661,6.041237547565463,5.923136380667066
168,5.79,6.05,168,314,0.0025084441023368598,-0.9724371511374388,5.792508444102337,5.077562848862561
169,6.02,5.73,169,313,0.06801708930811845,-0.2796706002147582,6.088017089308118,5.450329399785242
170,6.1,5.85,170,312,-0.18584977671468828,-0.6498765233390049,5.914150223285311,5.200123476660995
171,5.74,5.85,171,311,0.9164503830701003,-0.07308784050445194,6.6564503830701005,5.776912159495548
172,5.86,5.94,172,310,-0.3527445120474395,-0.6963575451671051,5.507255487952561,5.243642454832895
173,5.94,5.74,173,309,0.42003424341675366,0.27767544335546557,6.360034243416754,6.017675443355466
174,5.86,5.91,174,308,-0.6141672489644625,-0.796745758419096,5.245832751035538,5.113254241580904
175,5.74,5.68,175,307,-0.10282146133675507,0.024071541567768584,5.637178538663245,5.704071541567768
176,5.76,6.06,176,306,0.6558498125447549,-0.8517244189598623,6.415849812544755,5.208275581040137
177,5.91,5.73,177,305,-0.20719544869381057,1.2745057214012796,5.70280455130619,7.00450572140128
178,6.06,5.68,178,304,-0.3818620328817719,-0.1959616837239313,5.678137967118228,5.484038316276068
179,5.79,6.16,179,303,0.42494201695267275,-0.4538626138674786,6.214942016952673,5.7061373861325215
180,5.85,5.77,180,302,0.5237732753459783,-0.6842433488437871,6.373773275345978,5.0857566511562124
181,5.89,5.82,181,301,-0.20543262773034598,-0.3359628235238805,5.684567372269654,5.48403717647612
182,6.06,5.97,182,300,-0.20017134235521894,-0.5295552601333675,5.859828657644781,5.440444739866632
183,6.24,5.71,183,299,-0.2770837479493613,-0.16463636327100417,5.962916252050639,5.545363636728996
184,6.21,5.4,184,298,-0.910005249466229,0.359300799835367,5.299994750533771,5.759300799835367
185,5.74,5.79,185,297,-0.04328549824294825,-1.3478153022325454,5.696714501757052,4.442184697767455
186,5.97,5.82,186,296,0.18579884600092278,-0.549021397796059,6.1557988460009225,5.270978602203941
187,6.22,5.86,187,295,-0.059087143093362826,-0.15498567987645728,6.160912856906637,5.705014320123543
188,5.74,6.11,188,294,0.5173647788311602,-0.21114569741395073,6.25736477883116,5.89885430258605
189,6.1,6.16,189,293,-0.16948630031352963,-0.5575538103207771,5.93051369968647,5.602446189679223
190,6.17,5.83,190,292,-0.013584058456962644,-0.266023256293173,6.156415941543037,5.563976743706827
191,6.24,6.0,191,291,-0.4402452444898408,-0.22621907654310824,5.799754755510159,5.773780923456892
192,5.96,5.83,192,290,0.10903445679564872,0.3296395909757255,6.069034456795649,6.1596395909757256
193,5.96,6.08,193,289,-0.12409977294289298,-0.8367888625733029,5.835900227057107,5.243211137426697
194,6.03,5.74,194,288,-0.3819720513411511,0.18313045790648452,5.648027948658849,5.923130457906485
195,5.73,5.97,195,287,-0.1158729627522268,0.12704659676134966,5.614127037247774,6.097046596761349
196,5.83,5.8,196,286,-0.5801310021009618,-0.33391363576005784,5.249868997899038,5.466086364239942
197,6.14,5.74,197,285,0.4154529890049199,-0.14512590786932655,6.55545298900492,5.594874092130674
198,6.17,5.86,198,284,-0.6881943246566768,0.9071773715684657,5.481805675343323,6.767177371568466
199,5.88,5.71,199,283,-0.8625539549484857,0.46665712699079176,5.017446045051514,6.176657126990792
200,5.92,5.64,200,282,-0.8051464704206097,0.9539014246659105,5.11485352957939,6.59390142466591
201,5.86,5.79,201,281,-0.391865164626366,0.3499099412358522,5.468134835373634,6.139909941235852
202,5.65,5.59,202,280,0.2548515482278493,0.8557710411346875,5.90485154822785,6.445771041134687
203,5.08,5.59,203,279,0.06695805652234643,0.6775436839010389,5.1469580565223465,6.267543683901039
204,5.79,5.89,204,278,0.23460364643211395,0.5886939276981247,6.024603646432114,6.478693927698124
205,5.8,5.79,205,277,-0.35244052708196705,0.6495359315007017,5.447559472918033,6.439535931500702
206,5.74,5.74,206,276,-0.4508596791592572,0.9651021954612631,5.289140320840743,6.705102195461263
207,5.74,5.59,207,275,-0.42685462822725295,0.45027934646344026,5.313145371772747,6.04027934646344
208,5.64,5.77,208,274,-0.03331465645388221,0.3291271186276168,5.6066853435461175,6.099127118627616
209,6.06,5.99,209,273,-0.5145504012976012,0.16562495382162812,5.545449598702398,6.155624953821628
210,6.06,5.99,210,272,0.4358275213978038,0.17176580122377239,6.495827521397803,6.161765801223773
211,5.92,5.74,211,271,0.3055599860547371,0.4178072371250625,6.225559986054737,6.157807237125063
212,6.03,5.82,212,270,0.016693922983844978,-0.5431107213346209,6.046693922983845,5.276889278665379
213,5.73,5.76,213,269,-0.2694061953932918,0.2764305604213728,5.460593804606709,6.036430560421373
214,5.83,5.76,214,268,0.40046598007694634,-0.15371225327408755,6.230465980076946,5.606287746725912
215,5.76,6.0,215,267,0.8021466679060181,-0.7231274923099562,6.562146667906018,5.276872507690044
216,6.14,5.76,216,266,-0.46074393506984546,-0.2816728736502183,5.679256064930154,5.4783271263497815
217,6.05,5.8,217,265,-0.5396372621887426,-0.09694903592351078,5.510362737811257,5.703050964076489
218,5.88,5.68,218,264,0.5643117526083348,-0.17909451139115884,6.444311752608335,5.500905488608841
219,6.05,5.76,219,263,-0.3836579782854397,0.9993763918519045,5.66634202171456,6.759376391851904
220,6.02,5.92,220,262,-0.16375253833551806,-0.05501791919521537,5.8562474616644815,5.864982080804785
221,6.13,5.91,221,261,0.3412009938880889,-0.28690986998396006,6.471200993888089,5.62309013001604
222,5.86,5.92,222,260,-0.4954364223717871,-0.13529876475052482,5.364563577628213,5.784701235249475
223,5.76,5.64,223,259,0.5749623082645403,0.08896208514205206,6.33496230826454,5.728962085142052
224,5.73,5.86,224,258,-0.5328428723974321,0.2501919328107274,5.197157127602568,6.110191932810728
225,5.71,5.58,225,257,0.6764077776544779,0.11922519268273479,6.386407777654478,5.699225192682735
226,5.92,5.82,226,256,-0.4171228753229421,-0.5580263462139943,5.502877124677058,5.261973653786006
227,6.11,5.88,227,255,-0.3986667050242456,0.0439715195535717,5.711333294975755,5.923971519553572
228,6.21,5.89,228,254,-0.20994535633064437,0.08984926522056647,6.000054643669356,5.979849265220566
229,6.05,5.86,229,253,-0.3659107238386774,-0.3373081619825893,5.684089276161322,5.522691838017411
230,6.41,5.94,230,252,-0.4869110013346738,0.17567694496483544,5.923088998665326,6.115676944964836
231,5.91,6.16,231,251,-0.38959668829907823,-0.06956760844477916,5.520403311700922,6.090432391555221
232,6.21,5.99,232,250,-0.4993390036524783,-0.48136692042984386,5.710660996347522,5.508633079570156
233,6.08,5.88,233,249,0.2672284450660882,0.17399926790389486,6.347228445066088,6.053999267903895
234,6.36,5.71,234,248,-0.43439712449111045,-0.4331274923099562,5.92560287550889,5.276872507690044
235,5.91,5.82,235,247,-0.4259616837239317,0.5772881085647761,5.484038316276068,6.397288108564776
236,6.03,5.77,236,246,-0.5283627525491132,0.38306032947216373,5.501637247450887,6.153060329472163
237,5.91,6.05,237,245,-0.64506612923803,-0.39580854332646975,5.26493387076197,5.65419145667353
238,5.91,6.08,238,244,-0.4842594256392445,0.15576040107488964,5.425740574360756,6.23576040107489
239,6.36,6.19,239,243,-0.45375275660365944,-0.763873952111739,5.906247243396341,5.426126047888261
240,5.92,5.76,240,242,-0.4322874930975047,-0.28620597678358095,5.487712506902495,5.473794023216419
241,5.71,5.76,241,241,-0.20401000822277116,-0.39025741130114344,5.505989991777229,5.369742588698856
242,5.7,5.62,242,240,0.5965409956360066,-0.18883319296051226,6.296540995636007,5.431166807039488
243,5.92,5.85,243,239,-0.7363477472572395,-0.6832553024036718,5.18365225274276,5.166744697596328
244,5.77,5.59,244,238,0.3794002661342111,0.3687096210593763,6.149400266134211,5.958709621059376
245,5.82,5.89,245,237,-0.5385424338075264,-0.47064042317682464,5.281457566192474,5.419359576823175
246,5.73,5.88,246,236,0.8499220362543651,-0.603126374245762,6.579922036254366,5.276873625754238
247,6.06,5.74,247,235,-0.22119166478636476,0.6596420963460705,5.838808335213635,6.399642096346071
248,5.99,5.8,248,234,-0.6081339774426633,-0.5231263742457619,5.381866022557337,5.276873625754238
249,6.03,5.79,249,233,-0.9576278195695966,-0.45711781334031265,5.072372180430404,5.332882186659687
250,5.74,5.77,250,232,0.5990889163389062,-0.18848865797788772,6.339088916338906,5.581511342022112
251,5.91,5.96,251,231,0.09605896744714926,-0.6831274923099562,6.006058967447149,5.276872507690044
252,5.83,5.82,252,230,-0.5461630105108881,-0.5612111948130103,5.283836989489112,5.25878880518699
253,5.85,5.88,253,229,-0.22506075401690584,-0.39596396332370976,5.624939245983094,5.48403603667629
254,5.76,5.92,254,228,0.46659349730800503,-0.42749312225812286,6.226593497308005,5.492506877741877
255,5.76,5.96,255,227,0.4664805477199696,-0.4790489673196596,6.226480547719969,5.48095103268034
256,5.92,5.67,256,226,0.11881766796893434,-0.12488163777235162,6.038817667968934,5.545118362227648
257,5.91,6.05,257,225,0.6019080974560822,-0.4323158086557939,6.511908097456082,5.617684191344206
258,6.05,5.99,258,224,-0.353293630077383,-0.2161746346041733,5.696706369922617,5.773825365395827
259,6.08,6.05,259,223,-0.24136454872374014,-0.6095030380142692,5.83863545127626,5.440496961985731
260,6.17,5.85,260,222,-0.18040013492389217,-0.3665418265840721,5.989599865076108,5.483458173415928
261,6.19,5.96,261,221,-0.9087907489376121,-0.4739064317845241,5.281209251062388,5.486093568215476
262,5.91,5.97,262,220,-0.24626450615765982,0.14819403874277182,5.66373549384234,6.118194038742772
263,6.03,5.99,263,219,0.055153217021517875,-0.505960543923865,6.085153217021518,5.484039456076135
264,6.03,6.17,264,218,-0.20045557582603468,-1.0726732375098997,5.829544424173966,5.0973267624901
265,6.19,5.74,265,217,-0.706696830090288,0.06132437068221197,5.483303169909712,5.801324370682212
266,5.89,6.03,266,216,-0.044248319141450665,0.050669638701290154,5.845751680858549,6.08066963870129
267,5.76,6.03,267,215,-0.002694065348415542,-0.7530302202820396,5.757305934651584,5.276969779717961
268,6.13,5.8,268,214,-0.04417920673030551,-0.01632653041937715,6.085820793269694,5.783673469580623
269,5.89,6.1,269,213,0.5406190547480323,-0.8231274923099559,6.430619054748032,5.276872507690044
270,6.21,5.73,270,212,-0.814902585896851,0.31534156531898905,5.395097414103149,6.0453415653189895
271,5.85,5.86,271,211,0.8431445660458623,-0.6294051188509275,6.693144566045862,5.230594881149073
272,6.14,5.89,272,210,0.3971258278166303,0.22098962170122416,6.53712582781663,6.110989621701224
273,5.97,6.0,273,209,0.5686702615110297,-0.6388708039234992,6.5386702615110295,5.361129196076501
274,5.96,5.68,274,208,-0.6263175080340755,-0.3014892357225891,5.3336824919659245,5.378510764277411
275,5.97,5.73,275,207,0.7658033853077821,-0.13778615440237463,6.735803385307782,5.592213845597626
276,5.97,6.08,276,206,-0.18323593446669673,-0.03231145907227351,5.786764065533303,6.047688540927727
277,6.35,6.25,277,205,0.14635722434120169,-0.876240351260841,6.496357224341201,5.373759648739159
278,5.77,5.88,278,204,-0.4433597065911936,-0.1412339592534213,5.326640293408806,5.738766040746579
279,5.97,5.86,279,203,-0.6419228781073629,-0.1487458010343925,5.328077121892637,5.711254198965608
280,5.96,6.08,280,202,-0.6543025561849944,-0.3893804217484913,5.3056974438150055,5.690619578251509
281,6.03,6.16,281,201,-0.010987237860023313,-0.30246743899881423,6.019012762139977,5.857532561001186
282,6.06,5.88,282,200,0.21060372185175513,-0.48314109274605954,6.270603721851755,5.39685890725394
283,5.88,5.7,283,199,0.30185361160435686,0.3117202096048075,6.181853611604357,6.011720209604808
284,5.89,5.96,284,198,-0.7046421727968113,-0.3784771591242855,5.185357827203188,5.5815228408757145
285,5.99,5.88,285,197,-0.6038627517244324,-0.036383996063685586,5.386137248275568,5.843616003936314
286,5.86,6.16,286,196,-0.5058173564234165,-0.43876025615244174,5.354182643576584,5.721239743847558
287,5.74,6.06,287,195,0.418389405705307,-1.5500704340362983,6.158389405705307,4.509929565963701
288,5.73,5.85,288,194,-0.6523801201839792,0.32144469047107815,5.077619879816021,6.171444690471078
289,6.11,5.92,289,193,0.3646187201307125,-0.691328466391548,6.474618720130713,5.228671533608452
290,6.0,5.64,290,192,-0.6720610647171155,-0.1559605439238645,5.3279389352828845,5.484039456076135
291,5.71,5.82,291,191,-0.16933345838263492,0.2155899229900049,5.540666541617365,6.035589922990005
292,5.82,5.99,292,190,0.47031746671415764,0.39458135141583917,6.290317466714158,6.384581351415839
293,5.91,6.02,293,189,-0.796624692371382,0.04181830674326115,5.113375307628618,6.061818306743261
294,5.85,6.21,294,188,-0.7686833927220924,0.3842263834934281,5.081316607277907,6.594226383493428
295,5.97,5.82,295,187,-0.7859310766007965,0.318150464247851,5.184068923399203,6.138150464247851
296,5.89,5.71,296,186,-0.7451320106678336,0.41581347823746384,5.144867989332166,6.125813478237464
297,5.85,5.73,297,185,-0.2800401668313306,-0.16278750461737612,5.569959833168669,5.567212495382624
298,6.03,5.79,298,184,-0.7072030283564033,0.20145110150790568,5.322796971643597,5.991451101507906
299,6.05,5.73,299,183,-0.5906731421063691,-0.03357940228724576,5.459326857893631,5.696420597712755
300,6.11,5.92,300,182,0.6002288998918033,-0.41457189672652195,6.710228899891804,5.505428103273478
301,6.35,6.0,301,181,-0.8617778200151651,-0.7618775138371596,5.4882221799848345,5.23812248616284
302,5.92,5.65,302,180,-0.5977352785773533,-0.04316829117574894,5.322264721422647,5.606831708824251
303,5.67,5.91,303,179,-0.014781929752562206,-0.07849054851876058,5.655218070247438,5.83150945148124
304,6.19,6.17,304,178,-0.2106101469506827,-0.5413881688651117,5.979389853049318,5.628611831134888
305,6.08,5.88,305,177,-0.5959616837239317,-1.0106992036211242,5.484038316276068,4.869300796378876
306,5.91,5.76,306,176,-0.1868892514984184,0.017864448125004095,5.723110748501582,5.777864448125004
307,6.24,6.22,307,175,-0.8418203496219245,-0.0923264034824518,5.398179650378076,6.127673596517548
308,5.86,5.99,308,174,0.751843620723351,-0.16798941906927833,6.611843620723351,5.822010580930722
309,5.86,6.02,309,173,0.47022106408836795,-0.5359616837239312,6.330221064088368,5.484038316276068
310,5.88,5.92,310,172,-0.142280953275562,-0.29629584021686384,5.737719046724438,5.623704159783136
311,6.08,5.97,311,171,0.3145603883347601,0.07708410029724178,6.39456038833476,6.0470841002972415
312,6.19,5.92,312,170,-0.6373375391408116,-0.18647613226659399,5.552662460859189,5.733523867733406
313,6.14,5.35,313,169,-0.5738772932458618,0.33433760512563104,5.566122706754138,5.684337605125631
314,6.17,5.68,314,168,-0.3713341208231755,0.01915896189537314,5.798665879176824,5.699158961895373
315,5.97,5.96,315,167,-0.46398716662023176,0.08926621342572272,5.506012833379768,6.049266213425723
316,5.8,5.77,316,166,-0.5316437022114551,-0.2392264787864562,5.268356297788545,5.530773521213543
317,5.86,5.92,317,165,-0.5133007546211301,0.13481483807831474,5.34669924537887,6.054814838078315
318,5.85,5.96,318,164,-0.26865309028864903,-0.22194401350704318,5.581346909711351,5.738055986492957
319,6.06,5.99,319,163,-0.6355733339777077,-0.13432731256873875,5.424426666022292,5.8556726874312615
320,5.89,6.03,320,162,-0.1701816426192293,-0.2275185029320399,5.71981835738077,5.80248149706796
321,6.02,5.91,321,161,-0.5080387435033344,-0.4241344321293701,5.511961256496665,5.48586556787063
322,5.92,5.79,322,160,0.073335987369747,-0.43900972714615794,5.993335987369747,5.350990272853842
323,5.92,5.89,323,159,-0.1456366396711175,-0.2242778070299991,5.774363360328882,5.665722192970001
324,6.05,5.88,324,158,-0.20202279938156575,0.7630721779625596,5.847977200618434,6.643072177962559
325,6.17,5.77,325,157,-0.6859616837239315,0.5497454292812245,5.484038316276068,6.319745429281224
326,6.02,5.94,326,156,-0.49081856736004603,-0.1640154860191272,5.5291814326399535,5.775984513980873
327,5.92,6.11,327,155,-0.022135091924107897,-0.39504747684364094,5.897864908075892,5.714952523156359
328,6.48,6.16,328,154,-1.155936300556574,-1.4085055049038493,5.3240636994434265,4.751494495096151
329,5.91,5.79,329,153,0.2786238108653123,-0.5132046384532298,6.188623810865312,5.27679536154677
330,6.38,5.73,330,152,-1.0111675556562076,-0.32753586882498453,5.368832444343792,5.402464131175016
331,6.14,5.91,331,151,0.332144493357708,-0.31295557154134723,6.472144493357708,5.597044428458653
332,6.32,5.89,332,150,-1.2364339835589213,-0.14179037779571235,5.083566016441079,5.748209622204287
333,6.03,5.91,333,149,-0.19809914887338742,-0.6638250087068629,5.831900851126613,5.246174991293137
334,6.21,5.74,334,148,-0.7861061073736257,0.3494690957407389,5.423893892626374,6.089469095740739
335,6.0,6.05,335,147,0.055253184831522084,-0.5896916692856724,6.055253184831522,5.460308330714327
336,6.02,5.79,336,146,-0.32404405724373486,-0.3059183712381204,5.695955942756265,5.48408162876188
337,6.27,5.83,337,145,-0.8038089454305384,-0.10128255687434251,5.466191054569461,5.728717443125658
338,5.92,6.08,338,144,-0.887449403116765,-0.49578610170912096,5.032550596883235,5.584213898290879
339,5.5,6.22,339,143,0.10152229232241705,-0.7523625231716213,5.601522292322417,5.467637476828378
340,6.06,5.86,340,142,-0.5450433250178754,0.6300580118282726,5.514956674982124,6.490058011828273
341,5.91,5.76,341,141,-0.3329010433354709,-0.1989412856843238,5.577098956664529,5.561058714315676
342,5.99,5.83,342,140,-0.208072820292867,0.3998026651615936,5.781927179707133,6.229802665161594
343,6.17,6.14,343,139,-0.658949436244737,-0.08417071238371943,5.511050563755263,6.05582928761628
344,6.28,6.03,344,138,-0.3156930943923131,-0.358440805369276,5.964306905607687,5.671559194630724
345,6.38,6.05,345,137,-0.5652343672596887,-0.14774542506874067,5.814765632740311,5.902254574931259
346,6.41,5.86,346,136,-0.7454675515024718,0.06214376733506999,5.664532448497528,5.92214376733507
347,6.46,6.33,347,135,-0.5500119535605608,-0.6616858863994031,5.909988046439439,5.668314113600597
348,6.51,5.97,348,134,-0.8216628553466743,0.11509198434293832,5.6883371446533255,6.085091984342938
349,6.24,6.35,349,133,-0.6271610574520317,-0.5913684762399063,5.612838942547969,5.758631523760093
350,6.11,6.11,350,132,-0.38270953119512363,-0.5109598724327187,5.727290468804877,5.599040127567282
351,6.32,5.88,351,131,0.2635806517284127,-0.07422117380532356,6.583580651728413,5.805778826194676
352,5.92,6.11,352,130,-0.23512394334843112,-0.18695246043073155,5.684876056651569,5.923047539569269
353,6.22,6.02,353,129,0.3060911151847998,0.3188168717124302,6.5260911151848,6.33881687171243
354,6.17,6.13,354,128,-0.511473447395451,-0.40797673013609614,5.658526552604549,5.722023269863904
355,6.06,6.22,355,127,0.14091477038320477,-0.18276820859868081,6.200914770383204,6.037231791401319
356,5.97,6.03,356,126,0.42435361738015764,-0.5174216692764286,6.394353617380157,5.512578330723572
357,6.32,6.05,357,125,-0.3357604353926229,0.19494256185509506,5.984239564607377,6.244942561855095
358,6.14,5.97,358,124,-0.27235723968101677,-0.8924656664940622,5.867642760318983,5.0775343335059375
359,6.3,5.92,359,123,-0.4097484058166154,-0.26126735875653573,5.890251594183384,5.658732641243464
360,6.4,6.24,360,122,-0.2363674220287182,-0.03141325715280274,6.163632577971282,6.2085867428471975
361,6.59,6.49,361,121,-0.6819179945524763,-0.6341188423876876,5.908082005447524,5.855881157612313
362,6.41,6.49,362,120,-0.9024395377066643,-0.6224716011870255,5.507560462293336,5.867528398812975
363,5.89,6.1,363,119,-0.19066442181647236,0.24204869788019323,5.699335578183527,6.342048697880193
364,6.22,6.4,364,118,-0.591183780451038,-0.5476741053011223,5.628816219548962,5.852325894698878
365,6.13,6.49,365,117,-0.24875088632866404,-0.4136935105274029,5.881249113671336,6.076306489472597
366,6.36,6.21,366,116,-0.6125978648262524,-0.2546130430303659,5.747402135173748,5.955386956969634
367,6.24,6.24,367,115,-0.2023424582670108,-0.7114262704201542,6.037657541732989,5.528573729579846
368,6.41,6.22,368,114,-0.4142008231561327,-0.5064320164509217,5.995799176843867,5.713567983549078
369,6.36,6.24,369,113,-0.6018041272028052,-0.18664979567933582,5.758195872797195,6.053350204320664
370,6.21,6.46,370,112,-0.15015519775254038,-1.238020693886857,6.05984480224746,5.221979306113143
371,6.54,5.88,371,111,-0.326785716566655,0.04122229862914395,6.213214283433345,5.921222298629144
372,6.21,6.38,372,110,-0.8607974892013992,-0.4148300945098393,5.349202510798601,5.965169905490161
373,6.25,6.49,373,109,-0.44807656410501107,-0.8270301321668079,5.801923435894989,5.662969867833192
374,6.21,6.4,374,108,-0.3059917029008252,-0.45702948113025954,5.904008297099175,5.942970518869741
375,6.28,6.19,375,107,-0.8268226815741819,-0.3894036101843419,5.453177318425818,5.8005963898156585
376,6.03,6.28,376,106,-0.16340059974870957,-0.6182068482415621,5.866599400251291,5.661793151758438
377,6.13,6.21,377,105,-0.43066325985814746,-0.43566704874865714,5.699336740141852,5.774332951251343
378,6.35,5.79,378,104,-0.02188626603550592,0.06606254146668178,6.328113733964494,5.856062541466682
379,6.27,6.27,379,103,-0.34743337534121377,-0.5676987186135616,5.922566624658786,5.702301281386438
380,6.48,6.48,380,102,-0.781437097873213,-0.7734847458996583,5.698562902126787,5.706515254100342
381,6.25,6.06,381,101,-0.5087198509110626,-0.8023027296405312,5.741280149088937,5.257697270359468
382,6.51,6.3,382,100,-0.48322427428349535,-0.771829098485413,6.026775725716504,5.528170901514587
383,6.57,6.1,383,99,-0.40058405749027326,-0.5068549674112726,6.169415942509727,5.593145032588727
384,6.51,6.02,384,98,-0.031068209044599726,-0.0972367474663578,6.4789317909554,5.922763252533642
385,5.86,6.38,385,97,-0.18542668433805698,-0.42992357898193667,5.674573315661943,5.950076421018063
386,6.36,6.43,386,96,0.13853208593641764,-0.3204096080827856,6.498532085936418,6.109590391917214
387,7.05,6.36,387,95,-0.8351562664667505,0.10827559231296835,6.214843733533249,6.468275592312969
388,6.4,6.51,388,94,-0.9257755265196002,-0.6656639105885249,5.4742244734804,5.844336089411475
389,6.52,6.05,389,93,-0.3533086803434662,-0.360052661096641,6.166691319656533,5.689947338903359
390,6.69,6.08,390,92,-0.5357660951919687,0.011753744136646205,6.154233904808032,6.091753744136646
391,6.35,6.43,391,91,-1.0721893948126704,-0.5968249521513505,5.277810605187329,5.833175047848649
392,6.41,6.27,392,90,-0.9523436038502409,0.3454197124818501,5.457656396149759,6.61541971248185
393,6.59,6.03,393,89,-0.6693556554354592,-0.105668345654097,5.920644344564541,5.924331654345903
394,6.65,6.32,394,88,-0.24207857424418044,-0.5027682335724739,6.40792142575582,5.817231766427526
395,6.56,6.28,395,87,-0.7503140574938838,-0.5806632598581478,5.809685942506116,5.699336740141852
396,6.56,6.14,396,86,-0.3981713733476777,-0.4538519824509608,6.161828626652322,5.686148017549039
397,6.83,6.1,397,85,-0.4422256141264507,-0.411776616761351,6.387774385873549,5.688223383238649
398,7.02,6.17,398,84,-0.7485284612308005,-0.4706632598581475,6.271471538769199,5.699336740141852
399,6.85,6.13,399,83,-1.1095466754989278,-0.459726200312371,5.740453324501072,5.670273799687629
400,6.38,6.21,400,82,-1.3207231555897154,-0.5831432160407308,5.0592768444102845,5.626856783959269
401,6.38,6.06,401,81,-0.45769988381679116,-0.19672812158711483,5.922300116183209,5.863271878412885
402,6.64,6.24,402,80,-0.4716660006220019,0.07156852203941622,6.168333999377998,6.311568522039416
403,6.79,6.4,403,79,-0.6000345406213521,-0.7517430192033556,6.189965459378648,5.648256980796645
404,6.36,6.14,404,78,0.26163792915257655,-0.1298979012015753,6.621637929152577,6.010102098798424
405,6.69,6.06,405,77,-1.2905424220912405,-0.13693706135484796,5.39945757790876,5.923062938645152
406,6.52,6.43,406,76,-0.5395818009477624,-0.7237672760526168,5.980418199052237,5.706232723947383
407,6.59,6.19,407,75,-0.8517609659564096,-0.384642186541436,5.73823903404359,5.805357813458564
408,6.35,6.36,408,74,-0.8824786081801799,-0.12753171241569472,5.46752139181982,6.232468287584306
409,6.27,6.98,409,73,-0.4107180167403808,-1.4442404204029575,5.859281983259619,5.535759579597043
410,6.27,6.13,410,72,-0.2510063434602179,-0.35447635659731347,6.018993656539782,5.775523643402686
411,6.21,6.4,411,71,0.14118363951437285,-0.47695956768977243,6.351183639514373,5.923040432310228
412,6.9,6.51,412,70,-1.6307320589422742,-0.7488103003629663,5.269267941057726,5.7611896996370335
413,6.38,6.32,413,69,-0.9076304414899408,-0.17644970985804154,5.472369558510059,6.143550290141959
414,6.61,6.44,414,68,-0.8091445433239066,-0.50270331858977,5.800855456676094,5.93729668141023
415,6.41,6.57,415,67,0.206955838653883,-0.8488079878015915,6.616955838653883,5.721192012198409
416,6.52,6.06,416,66,0.09670168321908168,0.04255095640486051,6.616701683219081,6.10255095640486
417,6.38,6.52,417,65,-0.22375916698863563,-0.4838982876497413,6.156240833011364,6.036101712350258
418,6.67,6.69,418,64,-1.0340313145658468,-0.2378696735691257,5.635968685434153,6.452130326430875
419,6.28,6.38,419,63,0.1363762445600214,-0.5687266727479967,6.416376244560022,5.811273327252003
420,6.4,6.14,420,62,-0.8789448325580436,-0.39900440657198555,5.521055167441957,5.740995593428014
421,6.51,6.67,421,61,-1.0371829677511633,-0.4717610595396726,5.4728170322488365,6.198238940460327
422,6.32,6.27,422,60,-0.9388069192955095,0.09800296789501584,5.381193080704491,6.368002967895015
423,6.21,6.85,423,59,-0.8044956621083923,-1.266863752556084,5.405504337891608,5.583136247443916
424,6.43,6.05,424,58,-0.07613471265253668,0.11890094992394928,6.353865287347463,6.168900949923949
425,6.75,6.75,425,57,-0.4797996950613017,-0.47983382036799327,6.270200304938698,6.270166179632007
426,6.74,6.92,426,56,-1.0406679076907395,-0.8846073731882287,5.699332092309261,6.035392626811771
427,6.36,6.35,427,55,-0.19873316628700888,-0.3964420728232163,6.161266833712991,5.953557927176783
428,6.64,6.46,428,54,0.07575865789922442,-0.21371578122219326,6.715758657899224,6.246284218777807
429,6.38,6.43,429,53,-0.2264374133004452,-0.18337517448203045,6.153562586699555,6.246624825517969
430,6.72,6.43,430,52,-1.4288804601952636,-0.2655046219109902,5.291119539804736,6.1644953780890095
431,6.43,6.44,431,51,-0.9977793842960399,-0.740663259858148,5.43222061570396,5.699336740141852
432,6.4,6.95,432,50,-0.8504819190038084,-1.2381548940738112,5.549518080996192,5.711845105926189
433,6.25,6.28,433,49,-0.08401935255377513,0.29842516905865235,6.165980647446225,6.578425169058653
434,6.67,6.22,434,48,-0.5140997157602296,0.06394694206059892,6.15590028423977,6.283946942060599
435,6.7,6.24,435,47,-0.7722714044398078,-0.48133460456308264,5.927728595560192,5.758665395436918
436,6.49,6.35,436,46,-0.5206961014857985,0.2799543158721658,5.969303898514202,6.629954315872165
437,6.56,6.08,437,45,-0.23015242789701595,0.03538807206801042,6.329847572102984,6.1153880720680105
438,6.28,6.69,438,44,-0.7006559803298886,-1.1145503536677577,5.579344019670112,5.575449646332243
439,6.1,6.06,439,43,-0.4006632598581472,0.37989041300014925,5.699336740141852,6.439890413000149
440,6.08,6.35,440,42,-0.4547202157493162,0.008739336667144215,5.625279784250684,6.358739336667144
441,6.49,6.17,441,41,-0.6364494927017956,-0.05282562118699019,5.853550507298205,6.11717437881301
442,6.36,6.64,442,40,-0.5972856377697271,-0.5294459252924408,5.762714362230273,6.110554074707559
443,6.3,6.0,443,39,-0.6204806325403016,-0.20212990872290426,5.679519367459698,5.797870091277096
444,6.4,6.38,444,38,-0.5297431270005664,-0.4834364271516698,5.870256872999434,5.89656357284833
445,6.44,6.56,445,37,-0.948339474003224,-0.822828896478053,5.491660525996776,5.737171103521947
446,6.44,6.27,446,36,-0.8654375472402949,-0.1432119224646078,5.5745624527597055,6.126788077535392
447,6.48,6.62,447,35,-0.9510543280678014,-1.078904969635989,5.528945671932199,5.541095030364011
448,6.16,6.11,448,34,-0.41374015204961445,-0.24103787532967846,5.746259847950386,5.868962124670322
449,6.46,6.38,449,33,-0.46771968055024793,-0.8871748680064258,5.992280319449752,5.492825131993574
450,6.51,6.03,450,32,-0.7321121531321184,-0.33086543882401287,5.777887846867881,5.699134561175987
451,6.38,5.94,451,31,-0.6380959029557021,-0.33815746260759827,5.741904097044298,5.601842537392402
452,6.51,6.21,452,30,-0.850246122603111,-0.20331598105961035,5.659753877396889,6.00668401894039
453,6.57,6.36,453,29,-1.1636706874215799,-0.9300581595717556,5.40632931257842,5.429941840428245
454,6.16,6.02,454,28,-0.47988556953942485,0.1544158724662088,5.680114430460575,6.174415872466208
455,6.21,6.05,455,27,-0.7038169951899933,0.35810130990975697,5.506183004810007,6.408101309909757
456,6.27,6.05,456,26,-1.018781523739949,0.44135754008101724,5.251218476260051,6.491357540081017
457,6.25,6.59,457,25,-0.5481915064375524,-0.6674227148774641,5.701808493562448,5.922577285122536
458,6.24,6.27,458,24,-0.6424776956083837,-0.26665080326497925,5.5975223043916165,6.00334919673502
459,6.33,6.48,459,23,-1.2540854266262738,-0.11480814249007576,5.075914573373726,6.365191857509925
460,6.03,6.7,460,22,-0.9707154922012293,-1.0959166430100238,5.059284507798771,5.604083356989976
461,6.33,6.1,461,21,-0.9402486181580345,-0.37524619434199646,5.389751381841966,5.724753805658003
462,6.06,6.4,462,20,-1.047565599358772,-0.343994642239986,5.012434400641228,6.056005357760014
463,6.19,6.08,463,19,-0.8079183110002184,-0.061418300588385044,5.382081688999782,6.018581699411615
464,6.51,6.21,464,18,-1.0673208376326144,0.11100943850530776,5.442679162367385,6.321009438505308
465,5.97,6.27,465,17,-0.8692639467120316,-0.7911419906314352,5.100736053287968,5.478858009368564
466,6.02,5.94,466,16,-0.5536723913201635,0.5270749206748064,5.466327608679836,6.467074920674807
467,6.36,6.43,467,15,-0.6564538696377955,-0.036072221791357606,5.703546130362205,6.393927778208642
468,6.25,6.33,468,14,-0.8269199532359046,-0.6287935154936877,5.423080046764095,5.701206484506312
469,6.1,6.17,469,13,-0.5552930907577345,0.35613090350662713,5.544706909242265,6.526130903506627
470,6.56,6.1,470,12,-1.3121794241165619,0.09516148078065179,5.247820575883438,6.195161480780651
471,6.21,6.7,471,11,-0.996413569889282,-0.51154206878617,5.213586430110718,6.18845793121383
472,6.1,6.1,472,10,-0.33330654533549,-0.4006632598581472,5.76669345466451,5.699336740141852
473,6.25,6.4,473,9,-1.0619286342161027,-0.5231929092007972,5.188071365783897,5.876807090799203
474,6.25,6.41,474,8,-0.2569261510395622,-0.691254841181312,5.993073848960438,5.718745158818688
475,6.57,6.27,475,7,-0.5865748100052057,-0.32709711337831404,5.983425189994795,5.9429028866216855
476,6.56,6.61,476,6,-0.9325012700011204,-0.6907459457634655,5.627498729998879,5.919254054236535
477,6.3,6.56,477,5,-0.6590824602485377,-0.4489983463935552,5.640917539751462,6.111001653606444
478,6.57,6.7,478,4,-0.6613643160004612,-0.7756399134937553,5.908635683999539,5.924360086506245
479,6.49,6.51,479,3,-1.4900000000000002,-0.4641534126105764,5.0,6.045846587389423
480,6.72,6.36,480,2,-1.1320681558622105,-0.44290921596338695,5.587931844137789,5.917090784036613
481,6.38,6.54,481,1,-1.38,-0.37266202974018103,5.0,6.167337970259819
