wire_number,baseline_json_B,reversed_json_B,reversed_shift_-1_json_B,baseline_mapped_wire,reversed_mapped_wire,reversed_shift_-1_mapped_wire,baseline_residual_B,reversed_residual_B,reversed_shift_-1_residual_B
1,6.54,5.96,6.25,1.0,481.0,480.0,-0.3853990280808226,0.19460097191917747,-0.09539902808082257
2,6.36,6.25,6.0,2.0,480.0,479.0,-0.35280422575776615,-0.24280422575776583,0.007195774242234165
3,6.51,6.0,6.3,3.0,479.0,478.0,-0.29948118050553507,0.21051881949446472,-0.08948118050553511
4,6.7,6.3,6.62,4.0,478.0,477.0,-0.008372679777718162,0.3916273202222822,0.07162732022228191
5,6.56,6.62,6.62,5.0,477.0,476.0,0.0373701485596909,-0.0226298514403096,-0.0226298514403096
6,6.61,6.62,6.27,6.0,476.0,475.0,-0.6381093985119906,-0.6481093985119903,-0.2981093985119898
7,6.27,6.27,6.61,7.0,475.0,474.0,0.042398814554046815,0.042398814554046815,-0.29760118544595393
8,6.41,6.61,6.11,8.0,474.0,473.0,-0.6213905488292895,-0.8213905488292896,-0.32139054882928964
9,6.4,6.11,6.16,9.0,473.0,472.0,-0.6128823364011273,-0.3228823364011273,-0.3728823364011271
10,6.1,6.16,6.36,10.0,472.0,471.0,-0.4006167814280035,-0.460616781428004,-0.6606167814280042
11,6.7,6.36,6.27,11.0,471.0,470.0,-1.0026244768622226,-0.6626244768622227,-0.572624476862222
12,6.1,6.27,6.25,12.0,470.0,469.0,0.4487178863690984,0.27871788636909844,0.298717886369098
13,6.17,6.25,6.3,13.0,469.0,468.0,0.18939720646479596,0.10939720646479589,0.05939720646479607
14,6.33,6.3,6.21,14.0,468.0,467.0,0.24191159825373454,0.2719115982537348,0.36191159825373465
15,6.43,6.21,6.21,15.0,467.0,466.0,-0.10443149212802894,0.11556850787197082,0.11556850787197082
16,5.94,6.21,6.52,16.0,466.0,465.0,-0.05323260613704761,-0.3232326061370472,-0.6332326061370468
17,6.27,6.52,6.49,17.0,465.0,464.0,-0.3459040930220869,-0.5959040930220869,-0.5659040930220876
18,6.21,6.49,6.57,18.0,464.0,463.0,-0.18749159696033058,-0.4674915969603308,-0.5474915969603309
19,6.08,6.57,6.49,19.0,463.0,462.0,-0.1450430019400608,-0.635043001940061,-0.555043001940061
20,6.4,6.49,6.85,20.0,462.0,461.0,-0.1215093707905428,-0.21150937079054266,-0.5715093707905421
21,6.1,6.85,6.19,21.0,461.0,460.0,-0.24574999302317924,-0.9957499930231792,-0.33574999302318
22,6.7,6.19,6.19,22.0,460.0,459.0,-0.5803021990692638,-0.07030219906926405,-0.07030219906926405
23,6.48,6.19,6.3,23.0,459.0,458.0,-0.44156387038081846,-0.15156387038081842,-0.26156387038081785
24,6.27,6.3,6.4,24.0,458.0,457.0,-0.3314627317788643,-0.36146273177886457,-0.4614627317788651
25,6.59,6.4,6.22,25.0,457.0,456.0,-0.753975137796381,-0.5639751377963815,-0.3839751377963809
26,6.05,6.22,6.36,26.0,456.0,455.0,-0.33764189690694923,-0.5076418969069492,-0.6476418969069497
27,6.05,6.36,6.22,27.0,455.0,454.0,0.007896776016096396,-0.3021032239839041,-0.16210322398390353
28,6.02,6.22,6.24,28.0,454.0,453.0,-0.09691100133467323,-0.2969110013346734,-0.31691100133467387
29,6.36,6.24,6.21,29.0,453.0,452.0,-0.09947415433276685,0.020525845667233256,0.050525845667233504
30,6.21,6.21,6.43,30.0,452.0,451.0,-0.40511947221026556,-0.40511947221026556,-0.6251194722102653
31,5.94,6.43,6.24,31.0,451.0,450.0,0.21534600691427297,-0.27465399308572636,-0.08465399308572685
32,6.03,6.24,6.21,32.0,450.0,449.0,-0.3907931926270436,-0.6007931926270436,-0.5707931926270433
33,6.38,6.21,6.27,33.0,449.0,448.0,-0.1648626272765492,0.005137372723450717,-0.05486262727654889
34,6.11,6.27,6.43,34.0,448.0,447.0,-0.15431253269872958,-0.31431253269872883,-0.474312532698729
35,6.62,6.43,6.67,35.0,447.0,446.0,-0.5639838623521145,-0.3739838623521141,-0.6139838623521143
36,6.27,6.67,6.3,36.0,446.0,445.0,-0.08894747910051848,-0.48894747910051883,-0.11894747910051873
37,6.56,6.3,6.17,37.0,445.0,444.0,-0.3343635054764933,-0.07436350547649351,0.055636494523506386
38,6.38,6.17,6.05,38.0,444.0,443.0,-0.6806458304690528,-0.47064583046905284,-0.35064583046905273
39,6.0,6.05,5.85,39.0,443.0,442.0,-0.5663488087677617,-0.6163488087677615,-0.41634880876776137
40,6.64,5.85,6.38,40.0,442.0,441.0,-0.4843460643190536,0.30565393568094645,-0.2243460643190538
41,6.17,6.38,6.35,41.0,441.0,440.0,-0.07408426014997982,-0.2840842601499798,-0.25408426014997954
42,6.35,6.35,6.11,42.0,440.0,439.0,-0.4284827918097047,-0.4284827918097047,-0.1884827918097054
43,6.06,6.11,6.19,43.0,439.0,438.0,0.5600824749831403,0.5100824749831396,0.43008247498313956
44,6.69,6.19,6.06,44.0,438.0,437.0,-0.7502065945634637,-0.2502065945634637,-0.12020659456346294
45,6.08,6.06,6.1,45.0,437.0,436.0,-0.33744859401564664,-0.3174485940156462,-0.3574485940156462
46,6.35,6.1,5.96,46.0,436.0,435.0,0.013383201161136782,0.2633832011611368,0.40338320116113646
47,6.24,5.96,6.24,47.0,435.0,434.0,-0.7017459760699438,-0.4217459760699436,-0.7017459760699438
48,6.22,6.24,6.28,48.0,434.0,433.0,-0.19757759688457277,-0.21757759688457323,-0.25757759688457327
49,6.28,6.28,5.97,49.0,433.0,432.0,0.17277199111306185,0.17277199111306185,0.48277199111306235
50,6.95,5.97,6.02,50.0,432.0,431.0,-0.3055829540221975,0.6744170459778029,0.6244170459778031
51,6.44,6.02,6.1,51.0,431.0,430.0,-0.9544023264804036,-0.5344023264804028,-0.6144023264804028
52,6.43,6.1,6.27,52.0,430.0,429.0,-0.5069110013346734,-0.1769110013346733,-0.34691100133467323
53,6.43,6.27,5.99,53.0,429.0,428.0,0.12683257963892647,0.2868325796389266,0.566832579638926
54,6.46,5.99,6.08,54.0,428.0,427.0,-0.9759628235238802,-0.5059628235238804,-0.5959628235238803
55,6.35,6.08,6.33,55.0,427.0,426.0,-0.027575895982917764,0.2424241040170818,-0.0075758959829181904
56,6.92,6.33,6.35,56.0,426.0,425.0,-0.5925841423113534,-0.00258414231135351,-0.022584142311353084
57,6.75,6.35,6.43,57.0,425.0,424.0,-0.7987825835817759,-0.39878258358177554,-0.4787825835817756
58,6.05,6.43,5.86,58.0,424.0,423.0,0.09762132790680944,-0.28237867209319045,0.28762132790680894
59,6.85,5.86,5.96,59.0,423.0,422.0,-1.0067004901864776,-0.016700490186478234,-0.11670049018647788
60,6.27,5.96,6.35,60.0,422.0,421.0,-0.1365792162516959,0.17342078374830372,-0.21657921625169596
61,6.67,6.35,5.92,61.0,421.0,420.0,-0.6121571316956373,-0.29215713169563706,0.13784286830436265
62,6.14,5.92,6.19,62.0,420.0,419.0,0.07758504028467161,0.29758504028467136,0.027585040284670903
63,6.38,6.19,6.03,63.0,419.0,418.0,-0.6523728977634136,-0.46237289776341406,-0.3023728977634139
64,6.69,6.03,6.0,64.0,418.0,417.0,-1.185907979834437,-0.5259079798344368,-0.4959079798344366
65,6.52,6.0,6.03,65.0,417.0,416.0,-0.5813903799828424,-0.0613903799828428,-0.09139037998284305
66,6.06,6.03,5.89,66.0,416.0,415.0,0.24698516551758054,0.2769851655175799,0.41698516551758047
67,6.57,5.89,6.17,67.0,415.0,414.0,-0.9404400986370351,-0.26044009863703454,-0.5404400986370348
68,6.44,6.17,5.94,68.0,414.0,413.0,-0.7624442352530307,-0.49244423525303027,-0.26244423525303073
69,6.32,5.94,5.92,69.0,413.0,412.0,-0.45231833293521184,-0.07231833293521195,-0.05231833293521149
70,6.51,5.92,5.91,70.0,412.0,411.0,-0.4511328441571747,0.13886715584282516,0.14886715584282495
71,6.4,5.91,5.82,71.0,411.0,410.0,-0.9159662429230151,-0.4259662429230149,-0.335966242923015
72,6.13,5.82,5.91,72.0,410.0,409.0,-0.7146371170253856,-0.40463711702538596,-0.4946371170253858
73,6.98,5.91,5.97,73.0,409.0,408.0,-0.5827365124499657,0.48726348755003457,0.42726348755003496
74,6.36,5.97,5.77,74.0,408.0,407.0,-0.4363909734918776,-0.04639097349187704,0.15360902650812314
75,6.19,5.77,5.73,75.0,407.0,406.0,-0.21978279174198168,0.20021720825801914,0.2402172082580183
76,6.43,5.73,5.88,76.0,406.0,405.0,-0.9385037179988132,-0.23850371799881387,-0.38850371799881334
77,6.06,5.88,5.79,77.0,405.0,404.0,-0.3606597739824595,-0.1806597739824598,-0.09065977398245995
78,6.14,5.79,5.92,78.0,404.0,403.0,-0.2590837421573413,0.09091625784265833,-0.03908374215734156
79,6.4,5.92,6.1,79.0,403.0,402.0,-0.2509835428529126,0.22901645714708785,0.04901645714708813
80,6.24,6.1,6.03,80.0,402.0,401.0,-0.04684935948695568,0.09315064051304489,0.1631506405130443
81,6.06,6.03,6.05,81.0,401.0,400.0,-0.04462869485720056,-0.014628694857201197,-0.03462869485720077
82,6.21,6.05,6.19,82.0,400.0,399.0,-0.01707101648183862,0.14292898351816152,0.0029289835181609547
83,6.13,6.19,6.24,83.0,399.0,398.0,0.021805983284186148,-0.03819401671581435,-0.08819401671581417
84,6.17,6.24,5.94,84.0,398.0,397.0,0.03873955152195574,-0.031260448478044545,0.2687395515219553
85,6.1,5.94,6.08,85.0,397.0,396.0,0.2837684605136568,0.44376846051365604,0.30376846051365636
86,6.14,6.08,5.82,86.0,396.0,395.0,0.019221640525163508,0.07922164052516312,0.3392216405251629
87,6.28,5.82,5.89,87.0,395.0,394.0,0.605108688397701,1.065108688397701,0.9951086883977016
88,6.32,5.89,6.05,88.0,394.0,393.0,-0.0038158761056310553,0.42618412389436955,0.2661841238943694
89,6.03,6.05,5.97,89.0,393.0,392.0,0.3000447255156642,0.2800447255156646,0.3600447255156647
90,6.27,5.97,5.79,90.0,392.0,391.0,-0.0959203411035654,0.20407965889643442,0.38407965889643414
91,6.43,5.79,5.79,91.0,391.0,390.0,-0.6173068767067598,0.022693123293239914,0.022693123293239914
92,6.08,5.79,5.41,92.0,390.0,389.0,-0.4878563643699394,-0.19785636436993936,0.18214363563006053
93,6.05,5.41,5.76,93.0,389.0,388.0,0.7480861757517205,1.3880861757517202,1.0380861757517206
94,6.51,5.76,5.7,94.0,388.0,387.0,-0.6824214469610999,0.06757855303890015,0.12757855303889976
95,6.36,5.7,5.89,95.0,387.0,386.0,-0.8970561546754485,-0.23705615467544838,-0.4270561546754479
96,6.43,5.89,5.52,96.0,386.0,385.0,-0.9012385841507129,-0.36123858415071286,0.008761415849287246
97,6.38,5.52,5.68,97.0,385.0,384.0,-1.103111839400472,-0.24311183940047165,-0.4031118394004718
98,6.02,5.68,5.74,98.0,384.0,383.0,0.007570340956685406,0.34757034095668526,0.28757034095668477
99,6.1,5.74,5.89,99.0,383.0,382.0,0.02728323740627392,0.38728323740627335,0.23728323740627388
100,6.3,5.89,5.89,100.0,382.0,381.0,-0.6401141193689686,-0.23011411936896842,-0.23011411936896842
101,6.06,5.89,6.0,101.0,381.0,380.0,-0.49520809167125357,-0.32520809167125364,-0.43520809167125396
102,6.48,6.0,6.02,102.0,380.0,379.0,-0.8528488028884373,-0.3728488028884369,-0.3928488028884365
103,6.27,6.02,6.03,103.0,379.0,378.0,-0.8725723336251239,-0.6225723336251239,-0.6325723336251245
104,5.79,6.03,5.86,104.0,378.0,377.0,0.28970711529196613,0.04970711529196592,0.21970711529196585
105,6.21,5.86,6.21,105.0,377.0,376.0,0.22255327736303165,0.5725532773630313,0.22255327736303165
106,6.28,6.21,5.99,106.0,376.0,375.0,-0.5267236196962104,-0.4567236196962101,-0.23672361969621036
107,6.19,5.99,6.06,107.0,375.0,374.0,0.12569362080516466,0.32569362080516484,0.25569362080516544
108,6.4,6.06,6.16,108.0,374.0,373.0,-0.7974351496534027,-0.45743514965340193,-0.5574351496534025
109,6.49,6.16,5.86,109.0,373.0,372.0,-0.32940124368959545,0.0005987563104046245,0.30059875631040445
110,6.38,5.86,6.13,110.0,372.0,371.0,-1.103127492309956,-0.5831274923099565,-0.8531274923099561
111,5.88,6.13,5.97,111.0,371.0,370.0,-0.3959628235238801,-0.6459628235238801,-0.48596282352388
112,6.46,5.97,5.86,112.0,370.0,369.0,-1.0549516910561074,-0.5649516910561072,-0.4549516910561078
113,6.24,5.86,5.79,113.0,369.0,368.0,-0.13778690176976927,0.24221309823023063,0.3122130982302309
114,6.22,5.79,5.65,114.0,368.0,367.0,-0.6282868224048022,-0.19828682240480244,-0.05828682240480276
115,6.24,5.65,5.67,115.0,367.0,366.0,-0.9835526099130156,-0.39355260991301577,-0.41355260991301535
116,6.21,5.67,5.77,116.0,366.0,365.0,-0.9624180275787353,-0.42241802757873526,-0.5224180275787349
117,6.49,5.77,5.85,117.0,365.0,364.0,-1.1091648259256015,-0.38916482592560087,-0.46916482592560094
118,6.4,5.85,5.7,118.0,364.0,363.0,-1.0658566308242357,-0.5158566308242349,-0.3658566308242355
119,6.1,5.7,5.97,119.0,363.0,362.0,-1.073725720031856,-0.6737257200318565,-0.9437257200318561
120,6.49,5.97,5.97,120.0,362.0,361.0,-0.55203560011077,-0.03203560011076956,-0.03203560011076956
121,6.49,5.97,5.79,121.0,361.0,360.0,-0.7906620978997045,-0.2706620978997041,-0.09066209789970436
122,6.24,5.79,5.82,122.0,360.0,359.0,-0.9469870938367695,-0.4969870938367693,-0.5269870938367696
123,5.92,5.82,5.88,123.0,359.0,358.0,0.5411932406213324,0.6411932406213321,0.5811932406213325
124,5.97,5.88,5.65,124.0,358.0,357.0,-0.2721098062485341,-0.18210980624853423,0.047890193751465304
125,6.05,5.65,5.79,125.0,357.0,356.0,-0.3323849663822225,0.06761503361777699,-0.07238496638222269
126,6.03,5.79,5.65,126.0,356.0,355.0,-0.10070827121491721,0.139291728785083,0.2792917287850827
127,6.22,5.65,5.79,127.0,355.0,354.0,0.14917352579687915,0.7191735257968785,0.5791735257968789
128,6.13,5.79,5.85,128.0,354.0,353.0,-0.2069169240715638,0.13308307592843605,0.07308307592843644
129,6.02,5.85,5.73,129.0,353.0,352.0,0.1763608722177059,0.34636087221770584,0.46636087221770506
130,6.11,5.73,5.89,130.0,352.0,351.0,0.06687607327834932,0.4468760732783492,0.28687607327834996
131,5.88,5.89,6.06,131.0,351.0,350.0,-0.26354548413362355,-0.27354548413362334,-0.44354548413362327
132,6.11,6.06,6.02,132.0,350.0,349.0,-0.346210658618312,-0.2962106586183113,-0.25621065861831127
133,6.35,6.02,5.88,133.0,349.0,348.0,0.11656745380053746,0.44656745380053753,0.5865674538005372
134,5.97,5.88,5.79,134.0,348.0,347.0,0.5578381854368129,0.6478381854368127,0.7378381854368126
135,6.33,5.79,6.02,135.0,347.0,346.0,-0.013132075678176314,0.5268679243218237,0.2968679243218242
136,5.86,6.02,5.76,136.0,346.0,345.0,-0.39182646758976514,-0.5518264675897644,-0.2918264675897646
137,6.05,5.76,5.89,137.0,345.0,344.0,-0.11851550818645151,0.17148449181354852,0.04148449181354863
138,6.03,5.89,5.99,138.0,344.0,343.0,0.001768929510535422,0.141768929510536,0.04176892951053546
139,6.14,5.99,6.06,139.0,343.0,342.0,-0.4391154262133794,-0.28911542621337993,-0.35911542621337933
140,5.83,6.06,5.62,140.0,342.0,341.0,-0.7867925373416327,-1.0167925373416322,-0.5767925373416327
141,5.76,5.62,5.82,141.0,341.0,340.0,-0.024988936769486436,0.11501106323051324,-0.08498893676948693
142,5.86,5.82,5.74,142.0,340.0,339.0,-0.5147772263744255,-0.47477722637442543,-0.39477722637442536
143,6.22,5.74,6.05,143.0,339.0,338.0,-0.33925606806998765,0.1407439319300119,-0.16925606806998772
144,6.08,6.05,6.21,144.0,338.0,337.0,-0.3053933641682356,-0.27539336416823534,-0.4353933641682355
145,5.83,6.21,6.03,145.0,337.0,336.0,-0.34595370512097734,-0.7259537051209772,-0.5459537051209775
146,5.79,6.03,6.03,146.0,336.0,335.0,-0.2681659860338321,-0.5081659860338323,-0.5081659860338323
147,6.05,6.03,6.05,147.0,335.0,334.0,-0.56596282352388,-0.5459628235238805,-0.56596282352388
148,5.74,6.05,6.0,148.0,334.0,333.0,0.8858706410440442,0.5758706410440446,0.6258706410440444
149,5.91,6.0,6.11,149.0,333.0,332.0,0.414868323831838,0.32486832383183817,0.21486832383183785
150,5.89,6.11,5.96,150.0,332.0,331.0,0.16057112078594216,-0.05942887921405848,0.09057112078594187
151,5.91,5.96,6.08,151.0,331.0,330.0,0.013081891381412802,-0.03691810861858702,-0.15691810861858713
152,5.73,6.08,6.14,152.0,330.0,329.0,-0.030663259858147995,-0.38066325985814764,-0.44066325985814725
153,5.79,6.14,5.77,153.0,329.0,328.0,-0.5228177735943813,-0.872817773594381,-0.5028177735943808
154,6.16,5.77,6.0,154.0,328.0,327.0,-0.17927113736976974,0.21072886263023083,-0.019271137369769598
155,6.11,6.0,5.73,155.0,327.0,326.0,-0.4098603183360847,-0.2998603183360844,-0.029860318336084823
156,5.94,5.73,5.97,156.0,326.0,325.0,0.3379467136369234,0.5479467136369234,0.30794671363692405
157,5.77,5.97,5.89,157.0,325.0,324.0,0.500602503049997,0.3006025030499968,0.3806025030499969
158,5.88,5.89,5.92,158.0,324.0,323.0,-0.41477615488227837,-0.42477615488227816,-0.4547761548822784
159,5.89,5.92,5.92,159.0,323.0,322.0,-0.7079223008215738,-0.7379223008215741,-0.7379223008215741
160,5.79,5.92,5.89,160.0,322.0,321.0,-0.03999083129250991,-0.1699908312925098,-0.13999083129250955
161,5.91,5.89,5.76,161.0,321.0,320.0,0.08663227124405726,0.10663227124405772,0.2366322712440576
162,6.03,5.76,5.82,162.0,320.0,319.0,-0.7320085338482354,-0.4620085338482349,-0.5220085338482354
163,5.99,5.82,5.61,163.0,319.0,318.0,-0.7329366160618243,-0.5629366160618243,-0.35293661606182436
164,5.96,5.61,5.64,164.0,318.0,317.0,-0.649759952728096,-0.2997599527280963,-0.32975995272809566
165,5.92,5.64,5.62,165.0,317.0,316.0,-0.7450330661127307,-0.46503306611273043,-0.44503306611273086
166,5.77,5.62,5.7,166.0,316.0,315.0,0.31793542659528384,0.4679354265952833,0.38793542659528324
167,5.96,5.7,6.05,167.0,315.0,314.0,-0.036863619332933695,0.2231363806670661,-0.12686361933293355
168,5.68,6.05,5.73,168.0,314.0,313.0,-0.6024371511374387,-0.9724371511374388,-0.6524371511374394
169,5.35,5.73,5.85,169.0,313.0,312.0,0.10032939978524258,-0.2796706002147582,-0.3996706002147574
170,5.92,5.85,5.85,170.0,312.0,311.0,-0.7198765233390052,-0.6498765233390049,-0.6498765233390049
171,5.97,5.85,5.94,171.0,311.0,310.0,-0.19308784050445205,-0.07308784050445194,-0.16308784050445269
172,5.92,5.94,5.74,172.0,310.0,309.0,-0.6763575451671047,-0.6963575451671051,-0.49635754516710495
173,6.02,5.74,5.91,173.0,309.0,308.0,-0.002324556644533793,0.27767544335546557,0.10767544335546564
174,5.99,5.91,5.68,174.0,308.0,307.0,-0.8767457584190961,-0.796745758419096,-0.5667457584190956
175,6.22,5.68,6.06,175.0,307.0,306.0,-0.5159284584322315,0.024071541567768584,-0.3559284584322313
176,5.76,6.06,5.73,176.0,306.0,305.0,-0.5517244189598625,-0.8517244189598623,-0.5217244189598631
177,5.88,5.73,5.68,177.0,305.0,304.0,1.1245057214012801,1.2745057214012796,1.3245057214012803
178,6.17,5.68,6.16,178.0,304.0,303.0,-0.6859616837239315,-0.1959616837239313,-0.6759616837239317
179,5.91,6.16,5.77,179.0,303.0,302.0,-0.20386261386747861,-0.4538626138674786,-0.06386261386747805
180,5.65,5.77,5.82,180.0,302.0,301.0,-0.5642433488437879,-0.6842433488437871,-0.7342433488437878
181,6.0,5.82,5.97,181.0,301.0,300.0,-0.5159628235238802,-0.3359628235238805,-0.48596282352388
182,5.92,5.97,5.71,182.0,300.0,299.0,-0.4795552601333677,-0.5295552601333675,-0.2695552601333677
183,5.73,5.71,5.4,183.0,299.0,298.0,-0.18463636327100463,-0.16463636327100417,0.14536363672899544
184,5.79,5.4,5.79,184.0,298.0,297.0,-0.03069920016463268,0.359300799835367,-0.03069920016463268
185,5.73,5.79,5.82,185.0,297.0,296.0,-1.2878153022325458,-1.3478153022325454,-1.3778153022325457
186,5.71,5.82,5.86,186.0,296.0,295.0,-0.43902139779605864,-0.549021397796059,-0.589021397796059
187,5.82,5.86,6.11,187.0,295.0,294.0,-0.11498567987645725,-0.15498567987645728,-0.4049856798764573
188,6.21,6.11,6.16,188.0,294.0,293.0,-0.3111456974139504,-0.21114569741395073,-0.26114569741395055
189,6.02,6.16,5.83,189.0,293.0,292.0,-0.41755381032077654,-0.5575538103207771,-0.22755381032077704
190,5.99,5.83,6.0,190.0,292.0,291.0,-0.42602325629317317,-0.266023256293173,-0.43602325629317296
191,5.82,6.0,5.83,191.0,291.0,290.0,-0.04621907654310853,-0.22621907654310824,-0.056219076543108315
192,5.64,5.83,6.08,192.0,290.0,289.0,0.5196395909757259,0.3296395909757255,0.07963959097572548
193,5.92,6.08,5.74,193.0,289.0,288.0,-0.6767888625733027,-0.8367888625733029,-0.496788862573303
194,5.85,5.74,5.97,194.0,288.0,287.0,0.07313045790648509,0.18313045790648452,-0.046869542093515015
195,6.06,5.97,5.8,195.0,287.0,286.0,0.037046596761349804,0.12704659676134966,0.2970465967613496
196,6.16,5.8,5.74,196.0,286.0,285.0,-0.6939136357600582,-0.33391363576005784,-0.2739136357600582
197,5.88,5.74,5.86,197.0,285.0,284.0,-0.28512590786932623,-0.14512590786932655,-0.26512590786932666
198,5.96,5.86,5.71,198.0,284.0,283.0,0.807177371568466,0.9071773715684657,1.057177371568466
199,5.7,5.71,5.64,199.0,283.0,282.0,0.47665712699079155,0.46665712699079176,0.536657126990792
200,5.88,5.64,5.79,200.0,282.0,281.0,0.7139014246659103,0.9539014246659105,0.8039014246659102
201,6.16,5.79,5.59,201.0,281.0,280.0,-0.020090058764147933,0.3499099412358522,0.5499099412358524
202,6.08,5.59,5.59,202.0,280.0,279.0,0.3657710411346873,0.8557710411346875,0.8557710411346875
203,5.86,5.59,5.89,203.0,279.0,278.0,0.40754368390103846,0.6775436839010389,0.3775436839010391
204,5.88,5.89,5.79,204.0,278.0,277.0,0.5986939276981245,0.5886939276981247,0.6886939276981243
205,6.25,5.79,5.74,205.0,277.0,276.0,0.1895359315007017,0.6495359315007017,0.6995359315007015
206,6.08,5.74,5.59,206.0,276.0,275.0,0.6251021954612632,0.9651021954612631,1.1151021954612634
207,5.73,5.59,5.77,207.0,275.0,274.0,0.3102793464634397,0.45027934646344026,0.27027934646344054
208,5.68,5.77,5.99,208.0,274.0,273.0,0.41912711862761665,0.3291271186276168,0.10912711862761615
209,6.0,5.99,5.99,209.0,273.0,272.0,0.15562495382162833,0.16562495382162812,0.16562495382162812
210,5.89,5.99,5.74,210.0,272.0,271.0,0.2717658012237729,0.17176580122377239,0.4217658012237724
211,5.86,5.74,5.82,211.0,271.0,270.0,0.2978072371250624,0.4178072371250625,0.33780723712506244
212,5.73,5.82,5.76,212.0,270.0,269.0,-0.45311072133462105,-0.5431107213346209,-0.4831107213346204
213,6.1,5.76,5.76,213.0,269.0,268.0,-0.06356943957862704,0.2764305604213728,0.2764305604213728
214,5.8,5.76,6.0,214.0,268.0,267.0,-0.1937122532740876,-0.15371225327408755,-0.39371225327408776
215,6.03,6.0,5.76,215.0,267.0,266.0,-0.7531274923099565,-0.7231274923099562,-0.483127492309956
216,6.03,5.76,5.8,216.0,266.0,265.0,-0.5516728736502188,-0.2816728736502183,-0.32167287365021835
217,5.74,5.8,5.68,217.0,265.0,264.0,-0.036949035923511175,-0.09694903592351078,0.023050964076489322
218,6.17,5.68,5.76,218.0,264.0,263.0,-0.669094511391159,-0.17909451139115884,-0.2590945113911589
219,5.99,5.76,5.92,219.0,263.0,262.0,0.7693763918519041,0.9993763918519045,0.8393763918519044
220,5.97,5.92,5.91,220.0,262.0,261.0,-0.10501791919521519,-0.05501791919521537,-0.04501791919521558
221,5.96,5.91,5.92,221.0,261.0,260.0,-0.3369098699839599,-0.28690986998396006,-0.29690986998395985
222,5.85,5.92,5.64,222.0,260.0,259.0,-0.06529876475052454,-0.13529876475052482,0.14470123524947542
223,6.05,5.64,5.86,223.0,259.0,258.0,-0.3210379148579481,0.08896208514205206,-0.13103791485794858
224,5.99,5.86,5.58,224.0,258.0,257.0,0.12019193281072749,0.2501919328107274,0.5301919328107276
225,6.05,5.58,5.82,225.0,257.0,256.0,-0.35077480731726496,0.11922519268273479,-0.12077480731726542
226,5.67,5.82,5.88,226.0,256.0,255.0,-0.4080263462139939,-0.5580263462139943,-0.6180263462139939
227,5.96,5.88,5.89,227.0,255.0,254.0,-0.03602848044642837,0.0439715195535717,0.033971519553571916
228,5.92,5.89,5.86,228.0,254.0,253.0,0.05984926522056622,0.08984926522056647,0.11984926522056583
229,5.88,5.86,5.94,229.0,253.0,252.0,-0.35730816198258886,-0.3373081619825893,-0.41730816198258935
230,5.82,5.94,6.16,230.0,252.0,251.0,0.29567694496483554,0.17567694496483544,-0.044323055035164316
231,5.96,6.16,5.99,231.0,251.0,250.0,0.13043239155522102,-0.06956760844477916,0.10043239155522077
232,5.77,5.99,5.88,232.0,250.0,249.0,-0.2613669204298432,-0.48136692042984386,-0.37136692042984354
233,5.79,5.88,5.71,233.0,249.0,248.0,0.2639992679038947,0.17399926790389486,0.3439992679038948
234,5.8,5.71,5.82,234.0,248.0,247.0,-0.523127492309956,-0.4331274923099562,-0.5431274923099565
235,5.74,5.82,5.77,235.0,247.0,246.0,0.6572881085647762,0.5772881085647761,0.6272881085647768
236,5.88,5.77,6.05,236.0,246.0,245.0,0.2730603294721634,0.38306032947216373,0.10306032947216348
237,5.89,6.05,6.08,237.0,245.0,244.0,-0.2358085433264696,-0.39580854332646975,-0.42580854332647
238,5.59,6.08,6.19,238.0,244.0,243.0,0.6457604010748899,0.15576040107488964,0.04576040107488932
239,5.85,6.19,5.76,239.0,243.0,242.0,-0.4238739521117383,-0.763873952111739,-0.3338739521117384
240,5.62,5.76,5.76,240.0,242.0,241.0,-0.14620597678358127,-0.28620597678358095,-0.28620597678358095
241,5.76,5.76,5.62,241.0,241.0,240.0,-0.39025741130114344,-0.39025741130114344,-0.25025741130114376
242,5.76,5.62,5.85,242.0,240.0,239.0,-0.32883319296051194,-0.18883319296051226,-0.4188331929605118
243,6.19,5.85,5.59,243.0,239.0,238.0,-1.0232553024036726,-0.6832553024036718,-0.42325530240367204
244,6.08,5.59,5.89,244.0,238.0,237.0,-0.12129037894062389,0.3687096210593763,0.0687096210593765
245,6.05,5.89,5.88,245.0,237.0,236.0,-0.6306404231768248,-0.47064042317682464,-0.46064042317682485
246,5.77,5.88,5.74,246.0,236.0,235.0,-0.49312637424576167,-0.603126374245762,-0.4631263742457623
247,5.82,5.74,5.8,247.0,235.0,234.0,0.5796420963460704,0.6596420963460705,0.5996420963460709
248,5.71,5.8,5.79,248.0,234.0,233.0,-0.43312637424576206,-0.5231263742457619,-0.5131263742457621
249,5.88,5.79,5.77,249.0,233.0,232.0,-0.5471178133403125,-0.45711781334031265,-0.4371178133403122
250,5.99,5.77,5.96,250.0,232.0,231.0,-0.40848865797788836,-0.18848865797788772,-0.3784886579778881
251,6.16,5.96,5.82,251.0,231.0,230.0,-0.8831274923099564,-0.6831274923099562,-0.5431274923099565
252,5.94,5.82,5.88,252.0,230.0,229.0,-0.6812111948130104,-0.5612111948130103,-0.6212111948130099
253,5.86,5.88,5.92,253.0,229.0,228.0,-0.3759639633237102,-0.39596396332370976,-0.4359639633237098
254,5.89,5.92,5.96,254.0,228.0,227.0,-0.3974931222581226,-0.42749312225812286,-0.4674931222581229
255,5.88,5.96,5.67,255.0,227.0,226.0,-0.39904896731965955,-0.4790489673196596,-0.1890489673196596
256,5.82,5.67,6.05,256.0,226.0,225.0,-0.27488163777235197,-0.12488163777235162,-0.5048816377723515
257,5.58,6.05,5.99,257.0,225.0,224.0,0.037684191344205864,-0.4323158086557939,-0.3723158086557943
258,5.86,5.99,6.05,258.0,224.0,223.0,-0.0861746346041734,-0.2161746346041733,-0.2761746346041729
259,5.64,6.05,5.85,259.0,223.0,222.0,-0.19950303801426905,-0.6095030380142692,-0.409503038014269
260,5.92,5.85,5.96,260.0,222.0,221.0,-0.43654182658407237,-0.3665418265840721,-0.4765418265840724
261,5.91,5.96,5.97,261.0,221.0,220.0,-0.42390643178452425,-0.4739064317845241,-0.48390643178452386
262,5.92,5.97,5.99,262.0,220.0,219.0,0.19819403874277164,0.14819403874277182,0.12819403874277135
263,5.76,5.99,6.17,263.0,219.0,218.0,-0.2759605439238646,-0.505960543923865,-0.6859605439238647
264,5.68,6.17,5.74,264.0,218.0,217.0,-0.5826732375098995,-1.0726732375098997,-0.6426732375099
265,5.8,5.74,6.03,265.0,217.0,216.0,0.0013243706822123613,0.06132437068221197,-0.22867562931778807
266,5.76,6.03,6.03,266.0,216.0,215.0,0.3206696387012906,0.050669638701290154,0.050669638701290154
267,6.0,6.03,5.8,267.0,215.0,214.0,-0.7230302202820393,-0.7530302202820396,-0.5230302202820392
268,5.76,5.8,6.1,268.0,214.0,213.0,0.023673469580622886,-0.01632653041937715,-0.316326530419377
269,5.76,6.1,5.73,269.0,213.0,212.0,-0.483127492309956,-0.8231274923099559,-0.45312749230995664
270,5.82,5.73,5.86,270.0,212.0,211.0,0.2253415653189892,0.31534156531898905,0.18534156531898915
271,5.74,5.86,5.89,271.0,211.0,210.0,-0.5094051188509274,-0.6294051188509275,-0.6594051188509269
272,5.99,5.89,6.0,272.0,210.0,209.0,0.12098962170122363,0.22098962170122416,0.11098962170122384
273,5.99,6.0,5.68,273.0,209.0,208.0,-0.6288708039234994,-0.6388708039234992,-0.31887080392349887
274,5.77,5.68,5.73,274.0,208.0,207.0,-0.391489235722589,-0.3014892357225891,-0.35148923572258983
275,5.59,5.73,6.08,275.0,207.0,206.0,0.002213845597625941,-0.13778615440237463,-0.4877861544023743
276,5.74,6.08,6.25,276.0,206.0,205.0,0.30768854092772635,-0.03231145907227351,-0.20231145907227344
277,5.79,6.25,5.88,277.0,205.0,204.0,-0.416240351260841,-0.876240351260841,-0.5062403512608409
278,5.89,5.88,5.86,278.0,204.0,203.0,-0.1512339592534211,-0.1412339592534213,-0.12123395925342173
279,5.59,5.86,6.08,279.0,203.0,202.0,0.12125419896560796,-0.1487458010343925,-0.36874580103439225
280,5.59,6.08,6.16,280.0,202.0,201.0,0.10061957825150891,-0.3893804217484913,-0.46938042174849137
281,5.79,6.16,5.88,281.0,201.0,200.0,0.06753256100118588,-0.30246743899881423,-0.022467438998813982
282,5.64,5.88,5.7,282.0,200.0,199.0,-0.24314109274605933,-0.48314109274605954,-0.3031410927460598
283,5.71,5.7,5.96,283.0,199.0,198.0,0.3017202096048077,0.3117202096048075,0.05172020960480772
284,5.86,5.96,5.88,284.0,198.0,197.0,-0.27847715912428583,-0.3784771591242855,-0.2984771591242854
285,5.74,5.88,6.16,285.0,197.0,196.0,0.1036160039363141,-0.036383996063685586,-0.31638399606368584
286,5.8,6.16,6.06,286.0,196.0,195.0,-0.07876025615244142,-0.43876025615244174,-0.3387602561524412
287,5.97,6.06,5.85,287.0,195.0,194.0,-1.4600704340362984,-1.5500704340362983,-1.3400704340362983
288,5.74,5.85,5.92,288.0,194.0,193.0,0.4314446904710776,0.32144469047107815,0.25144469047107787
289,6.08,5.92,5.64,289.0,193.0,192.0,-0.8513284663915481,-0.691328466391548,-0.41132846639154774
290,5.83,5.64,5.82,290.0,192.0,191.0,-0.3459605439238649,-0.1559605439238645,-0.3359605439238651
291,6.0,5.82,5.99,291.0,191.0,190.0,0.035589922990005185,0.2155899229900049,0.04558992299000497
292,5.83,5.99,6.02,292.0,190.0,189.0,0.5545813514158393,0.39458135141583917,0.3645813514158398
293,6.16,6.02,6.21,293.0,189.0,188.0,-0.09818169325673942,0.04181830674326115,-0.14818169325673924
294,6.11,6.21,5.82,294.0,188.0,187.0,0.4842263834934277,0.3842263834934281,0.7742263834934278
295,5.86,5.82,5.71,295.0,187.0,186.0,0.27815046424785095,0.318150464247851,0.4281504642478513
296,5.82,5.71,5.73,296.0,186.0,185.0,0.3058134782374635,0.41581347823746384,0.3958134782374634
297,5.79,5.73,5.79,297.0,185.0,184.0,-0.22278750461737573,-0.16278750461737612,-0.22278750461737573
298,5.4,5.79,5.73,298.0,184.0,183.0,0.5914511015079054,0.20145110150790568,0.2614511015079053
299,5.71,5.73,5.92,299.0,183.0,182.0,-0.013579402287245301,-0.03357940228724576,-0.22357940228724527
300,5.97,5.92,6.0,300.0,182.0,181.0,-0.46457189672652177,-0.41457189672652195,-0.494571896726522
301,5.82,6.0,5.65,301.0,181.0,180.0,-0.5818775138371599,-0.7618775138371596,-0.41187751383716
302,5.77,5.65,5.91,302.0,180.0,179.0,-0.16316829117574816,-0.04316829117574894,-0.3031682911757487
303,6.16,5.91,6.17,303.0,179.0,178.0,-0.3284905485187606,-0.07849054851876058,-0.33849054851876037
304,5.68,6.17,5.88,304.0,178.0,177.0,-0.05138816886511144,-0.5413881688651117,-0.2513881688651116
305,5.73,5.88,5.76,305.0,177.0,176.0,-0.8606992036211247,-1.0106992036211242,-0.8906992036211241
306,6.06,5.76,6.22,306.0,176.0,175.0,-0.2821355518749957,0.017864448125004095,-0.44213555187499587
307,5.68,6.22,5.99,307.0,175.0,174.0,0.44767359651754823,-0.0923264034824518,0.13767359651754774
308,5.91,5.99,6.02,308.0,174.0,173.0,-0.08798941906927826,-0.16798941906927833,-0.1979894190692777
309,5.74,6.02,5.92,309.0,173.0,172.0,-0.2559616837239318,-0.5359616837239312,-0.4359616837239315
310,5.94,5.92,5.97,310.0,172.0,171.0,-0.3162958402168643,-0.29629584021686384,-0.34629584021686366
311,5.85,5.97,5.92,311.0,171.0,170.0,0.19708410029724188,0.07708410029724178,0.1270841002972416
312,5.85,5.92,5.35,312.0,170.0,169.0,-0.1164761322665937,-0.18647613226659399,0.3835238677334063
313,5.73,5.35,5.68,313.0,169.0,168.0,-0.04566239487436974,0.33433760512563104,0.004337605125630972
314,6.05,5.68,5.96,314.0,168.0,167.0,-0.35084103810462697,0.01915896189537314,-0.2608410381046271
315,5.7,5.96,5.77,315.0,167.0,166.0,0.3492662134257225,0.08926621342572272,0.2792662134257231
316,5.62,5.77,5.92,316.0,166.0,165.0,-0.08922647878645673,-0.2392264787864562,-0.38922647878645655
317,5.64,5.92,5.96,317.0,165.0,164.0,0.414814838078315,0.13481483807831474,0.0948148380783147
318,5.61,5.96,5.99,318.0,164.0,163.0,0.12805598649295646,-0.22194401350704318,-0.25194401350704343
319,5.82,5.99,6.03,319.0,163.0,162.0,0.035672687431261174,-0.13432731256873875,-0.1743273125687388
320,5.76,6.03,5.91,320.0,162.0,161.0,0.04248149706796056,-0.2275185029320399,-0.1075185029320398
321,5.89,5.91,5.79,321.0,161.0,160.0,-0.4041344321293696,-0.4241344321293701,-0.30413443212936997
322,5.92,5.79,5.89,322.0,160.0,159.0,-0.5690097271461578,-0.43900972714615794,-0.5390097271461576
323,5.92,5.89,5.88,323.0,159.0,158.0,-0.25427780702999936,-0.2242778070299991,-0.21427780702999932
324,5.89,5.88,5.77,324.0,158.0,157.0,0.7530721779625598,0.7630721779625596,0.8730721779625599
325,5.97,5.77,5.94,325.0,157.0,156.0,0.3497454292812243,0.5497454292812245,0.3797454292812237
326,5.73,5.94,6.11,326.0,156.0,155.0,0.045984513980872777,-0.1640154860191272,-0.3340154860191271
327,6.0,6.11,6.16,327.0,155.0,154.0,-0.2850474768436406,-0.39504747684364094,-0.44504747684364077
328,5.77,6.16,5.79,328.0,154.0,153.0,-1.0185055049038487,-1.4085055049038493,-1.0385055049038492
329,6.14,5.79,5.73,329.0,153.0,152.0,-0.8632046384532295,-0.5132046384532298,-0.4532046384532302
330,6.08,5.73,5.91,330.0,152.0,151.0,-0.6775358688249842,-0.32753586882498453,-0.5075358688249842
331,5.96,5.91,5.89,331.0,151.0,150.0,-0.36295557154134706,-0.31295557154134723,-0.29295557154134677
332,6.11,5.89,5.91,332.0,150.0,149.0,-0.361790377795713,-0.14179037779571235,-0.16179037779571281
333,6.0,5.91,5.74,333.0,149.0,148.0,-0.7538250087068628,-0.6638250087068629,-0.49382500870686297
334,6.05,5.74,6.05,334.0,148.0,147.0,0.03946909574073931,0.3494690957407389,0.03946909574073931
335,6.03,6.05,5.79,335.0,147.0,146.0,-0.5696916692856728,-0.5896916692856724,-0.3296916692856726
336,6.03,5.79,5.83,336.0,146.0,145.0,-0.5459183712381206,-0.3059183712381204,-0.3459183712381204
337,6.21,5.83,6.08,337.0,145.0,144.0,-0.4812825568743424,-0.10128255687434251,-0.3512825568743425
338,6.05,6.08,6.22,338.0,144.0,143.0,-0.4657861017091207,-0.49578610170912096,-0.6357861017091206
339,5.74,6.22,5.86,339.0,143.0,142.0,-0.2723625231716218,-0.7523625231716213,-0.3923625231716219
340,5.82,5.86,5.76,340.0,142.0,141.0,0.6700580118282726,0.6300580118282726,0.7300580118282731
341,5.62,5.76,5.83,341.0,141.0,140.0,-0.05894128568432411,-0.1989412856843238,-0.26894128568432407
342,6.06,5.83,6.14,342.0,140.0,139.0,0.16980266516159404,0.3998026651615936,0.08980266516159396
343,5.99,6.14,6.03,343.0,139.0,138.0,0.06582928761628004,-0.08417071238371943,0.025829287616280006
344,5.89,6.03,6.05,344.0,138.0,137.0,-0.21844080536927546,-0.358440805369276,-0.3784408053692756
345,5.76,6.05,5.86,345.0,137.0,136.0,0.14225457493125937,-0.14774542506874067,0.04225457493125884
346,6.02,5.86,6.33,346.0,136.0,135.0,-0.09785623266492927,0.06214376733506999,-0.40785623266492976
347,5.79,6.33,5.97,347.0,135.0,134.0,-0.12168588639940303,-0.6616858863994031,-0.30168588639940275
348,5.88,5.97,6.35,348.0,134.0,133.0,0.20509198434293818,0.11509198434293832,-0.26490801565706157
349,6.02,6.35,6.11,349.0,133.0,132.0,-0.2613684762399062,-0.5913684762399063,-0.35136847623990697
350,6.06,6.11,5.88,350.0,132.0,131.0,-0.46095987243271797,-0.5109598724327187,-0.28095987243271825
351,5.89,5.88,6.11,351.0,131.0,130.0,-0.08422117380532335,-0.07422117380532356,-0.304221173805324
352,5.73,6.11,6.02,352.0,130.0,129.0,0.19304753956926834,-0.18695246043073155,-0.0969524604307308
353,5.85,6.02,6.13,353.0,129.0,128.0,0.48881687171243016,0.3188168717124302,0.2088168717124299
354,5.79,6.13,6.22,354.0,128.0,127.0,-0.06797673013609629,-0.40797673013609614,-0.497976730136096
355,5.65,6.22,6.03,355.0,127.0,126.0,0.3872317914013186,-0.18276820859868081,0.007231791401318688
356,5.79,6.03,6.05,356.0,126.0,125.0,-0.2774216692764284,-0.5174216692764286,-0.5374216692764282
357,5.65,6.05,5.97,357.0,125.0,124.0,0.5949425618550945,0.19494256185509506,0.27494256185509514
358,5.88,5.97,5.92,358.0,124.0,123.0,-0.8024656664940624,-0.8924656664940622,-0.8424656664940624
359,5.82,5.92,6.24,359.0,123.0,122.0,-0.16126735875653608,-0.26126735875653573,-0.581267358756536
360,5.79,6.24,6.49,360.0,122.0,121.0,0.41858674284719743,-0.03141325715280274,-0.28141325715280274
361,5.97,6.49,6.49,361.0,121.0,120.0,-0.1141188423876871,-0.6341188423876876,-0.6341188423876876
362,5.97,6.49,6.1,362.0,120.0,119.0,-0.10247160118702503,-0.6224716011870255,-0.23247160118702492
363,5.7,6.1,6.4,363.0,119.0,118.0,0.6420486978801927,0.24204869788019323,-0.05795130211980748
364,5.85,6.4,6.49,364.0,118.0,117.0,0.00232589469887845,-0.5476741053011223,-0.6376741053011221
365,5.77,6.49,6.21,365.0,117.0,116.0,0.30630648947259775,-0.4136935105274029,-0.13369351052740264
366,5.67,6.21,6.24,366.0,116.0,115.0,0.2853869569696341,-0.2546130430303659,-0.28461304303036616
367,5.65,6.24,6.22,367.0,115.0,114.0,-0.1214262704201543,-0.7114262704201542,-0.6914262704201537
368,5.79,6.22,6.24,368.0,114.0,113.0,-0.07643201645092201,-0.5064320164509217,-0.5264320164509222
369,5.86,6.24,6.46,369.0,113.0,112.0,0.19335020432066408,-0.18664979567933582,-0.40664979567933557
370,5.97,6.46,5.88,370.0,112.0,111.0,-0.7480206938868568,-1.238020693886857,-0.6580206938868569
371,6.13,5.88,6.38,371.0,111.0,110.0,-0.20877770137085605,0.04122229862914395,-0.45877770137085605
372,5.86,6.38,6.49,372.0,110.0,109.0,0.10516990549016025,-0.4148300945098393,-0.5248300945098396
373,6.16,6.49,6.4,373.0,109.0,108.0,-0.4970301321668078,-0.8270301321668079,-0.737030132166808
374,6.06,6.4,6.19,374.0,108.0,107.0,-0.1170294811302588,-0.45702948113025954,-0.24702948113025958
375,5.99,6.19,6.28,375.0,107.0,106.0,-0.1894036101843417,-0.3894036101843419,-0.47940361018434174
376,6.21,6.28,6.21,376.0,106.0,105.0,-0.5482068482415619,-0.6182068482415621,-0.5482068482415619
377,5.86,6.21,5.79,377.0,105.0,104.0,-0.08566704874865749,-0.43566704874865714,-0.01566704874865721
378,6.03,5.79,6.27,378.0,104.0,103.0,-0.17393745853331843,0.06606254146668178,-0.41393745853331776
379,6.02,6.27,6.48,379.0,103.0,102.0,-0.3176987186135616,-0.5676987186135616,-0.7776987186135624
380,6.0,6.48,6.06,380.0,102.0,101.0,-0.2934847458996579,-0.7734847458996583,-0.3534847458996575
381,5.89,6.06,6.3,381.0,101.0,100.0,-0.6323027296405312,-0.8023027296405312,-1.0423027296405314
382,5.89,6.3,6.1,382.0,100.0,99.0,-0.3618290984854129,-0.771829098485413,-0.5718290984854129
383,5.74,6.1,6.02,383.0,99.0,98.0,-0.14685496741127313,-0.5068549674112726,-0.4268549674112725
384,5.68,6.02,6.38,384.0,98.0,97.0,0.24276325253364206,-0.0972367474663578,-0.4572367474663581
385,5.52,6.38,6.43,385.0,97.0,96.0,0.43007642101806365,-0.42992357898193667,-0.4799235789819365
386,5.89,6.43,6.36,386.0,96.0,95.0,0.2195903919172144,-0.3204096080827856,-0.25040960808278623
387,5.7,6.36,6.51,387.0,95.0,94.0,0.7682755923129685,0.10827559231296835,-0.04172440768703112
388,5.76,6.51,6.05,388.0,94.0,93.0,0.08433608941147508,-0.6656639105885249,-0.20566391058852496
389,5.41,6.05,6.08,389.0,93.0,92.0,0.27994733890335866,-0.360052661096641,-0.3900526610966413
390,5.79,6.08,6.43,390.0,92.0,91.0,0.30175374413664624,0.011753744136646205,-0.33824625586335344
391,5.79,6.43,6.27,391.0,91.0,90.0,0.04317504784864923,-0.5968249521513505,-0.4368249521513503
392,5.97,6.27,6.03,392.0,90.0,89.0,0.6454197124818499,0.3454197124818501,0.5854197124818494
393,6.05,6.03,6.32,393.0,89.0,88.0,-0.12566834565409657,-0.105668345654097,-0.39566834565409703
394,5.89,6.32,6.28,394.0,88.0,87.0,-0.0727682335724733,-0.5027682335724739,-0.4627682335724739
395,5.82,6.28,6.14,395.0,87.0,86.0,-0.12066325985814785,-0.5806632598581478,-0.44066325985814725
396,6.08,6.14,6.1,396.0,86.0,85.0,-0.3938519824509612,-0.4538519824509608,-0.4138519824509608
397,5.94,6.1,6.17,397.0,85.0,84.0,-0.25177661676135177,-0.411776616761351,-0.4817766167613513
398,6.24,6.17,6.13,398.0,84.0,83.0,-0.5406632598581478,-0.4706632598581475,-0.43066325985814746
399,6.19,6.13,6.21,399.0,83.0,82.0,-0.5197262003123715,-0.459726200312371,-0.5397262003123711
400,6.05,6.21,6.06,400.0,82.0,81.0,-0.4231432160407307,-0.5831432160407308,-0.43314321604073047
401,6.03,6.06,6.24,401.0,81.0,80.0,-0.16672812158711547,-0.19672812158711483,-0.37672812158711544
402,6.1,6.24,6.4,402.0,80.0,79.0,0.21156852203941678,0.07156852203941622,-0.08843147796058393
403,5.92,6.4,6.14,403.0,79.0,78.0,-0.2717430192033552,-0.7517430192033556,-0.49174301920335495
404,5.79,6.14,6.06,404.0,78.0,77.0,0.22010209879842435,-0.1298979012015753,-0.04989790120157522
405,5.88,6.06,6.43,405.0,77.0,76.0,0.04306293864515176,-0.13693706135484796,-0.5069370613548481
406,5.73,6.43,6.19,406.0,76.0,75.0,-0.023767276052617525,-0.7237672760526168,-0.4837672760526175
407,5.77,6.19,6.36,407.0,75.0,74.0,0.03535781345856481,-0.384642186541436,-0.5546421865414359
408,5.97,6.36,6.98,408.0,74.0,73.0,0.26246828758430585,-0.12753171241569472,-0.7475317124156948
409,5.91,6.98,6.13,409.0,73.0,72.0,-0.37424042040295724,-1.4442404204029575,-0.594240420402957
410,5.82,6.13,6.4,410.0,72.0,71.0,-0.04447635659731386,-0.35447635659731347,-0.6244763565973139
411,5.91,6.4,6.51,411.0,71.0,70.0,0.013040432310227779,-0.47695956768977243,-0.5869595676897719
412,5.92,6.51,6.32,412.0,70.0,69.0,-0.1588103003629664,-0.7488103003629663,-0.5588103003629667
413,5.94,6.32,6.44,413.0,69.0,68.0,0.20355029014195836,-0.17644970985804154,-0.29644970985804164
414,6.17,6.44,6.57,414.0,68.0,67.0,-0.23270331858976956,-0.50270331858977,-0.6327033185897699
415,5.89,6.57,6.06,415.0,67.0,66.0,-0.1688079878015909,-0.8488079878015915,-0.3388079878015908
416,6.03,6.06,6.52,416.0,66.0,65.0,0.07255095640485987,0.04255095640486051,-0.41744904359513946
417,6.0,6.52,6.69,417.0,65.0,64.0,0.036101712350258275,-0.4838982876497413,-0.6538982876497421
418,6.03,6.69,6.38,418.0,64.0,63.0,0.42213032643087445,-0.2378696735691257,0.0721303264308748
419,6.19,6.38,6.14,419.0,63.0,62.0,-0.3787266727479972,-0.5687266727479967,-0.3287266727479965
420,5.92,6.14,6.67,420.0,62.0,61.0,-0.1790044065719858,-0.39900440657198555,-0.9290044065719858
421,6.35,6.67,6.27,421.0,61.0,60.0,-0.15176105953967234,-0.4717610595396726,-0.07176105953967227
422,5.96,6.27,6.85,422.0,60.0,59.0,0.40800296789501544,0.09800296789501584,-0.48199703210498424
423,5.86,6.85,6.05,423.0,59.0,58.0,-0.27686375255608464,-1.266863752556084,-0.46686375255608414
424,6.43,6.05,6.75,424.0,58.0,57.0,-0.2610990500760506,0.11890094992394928,-0.5810990500760509
425,6.35,6.75,6.92,425.0,57.0,56.0,-0.07983382036799291,-0.47983382036799327,-0.6498338203679932
426,6.33,6.92,6.35,426.0,56.0,55.0,-0.2946073731882288,-0.8846073731882287,-0.3146073731882284
427,6.08,6.35,6.46,427.0,55.0,54.0,-0.12644207282321673,-0.3964420728232163,-0.5064420728232166
428,5.99,6.46,6.43,428.0,54.0,53.0,0.2562842187778065,-0.21371578122219326,-0.183715781222193
429,6.27,6.43,6.43,429.0,53.0,52.0,-0.023375174482030303,-0.18337517448203045,-0.18337517448203045
430,6.1,6.43,6.44,430.0,52.0,51.0,0.06449537808900985,-0.2655046219109902,-0.2755046219109909
431,6.02,6.44,6.95,431.0,51.0,50.0,-0.32066325985814714,-0.740663259858148,-1.2506632598581477
432,5.97,6.95,6.28,432.0,50.0,49.0,-0.25815489407381076,-1.2381548940738112,-0.5681548940738113
433,6.28,6.28,6.22,433.0,49.0,48.0,0.29842516905865235,0.29842516905865235,0.35842516905865285
434,6.24,6.22,6.24,434.0,48.0,47.0,0.04394694206059846,0.06394694206059892,0.04394694206059846
435,5.96,6.24,6.35,435.0,47.0,46.0,-0.2013346045630824,-0.48133460456308264,-0.5913346045630821
436,6.1,6.35,6.08,436.0,46.0,45.0,0.5299543158721658,0.2799543158721658,0.5499543158721654
437,6.06,6.08,6.69,437.0,45.0,44.0,0.055388072068010885,0.03538807206801042,-0.5746119279319899
438,6.19,6.69,6.06,438.0,44.0,43.0,-0.6145503536677577,-1.1145503536677577,-0.4845503536677569
439,6.11,6.06,6.35,439.0,43.0,42.0,0.32989041300014854,0.37989041300014925,0.08989041300014922
440,6.35,6.35,6.17,440.0,42.0,41.0,0.008739336667144215,0.008739336667144215,0.18873933666714393
441,6.38,6.17,6.64,441.0,41.0,40.0,-0.26282562118699015,-0.05282562118699019,-0.5228256211869899
442,5.85,6.64,6.0,442.0,40.0,39.0,0.2605540747075592,-0.5294459252924408,0.11055407470755885
443,6.05,6.0,6.38,443.0,39.0,38.0,-0.2521299087229041,-0.20212990872290426,-0.5821299087229042
444,6.17,6.38,6.56,444.0,38.0,37.0,-0.2734364271516698,-0.4834364271516698,-0.6634364271516695
445,6.3,6.56,6.27,445.0,37.0,36.0,-0.5628288964780532,-0.822828896478053,-0.532828896478053
446,6.67,6.27,6.62,446.0,36.0,35.0,-0.5432119224646081,-0.1432119224646078,-0.4932119224646083
447,6.43,6.62,6.11,447.0,35.0,34.0,-0.8889049696359885,-1.078904969635989,-0.5689049696359891
448,6.27,6.11,6.38,448.0,34.0,33.0,-0.4010378753296777,-0.24103787532967846,-0.511037875329678
449,6.21,6.38,6.03,449.0,33.0,32.0,-0.7171748680064258,-0.8871748680064258,-0.5371748680064261
450,6.24,6.03,5.94,450.0,32.0,31.0,-0.5408654388240128,-0.33086543882401287,-0.240865438824013
451,6.43,5.94,6.21,451.0,31.0,30.0,-0.8281574626075976,-0.33815746260759827,-0.6081574626075978
452,6.21,6.21,6.36,452.0,30.0,29.0,-0.20331598105961035,-0.20331598105961035,-0.3533159810596107
453,6.24,6.36,6.02,453.0,29.0,28.0,-0.8100581595717555,-0.9300581595717556,-0.5900581595717549
454,6.22,6.02,6.05,454.0,28.0,27.0,-0.045584127533791374,0.1544158724662088,0.12441587246620855
455,6.36,6.05,6.05,455.0,27.0,26.0,0.04810130990975647,0.35810130990975697,0.35810130990975697
456,6.22,6.05,6.59,456.0,26.0,25.0,0.2713575400810173,0.44135754008101724,-0.0986424599189828
457,6.4,6.59,6.27,457.0,25.0,24.0,-0.47742271487746457,-0.6674227148774641,-0.3474227148774638
458,6.3,6.27,6.48,458.0,24.0,23.0,-0.2966508032649795,-0.26665080326497925,-0.4766508032649801
459,6.19,6.48,6.7,459.0,23.0,22.0,0.17519185750992428,-0.11480814249007576,-0.3348081424900755
460,6.19,6.7,6.1,460.0,22.0,21.0,-0.585916643010024,-1.0959166430100238,-0.49591664301002325
461,6.85,6.1,6.4,461.0,21.0,20.0,-1.1252461943419965,-0.37524619434199646,-0.6752461943419972
462,6.49,6.4,6.08,462.0,20.0,19.0,-0.43399464223998585,-0.343994642239986,-0.02399464223998571
463,6.57,6.08,6.21,463.0,19.0,18.0,-0.5514183005883853,-0.061418300588385044,-0.19141830058838494
464,6.49,6.21,6.27,464.0,18.0,17.0,-0.1689905614946925,0.11100943850530776,0.05100943850530815
465,6.52,6.27,5.94,465.0,17.0,16.0,-1.0411419906314352,-0.7911419906314352,-0.461141990631436
466,6.21,5.94,6.43,466.0,16.0,15.0,0.25707492067480686,0.5270749206748064,0.03707492067480711
467,6.21,6.43,6.33,467.0,15.0,14.0,0.18392777820864215,-0.036072221791357606,0.06392777820864204
468,6.3,6.33,6.17,468.0,14.0,13.0,-0.5987935154936874,-0.6287935154936877,-0.46879351549368753
469,6.25,6.17,6.1,469.0,13.0,12.0,0.27613090350662706,0.35613090350662713,0.4261309035066274
470,6.27,6.1,6.7,470.0,12.0,11.0,-0.07483851921934814,0.09516148078065179,-0.5048385192193487
471,6.36,6.7,6.1,471.0,11.0,10.0,-0.17154206878617018,-0.51154206878617,0.0884579312138305
472,6.16,6.1,6.4,472.0,10.0,9.0,-0.4606632598581477,-0.4006632598581472,-0.7006632598581479
473,6.11,6.4,6.41,473.0,9.0,8.0,-0.23319290920079716,-0.5231929092007972,-0.533192909200797
474,6.61,6.41,6.27,474.0,8.0,7.0,-0.8912548411813122,-0.691254841181312,-0.5512548411813114
475,6.27,6.27,6.61,475.0,7.0,6.0,-0.32709711337831404,-0.32709711337831404,-0.6670971133783148
476,6.62,6.61,6.56,476.0,6.0,5.0,-0.7007459457634653,-0.6907459457634655,-0.6407459457634648
477,6.62,6.56,6.7,477.0,5.0,4.0,-0.5089983463935557,-0.4489983463935552,-0.5889983463935557
478,6.3,6.7,6.51,478.0,4.0,3.0,-0.3756399134937549,-0.7756399134937553,-0.5856399134937549
479,6.0,6.51,6.36,479.0,3.0,2.0,0.04584658738942338,-0.4641534126105764,-0.31415341261057694
480,6.25,6.36,6.54,480.0,2.0,1.0,-0.33290921596338663,-0.44290921596338695,-0.6229092159633867
481,5.96,6.54,,481.0,1.0,,0.20733797025981904,-0.37266202974018103,
