wire_number,json_A,json_B,summary_A,summary_B,diff_A,diff_B
1,5.4,6.54,5.2823960711381925,6.154600971919177,-0.11760392886180782,-0.3853990280808226
2,5.94,6.36,5.486163109263558,6.007195774242234,-0.45383689073644273,-0.35280422575776615
3,6.03,6.51,5.488609866632843,6.210518819494465,-0.5413901333671571,-0.29948118050553507
4,6.33,6.7,5.919151032404561,6.691627320222282,-0.410848967595439,-0.008372679777718162
5,6.17,6.56,6.534010136635565,6.5973701485596905,0.3640101366355655,0.0373701485596909
6,6.41,6.61,5.915228580786252,5.97189060148801,-0.49477141921374823,-0.6381093985119906
7,5.99,6.27,5.495129613438225,6.312398814554046,-0.4948703865617752,0.042398814554046815
8,6.13,6.41,5.697789116649935,5.788609451170711,-0.43221088335006463,-0.6213905488292895
9,6.03,6.4,5.487658918490375,5.787117663598873,-0.5423410815096252,-0.6128823364011273
10,6.13,6.1,5.4244051278668834,5.699383218571996,-0.7055948721331164,-0.4006167814280035
11,6.51,6.7,5.913939534836552,5.697375523137778,-0.5960604651634478,-1.0026244768622226
12,6.57,6.1,5.914057898671661,6.548717886369098,-0.6559421013283391,0.4487178863690984
13,6.52,6.17,6.190417148137534,6.359397206464796,-0.3295828518624653,0.18939720646479596
14,6.36,6.33,5.666212260367852,6.571911598253735,-0.6937877396321479,0.24191159825373454
15,6.17,6.43,5.48578120894386,6.325568507871971,-0.6842187910561401,-0.10443149212802894
16,6.35,5.94,5.696536764413071,5.886767393862953,-0.653463235586929,-0.05323260613704761
17,6.57,6.27,5.784600561685413,5.924095906977913,-0.7853994383145873,-0.3459040930220869
18,6.44,6.21,6.666229909128019,6.022508403039669,0.22622990912801821,-0.18749159696033058
19,6.43,6.08,6.192036339492745,5.934956998059939,-0.23796366050725482,-0.1450430019400608
20,6.08,6.4,5.649719194392862,6.2784906292094576,-0.4302808056071381,-0.1215093707905428
21,6.17,6.1,6.080465606179192,5.85425000697682,-0.08953439382080752,-0.24574999302317924
22,6.35,6.7,5.929295284288862,6.119697800930736,-0.4207047157111372,-0.5803021990692638
23,6.32,6.48,5.941192037414844,6.038436129619182,-0.3788079625851566,-0.44156387038081846
24,6.69,6.27,6.339533758642467,5.938537268221135,-0.350466241357533,-0.3314627317788643
25,6.49,6.59,6.0405831872735885,5.836024862203619,-0.44941681272641176,-0.753975137796381
26,6.43,6.05,6.021334318220857,5.712358103093051,-0.40866568177914253,-0.33764189690694923
27,6.4,6.05,5.987220124255211,6.057896776016096,-0.41277987574478914,0.007896776016096396
28,6.32,6.02,5.856464187140906,5.923088998665326,-0.46353581285909407,-0.09691100133467323
29,6.13,6.36,5.735920258902383,6.2605258456672335,-0.3940797410976167,-0.09947415433276685
30,6.08,6.21,5.807845410871757,5.804880527789734,-0.27215458912824264,-0.40511947221026556
31,6.05,5.94,5.656752956098244,6.155346006914273,-0.3932470439017557,0.21534600691427297
32,6.1,6.03,5.745991502762617,5.639206807372957,-0.35400849723738226,-0.3907931926270436
33,6.4,6.38,6.139536076503969,6.215137372723451,-0.2604639234960313,-0.1648626272765492
34,6.08,6.11,5.921187952209928,5.955687467301271,-0.15881204779007163,-0.15431253269872958
35,6.52,6.62,5.989601056255968,6.056016137647886,-0.5303989437440313,-0.5639838623521145
36,6.36,6.27,6.009006775733808,6.181052520899481,-0.35099322426619217,-0.08894747910051848
37,6.51,6.56,6.042171896719924,6.225636494523506,-0.46782810328007596,-0.3343635054764933
38,6.05,6.38,5.130970412601644,5.699354169530947,-0.9190295873983558,-0.6806458304690528
39,6.4,6.0,5.923090183213061,5.433651191232238,-0.47690981678693944,-0.5663488087677617
40,6.05,6.64,5.502906810374497,6.155653935680946,-0.5470931896255031,-0.4843460643190536
41,6.35,6.17,6.201059000442856,6.09591573985002,-0.14894099955714335,-0.07408426014997982
42,6.13,6.35,5.71672009094784,5.921517208190295,-0.41327990905215994,-0.4284827918097047
43,5.99,6.06,6.216120265106914,6.62008247498314,0.22612026510691408,0.5600824749831403
44,6.03,6.69,5.860382427093365,5.939793405436537,-0.1696175729066356,-0.7502065945634637
45,6.16,6.08,6.089740540467711,5.742551405984353,-0.07025945953228874,-0.33744859401564664
46,6.54,6.35,5.927267635042316,6.363383201161136,-0.6127323649576839,0.013383201161136782
47,6.38,6.24,5.702947516557617,5.538254023930056,-0.6770524834423828,-0.7017459760699438
48,6.3,6.22,5.922468311945339,6.022422403115427,-0.37753168805466064,-0.19757759688457277
49,6.51,6.28,5.975013230608292,6.452771991113062,-0.5349867693917076,0.17277199111306185
50,6.38,6.95,5.890810343207644,6.644417045977803,-0.48918965679235615,-0.3055829540221975
51,6.48,6.44,5.908196761477657,5.485597673519597,-0.5718032385223433,-0.9544023264804036
52,6.21,6.43,5.833809847230178,5.923088998665326,-0.37619015276982193,-0.5069110013346734
53,6.17,6.43,5.525334354725146,6.556832579638926,-0.6446656452748538,0.12683257963892647
54,5.89,6.46,5.6078148259086165,5.48403717647612,-0.2821851740913832,-0.9759628235238802
55,6.11,6.35,5.8864284775298525,6.322424104017082,-0.22357152247014778,-0.027575895982917764
56,6.28,6.92,5.7727927192669615,6.327415857688647,-0.5072072807330388,-0.5925841423113534
57,6.44,6.75,5.923087814117713,5.951217416418224,-0.5169121858822878,-0.7987825835817759
58,6.36,6.05,5.926418045268362,6.147621327906809,-0.43358195473163796,0.09762132790680944
59,6.25,6.85,5.826017137954015,5.843299509813522,-0.42398286204598534,-1.0067004901864776
60,6.22,6.27,5.726967822517161,6.133420783748304,-0.49303217748283856,-0.1365792162516959
61,6.51,6.67,6.060504997798236,6.057842868304363,-0.44949500220176386,-0.6121571316956373
62,6.1,6.14,5.6797815161294265,6.217585040284671,-0.42021848387057315,0.07758504028467161
63,6.03,6.38,5.775345850531285,5.727627102236586,-0.2546541494687151,-0.6523728977634136
64,6.28,6.69,5.784340687464879,5.504092020165563,-0.4956593125351212,-1.185907979834437
65,6.41,6.52,6.175376187531791,5.938609620017157,-0.23462381246820918,-0.5813903799828424
66,6.05,6.06,5.656348957652666,6.30698516551758,-0.39365104234733383,0.24698516551758054
67,5.76,6.57,6.155554914609943,5.629559901362965,0.3955549146099431,-0.9404400986370351
68,6.0,6.44,5.3584406187488645,5.67755576474697,-0.6415593812511355,-0.7624442352530307
69,6.17,6.32,5.707747771957347,5.867681667064788,-0.46225222804265265,-0.45231833293521184
70,5.97,6.51,5.484421295764796,6.058867155842825,-0.4855787042352038,-0.4511328441571747
71,6.06,6.4,5.778324242104122,5.484033757076985,-0.2816757578958775,-0.9159662429230151
72,6.0,6.13,5.4896851986067805,5.415362882974614,-0.5103148013932195,-0.7146371170253856
73,6.41,6.98,5.940044886068433,6.397263487550035,-0.46995511393156697,-0.5827365124499657
74,6.11,6.36,5.734410800457867,5.923609026508123,-0.37558919954213366,-0.4363909734918776
75,5.96,6.19,5.5410652418404185,5.970217208258019,-0.4189347581595815,-0.21978279174198168
76,6.06,6.43,5.859207760039994,5.491496282001187,-0.2007922399600055,-0.9385037179988132
77,6.85,6.06,5.722464536211254,5.69934022601754,-1.127535463788746,-0.3606597739824595
78,6.25,6.14,5.822076347345019,5.880916257842658,-0.42792365265498056,-0.2590837421573413
79,6.16,6.4,5.6897952488079575,6.149016457147088,-0.47020475119204264,-0.2509835428529126
80,6.14,6.24,5.680291911425454,6.1931506405130445,-0.4597080885745459,-0.04684935948695568
81,5.97,6.06,5.587606244378986,6.015371305142799,-0.3823937556210142,-0.04462869485720056
82,6.06,6.21,6.133434043112985,6.192928983518161,0.07343404311298496,-0.01707101648183862
83,5.65,6.13,5.013271317109145,6.151805983284186,-0.6367286828908556,0.021805983284186148
84,6.03,6.17,5.881172390747812,6.208739551521956,-0.14882760925218808,0.03873955152195574
85,6.3,6.1,5.907013763099786,6.383768460513656,-0.3929862369002137,0.2837684605136568
86,6.13,6.14,5.707160565247255,6.159221640525163,-0.42283943475274466,0.019221640525163508
87,6.0,6.28,5.699326282521188,6.885108688397701,-0.3006737174788121,0.605108688397701
88,5.89,6.32,5.302661902247294,6.316184123894369,-0.5873380977527054,-0.0038158761056310553
89,6.22,6.03,5.81953169291358,6.330044725515664,-0.40046830708641945,0.3000447255156642
90,6.28,6.27,5.922777466723387,6.174079658896434,-0.35722253327661324,-0.0959203411035654
91,6.03,6.43,5.632359541672341,5.81269312329324,-0.3976404583276594,-0.6173068767067598
92,6.36,6.08,6.026866536235714,5.592143635630061,-0.33313346376428665,-0.4878563643699394
93,5.89,6.05,5.484038316276068,6.79808617575172,-0.40596168372393127,0.7480861757517205
94,6.05,6.51,5.825977194789699,5.8275785530389,-0.22402280521030082,-0.6824214469610999
95,6.19,6.36,5.83085832321576,5.462943845324552,-0.35914167678424036,-0.8970561546754485
96,6.1,6.43,6.243441731159113,5.528761415849287,0.14344173115911296,-0.9012385841507129
97,5.96,6.38,5.822655342700243,5.276888160599528,-0.13734465729975653,-1.103111839400472
98,6.14,6.02,5.707039639299547,6.027570340956685,-0.4329603607004531,0.007570340956685406
99,6.25,6.1,5.854718718696202,6.127283237406274,-0.3952812813037978,0.02728323740627392
100,5.83,6.3,5.743517188762256,5.659885880631031,-0.08648281123774382,-0.6401141193689686
101,6.11,6.06,5.737731871240403,5.564791908328746,-0.3722681287595977,-0.49520809167125357
102,6.28,6.48,5.8671098687837455,5.627151197111563,-0.41289013121625473,-0.8528488028884373
103,6.32,6.27,5.907444360798765,5.397427666374876,-0.4125556392012353,-0.8725723336251239
104,5.97,5.79,5.4520430621746,6.079707115291966,-0.5179569378253994,0.28970711529196613
105,6.19,6.21,5.700569644657519,6.432553277363032,-0.48943035534248125,0.22255327736303165
106,6.28,6.28,5.905634536564408,5.75327638030379,-0.3743654634355922,-0.5267236196962104
107,5.89,6.19,5.485231751805883,6.315693620805165,-0.4047682481941166,0.12569362080516466
108,5.96,6.4,5.569376311773394,5.602564850346598,-0.3906236882266061,-0.7974351496534027
109,6.32,6.49,5.884441230721331,6.160598756310405,-0.43555876927866954,-0.32940124368959545
110,5.59,6.38,5.1795806220337175,5.276872507690044,-0.41041937796628236,-1.103127492309956
111,5.53,5.88,5.782668033221432,5.48403717647612,0.2526680332214317,-0.3959628235238801
112,6.05,6.46,5.537331999019233,5.4050483089438925,-0.5126680009807671,-1.0549516910561074
113,5.88,6.24,5.439230078686264,6.102213098230231,-0.44076992131373594,-0.13778690176976927
114,5.7,6.22,5.877742797212736,5.591713177595198,0.17774279721273611,-0.6282868224048022
115,5.85,6.24,5.457738264423934,5.256447390086985,-0.39226173557606536,-0.9835526099130156
116,5.91,6.21,5.467630648264349,5.247581972421265,-0.4423693517356515,-0.9624180275787353
117,5.94,6.49,5.475430507599819,5.380835174074399,-0.4645694924001811,-1.1091648259256015
118,5.96,6.4,5.512826312873033,,-0.44717368712696715,
119,5.96,6.1,5.391872524007096,5.381375990265681,-0.5681274759929043,-0.7186240097343184
120,6.72,6.49,5.720424840572319,5.93796439988923,-0.9995751594276809,-0.55203560011077
121,6.36,6.49,5.896632122801698,5.699337902100296,-0.4633678771983023,-0.7906620978997045
122,5.77,6.24,5.484038316276068,5.293012906163231,-0.28596168372393116,-0.9469870938367695
123,5.7,5.92,5.2746802116701055,6.461193240621332,-0.4253197883298947,0.5411932406213324
124,6.27,5.97,5.719806716943012,5.697890193751466,-0.5501932830569878,-0.2721098062485341
125,5.7,6.05,5.276552746192021,5.717615033617777,-0.42344725380797943,-0.3323849663822225
126,5.8,6.03,5.225091799219028,5.929291728785083,-0.574908200780972,-0.10070827121491721
127,6.06,6.22,5.827258968740852,6.369173525796879,-0.23274103125914802,0.14917352579687915
128,6.13,6.13,5.590968547336554,5.923083075928436,-0.5390314526634459,-0.2069169240715638
129,6.05,6.02,5.560366626896289,6.1963608722177055,-0.489633373103711,0.1763608722177059
130,6.06,6.11,5.573390362249839,6.17687607327835,-0.48660963775016075,0.06687607327834932
131,6.21,5.88,5.869179085286386,5.616454515866376,-0.3408209147136141,-0.26354548413362355
132,6.17,6.11,5.535741257016109,5.763789341381688,-0.6342587429838913,-0.346210658618312
133,6.03,6.35,5.485240871201855,6.466567453800537,-0.5447591287981455,0.11656745380053746
134,5.96,5.97,5.832319298907794,6.527838185436813,-0.1276807010922063,0.5578381854368129
135,5.74,6.33,5.148796739049489,6.316867924321824,-0.5912032609505111,-0.013132075678176314
136,6.13,5.86,5.829884049361685,5.468173532410235,-0.30011595063831464,-0.39182646758976514
137,6.28,6.05,5.732754704357081,5.931484491813548,-0.5472452956429192,-0.11851550818645151
138,5.92,6.03,5.402811443117232,6.031768929510536,-0.5171885568827683,0.001768929510535422
139,5.79,6.14,5.325532753362457,5.70088457378662,-0.46446724663754324,-0.4391154262133794
140,6.02,5.83,5.51594885099861,6.165300229268959,-0.5040511490013895,0.33530022926895864
141,5.99,5.76,6.260233571794223,5.735011063230513,0.2702335717942228,-0.024988936769486436
142,6.33,5.86,5.868743988963393,5.345222773625575,-0.46125601103660685,-0.5147772263744255
143,5.74,6.22,5.431088541152371,5.880743931930012,-0.3089114588476294,-0.33925606806998765
144,6.05,6.08,5.567111435680063,5.7746066358317645,-0.48288856431993654,-0.3053933641682356
145,6.08,5.83,5.759901195756733,5.484046294879023,-0.3200988042432673,-0.34595370512097734
146,5.82,5.79,5.343595739879008,5.521834013966168,-0.4764042601209919,-0.2681659860338321
147,6.25,6.05,5.707771028290489,5.48403717647612,-0.5422289717095108,-0.56596282352388
148,6.08,5.74,5.484044015277588,6.625870641044044,-0.5959559847224121,0.8858706410440442
149,5.96,5.91,5.517569901951896,6.324868323831838,-0.44243009804810374,0.414868323831838
150,5.83,5.89,5.38301328217536,6.050571120785942,-0.4469867178246405,0.16057112078594216
151,6.08,5.91,5.708662944415717,5.923081891381413,-0.3713370555842834,0.013081891381412802
152,5.74,5.73,5.686575131217215,5.699336740141852,-0.05342486878278496,-0.030663259858147995
153,5.85,5.79,5.6543558011720405,5.267182226405619,-0.19564419882795914,-0.5228177735943813
154,5.99,6.16,5.410854778597079,5.98072886263023,-0.5791452214029214,-0.17927113736976974
155,5.73,6.11,5.035892285608269,5.700139681663916,-0.6941077143917314,-0.4098603183360847
156,6.06,5.94,5.6625598564242114,6.277946713636924,-0.39744014357578816,0.3379467136369234
157,5.73,5.77,5.303038495359024,6.270602503049997,-0.4269615046409765,0.500602503049997
158,5.94,5.88,5.588004328767284,5.4652238451177215,-0.35199567123271613,-0.41477615488227837
159,5.7,5.89,5.228881882519199,5.182077699178426,-0.4711181174808008,-0.7079223008215738
160,5.91,5.79,5.534332799372038,5.75000916870749,-0.3756672006279622,-0.03999083129250991
161,5.89,5.91,5.484039456076135,5.996632271244057,-0.4059605439238645,0.08663227124405726
162,5.74,6.03,5.091134266606416,5.297991466151765,-0.6488657333935839,-0.7320085338482354
163,6.16,5.99,5.699278642370681,5.257063383938176,-0.46072135762931943,-0.7329366160618243
164,5.86,5.96,5.373819447834251,5.310240047271904,-0.4861805521657496,-0.649759952728096
165,6.03,5.92,5.680049470800571,5.174966933887269,-0.34995052919942893,-0.7450330661127307
166,6.28,5.77,5.797421239422731,6.087935426595283,-0.4825787605772689,0.31793542659528384
167,5.77,5.96,6.041237547565463,5.923136380667066,0.27123754756546337,-0.036863619332933695
168,5.79,5.68,5.792508444102337,5.077562848862561,0.0025084441023368598,-0.6024371511374387
169,6.02,5.35,6.088017089308118,5.450329399785242,0.06801708930811845,0.10032939978524258
170,6.1,5.92,5.914150223285311,5.200123476660995,-0.18584977671468828,-0.7198765233390052
171,5.74,5.97,6.6564503830701005,5.776912159495548,0.9164503830701003,-0.19308784050445205
172,5.86,5.92,5.507255487952561,5.243642454832895,-0.3527445120474395,-0.6763575451671047
173,5.94,6.02,6.360034243416754,6.017675443355466,0.42003424341675366,-0.002324556644533793
174,5.86,5.99,5.245832751035538,5.091331946460325,-0.6141672489644625,-0.8986680535396756
175,5.74,6.22,5.637178538663245,5.704071541567768,-0.10282146133675507,-0.5159284584322315
176,5.76,5.76,6.415849812544755,5.208275581040137,0.6558498125447549,-0.5517244189598625
177,5.91,5.88,5.70280455130619,7.00450572140128,-0.20719544869381057,1.1245057214012801
178,6.06,6.17,5.678137967118228,5.484038316276068,-0.3818620328817719,-0.6859616837239315
179,5.79,5.91,6.214942016952673,5.7061373861325215,0.42494201695267275,-0.20386261386747861
180,5.85,5.65,6.373773275345978,5.0857566511562124,0.5237732753459783,-0.5642433488437879
181,5.89,6.0,5.684567372269654,5.48403717647612,-0.20543262773034598,-0.5159628235238802
182,6.06,5.92,5.859828657644781,5.07752884979269,-0.20017134235521894,-0.8424711502073103
183,6.24,5.73,5.962916252050639,5.545363636728996,-0.2770837479493613,-0.18463636327100463
184,6.21,5.79,5.299994750533771,5.759300799835367,-0.910005249466229,-0.03069920016463268
185,5.74,5.73,5.696714501757052,5.34187445931214,-0.04328549824294825,-0.3881255406878603
186,5.97,5.71,6.1557988460009225,5.270978602203941,0.18579884600092278,-0.43902139779605864
187,6.22,5.82,6.160912856906637,5.705014320123543,-0.059087143093362826,-0.11498567987645725
188,5.74,6.21,6.25736477883116,5.89885430258605,0.5173647788311602,-0.3111456974139504
189,6.1,6.02,5.93051369968647,5.602446189679223,-0.16948630031352963,-0.41755381032077654
190,6.17,5.99,6.156415941543037,5.563976743706827,-0.013584058456962644,-0.42602325629317317
191,6.24,5.82,5.799754755510159,5.773780923456892,-0.4402452444898408,-0.04621907654310853
192,5.96,5.64,6.069034456795649,6.1596395909757256,0.10903445679564872,0.5196395909757259
193,5.96,5.92,5.835900227057107,5.243211137426697,-0.12409977294289298,-0.6767888625733027
194,6.03,5.85,5.648027948658849,5.923130457906485,-0.3819720513411511,0.07313045790648509
195,5.73,6.06,5.614127037247774,6.097046596761349,-0.1158729627522268,0.037046596761349804
196,5.83,6.16,5.249868997899038,5.466086364239942,-0.5801310021009618,-0.6939136357600582
197,6.14,5.88,6.55545298900492,5.594874092130674,0.4154529890049199,-0.28512590786932623
198,6.17,5.96,5.481805675343323,6.767177371568466,-0.6881943246566768,0.807177371568466
199,5.88,5.7,5.017446045051514,6.176657126990792,-0.8625539549484857,0.47665712699079155
200,5.92,5.88,5.11485352957939,6.59390142466591,-0.8051464704206097,0.7139014246659103
201,5.86,6.16,5.468134835373634,6.139909941235852,-0.391865164626366,-0.020090058764147933
202,5.65,6.08,5.90485154822785,6.445771041134687,0.2548515482278493,0.3657710411346873
203,5.08,5.86,5.1469580565223465,6.267543683901039,0.06695805652234643,0.40754368390103846
204,5.79,5.88,6.024603646432114,6.478693927698124,0.23460364643211395,0.5986939276981245
205,5.8,6.25,5.447559472918033,6.439535931500702,-0.35244052708196705,0.1895359315007017
206,5.74,6.08,5.289140320840743,6.705102195461263,-0.4508596791592572,0.6251021954612632
207,5.74,5.73,5.313145371772747,6.04027934646344,-0.42685462822725295,0.3102793464634397
208,5.64,5.68,5.6066853435461175,6.099127118627616,-0.03331465645388221,0.41912711862761665
209,6.06,6.0,5.545449598702398,6.155624953821628,-0.5145504012976012,0.15562495382162833
210,6.06,5.89,6.495827521397803,6.161765801223773,0.4358275213978038,0.2717658012237729
211,5.92,5.86,6.225559986054737,6.157807237125063,0.3055599860547371,0.2978072371250624
212,6.03,5.73,6.046693922983845,5.276889278665379,0.016693922983844978,-0.45311072133462105
213,5.73,6.1,5.460593804606709,6.036430560421373,-0.2694061953932918,-0.06356943957862704
214,5.83,5.8,6.230465980076946,5.606287746725912,0.40046598007694634,-0.1937122532740876
215,5.76,6.03,6.562146667906018,5.276872507690044,0.8021466679060181,-0.7531274923099565
216,6.14,6.03,5.679256064930154,5.4783271263497815,-0.46074393506984546,-0.5516728736502188
217,6.05,5.74,5.510362737811257,5.703050964076489,-0.5396372621887426,-0.036949035923511175
218,5.88,6.17,6.444311752608335,5.500905488608841,0.5643117526083348,-0.669094511391159
219,6.05,5.99,5.66634202171456,6.759376391851904,-0.3836579782854397,0.7693763918519041
220,6.02,5.97,5.8562474616644815,5.864982080804785,-0.16375253833551806,-0.10501791919521519
221,6.13,5.96,6.471200993888089,5.62309013001604,0.3412009938880889,-0.3369098699839599
222,5.86,5.85,5.364563577628213,5.784701235249475,-0.4954364223717871,-0.06529876475052454
223,5.76,6.05,6.33496230826454,5.728962085142052,0.5749623082645403,-0.3210379148579481
224,5.73,5.99,5.197157127602568,6.110191932810728,-0.5328428723974321,0.12019193281072749
225,5.71,6.05,6.386407777654478,5.699225192682735,0.6764077776544779,-0.35077480731726496
226,5.92,5.67,5.502877124677058,5.0774696258783,-0.4171228753229421,-0.5925303741216998
227,6.11,5.96,5.711333294975755,5.923971519553572,-0.3986667050242456,-0.03602848044642837
228,6.21,5.92,6.000054643669356,5.979849265220566,-0.20994535633064437,0.05984926522056622
229,6.05,5.88,5.684089276161322,5.522691838017411,-0.3659107238386774,-0.35730816198258886
230,6.41,5.82,5.923088998665326,6.115676944964836,-0.4869110013346738,0.29567694496483554
231,5.91,5.96,5.520403311700922,6.090432391555221,-0.38959668829907823,0.13043239155522102
232,6.21,5.77,5.710660996347522,5.508633079570156,-0.4993390036524783,-0.2613669204298432
233,6.08,5.79,6.347228445066088,6.053999267903895,0.2672284450660882,0.2639992679038947
234,6.36,5.8,5.92560287550889,5.276872507690044,-0.43439712449111045,-0.523127492309956
235,5.91,5.74,5.484038316276068,6.397288108564776,-0.4259616837239317,0.6572881085647762
236,6.03,5.88,5.501637247450887,6.153060329472163,-0.5283627525491132,0.2730603294721634
237,5.91,5.89,5.26493387076197,5.65419145667353,-0.64506612923803,-0.2358085433264696
238,5.91,5.59,5.425740574360756,6.23576040107489,-0.4842594256392445,0.6457604010748899
239,6.36,5.85,5.906247243396341,5.426126047888261,-0.45375275660365944,-0.4238739521117383
240,5.92,5.62,5.487712506902495,5.473794023216419,-0.4322874930975047,-0.14620597678358127
241,5.71,5.76,5.505989991777229,5.369742588698856,-0.20401000822277116,-0.39025741130114344
242,5.7,5.76,6.296540995636007,5.431166807039488,0.5965409956360066,-0.32883319296051194
243,5.92,6.19,5.18365225274276,5.166744697596328,-0.7363477472572395,-1.0232553024036726
244,5.77,6.08,6.149400266134211,5.958709621059376,0.3794002661342111,-0.12129037894062389
245,5.82,6.05,5.281457566192474,5.419359576823175,-0.5385424338075264,-0.6306404231768248
246,5.73,5.77,6.579922036254366,5.276873625754238,0.8499220362543651,-0.49312637424576167
247,6.06,5.82,5.838808335213635,6.399642096346071,-0.22119166478636476,0.5796420963460704
248,5.99,5.71,5.381866022557337,5.276873625754238,-0.6081339774426633,-0.43312637424576206
249,6.03,5.88,5.072372180430404,5.332882186659687,-0.9576278195695966,-0.5471178133403125
250,5.74,5.99,6.339088916338906,5.581511342022112,0.5990889163389062,-0.40848865797788836
251,5.91,6.16,6.006058967447149,5.276872507690044,0.09605896744714926,-0.8831274923099564
252,5.83,5.94,5.283836989489112,5.25878880518699,-0.5461630105108881,-0.6812111948130104
253,5.85,5.86,5.624939245983094,5.48403603667629,-0.22506075401690584,-0.3759639633237102
254,5.76,5.89,6.226593497308005,5.492506877741877,0.46659349730800503,-0.3974931222581226
255,5.76,5.88,6.226480547719969,5.48095103268034,0.4664805477199696,-0.39904896731965955
256,5.92,5.82,6.038817667968934,5.545118362227648,0.11881766796893434,-0.27488163777235197
257,5.91,5.58,6.511908097456082,5.617684191344206,0.6019080974560822,0.037684191344205864
258,6.05,5.86,5.696706369922617,5.773825365395827,-0.353293630077383,-0.0861746346041734
259,6.08,5.64,5.83863545127626,5.440496961985731,-0.24136454872374014,-0.19950303801426905
260,6.17,5.92,5.989599865076108,5.483458173415928,-0.18040013492389217,-0.43654182658407237
261,6.19,5.91,5.281209251062388,5.486093568215476,-0.9087907489376121,-0.42390643178452425
262,5.91,5.92,5.66373549384234,6.118194038742772,-0.24626450615765982,0.19819403874277164
263,6.03,5.76,6.085153217021518,5.484039456076135,0.055153217021517875,-0.2759605439238646
264,6.03,5.68,5.829544424173966,,-0.20045557582603468,
265,6.19,5.8,5.483303169909712,5.801324370682212,-0.706696830090288,0.0013243706822123613
266,5.89,5.76,5.845751680858549,6.08066963870129,-0.044248319141450665,0.3206696387012906
267,5.76,6.0,5.757305934651584,5.276969779717961,-0.002694065348415542,-0.7230302202820393
268,6.13,5.76,6.085820793269694,5.783673469580623,-0.04417920673030551,0.023673469580622886
269,5.89,5.76,6.430619054748032,5.276872507690044,0.5406190547480323,-0.483127492309956
270,6.21,5.82,5.395097414103149,6.0453415653189895,-0.814902585896851,0.2253415653189892
271,5.85,5.74,6.693144566045862,5.230594881149073,0.8431445660458623,-0.5094051188509274
272,6.14,5.99,6.53712582781663,6.110989621701224,0.3971258278166303,0.12098962170122363
273,5.97,5.99,6.5386702615110295,5.361129196076501,0.5686702615110297,-0.6288708039234994
274,5.96,5.77,5.3336824919659245,5.378510764277411,-0.6263175080340755,-0.391489235722589
275,5.97,5.59,6.735803385307782,5.592213845597626,0.7658033853077821,0.002213845597625941
276,5.97,5.74,5.786764065533303,6.047688540927727,-0.18323593446669673,0.30768854092772635
277,6.35,5.79,6.496357224341201,5.373759648739159,0.14635722434120169,-0.416240351260841
278,5.77,5.89,5.326640293408806,5.738766040746579,-0.4433597065911936,-0.1512339592534211
279,5.97,5.59,5.328077121892637,5.711254198965608,-0.6419228781073629,0.12125419896560796
280,5.96,5.59,5.3056974438150055,5.690619578251509,-0.6543025561849944,0.10061957825150891
281,6.03,5.79,6.019012762139977,5.857532561001186,-0.010987237860023313,0.06753256100118588
282,6.06,5.64,6.270603721851755,5.39685890725394,0.21060372185175513,-0.24314109274605933
283,5.88,5.71,6.181853611604357,6.011720209604808,0.30185361160435686,0.3017202096048077
284,5.89,5.86,5.185357827203188,5.5815228408757145,-0.7046421727968113,-0.27847715912428583
285,5.99,5.74,5.386137248275568,5.843616003936314,-0.6038627517244324,0.1036160039363141
286,5.86,5.8,5.354182643576584,5.721239743847558,-0.5058173564234165,-0.07876025615244142
287,5.74,5.97,6.158389405705307,,0.418389405705307,
288,5.73,5.74,5.077619879816021,6.171444690471078,-0.6523801201839792,0.4314446904710776
289,6.11,6.08,6.474618720130713,5.228671533608452,0.3646187201307125,-0.8513284663915481
290,6.0,5.83,5.3279389352828845,5.484039456076135,-0.6720610647171155,-0.3459605439238649
291,5.71,6.0,5.540666541617365,6.587772451797578,-0.16933345838263492,0.5877724517975782
292,5.82,5.83,6.290317466714158,6.384581351415839,0.47031746671415764,0.5545813514158393
293,5.91,6.16,5.113375307628618,6.061818306743261,-0.796624692371382,-0.09818169325673942
294,5.85,6.11,5.081316607277907,6.594226383493428,-0.7686833927220924,0.4842263834934277
295,5.97,5.86,5.184068923399203,6.138150464247851,-0.7859310766007965,0.27815046424785095
296,5.89,5.82,5.144867989332166,6.125813478237464,-0.7451320106678336,0.3058134782374635
297,5.85,5.79,5.569959833168669,5.567212495382624,-0.2800401668313306,-0.22278750461737573
298,6.03,5.4,5.322796971643597,5.991451101507906,-0.7072030283564033,0.5914511015079054
299,6.05,5.71,5.459326857893631,5.696420597712755,-0.5906731421063691,-0.013579402287245301
300,6.11,5.97,6.710228899891804,5.505428103273478,0.6002288998918033,-0.46457189672652177
301,6.35,5.82,5.4882221799848345,,-0.8617778200151651,
302,5.92,5.77,5.322264721422647,5.606831708824251,-0.5977352785773533,-0.16316829117574816
303,5.67,6.16,5.655218070247438,5.83150945148124,-0.014781929752562206,-0.3284905485187606
304,6.19,5.68,5.979389853049318,5.732203502342656,-0.2106101469506827,0.052203502342655916
305,6.08,5.73,5.484038316276068,,-0.5959616837239317,
306,5.91,6.06,5.723110748501582,5.777864448125004,-0.1868892514984184,-0.2821355518749957
307,6.24,5.68,5.398179650378076,6.127673596517548,-0.8418203496219245,0.44767359651754823
308,5.86,5.91,6.611843620723351,5.822010580930722,0.751843620723351,-0.08798941906927826
309,5.86,5.74,6.330221064088368,5.484038316276068,0.47022106408836795,-0.2559616837239318
310,5.88,5.94,5.737719046724438,5.623704159783136,-0.142280953275562,-0.3162958402168643
311,6.08,5.85,6.39456038833476,6.0470841002972415,0.3145603883347601,0.19708410029724188
312,6.19,5.85,5.552662460859189,5.733523867733406,-0.6373375391408116,-0.1164761322665937
313,6.14,5.73,5.566122706754138,5.684337605125631,-0.5738772932458618,-0.04566239487436974
314,6.17,6.05,5.798665879176824,5.699158961895373,-0.3713341208231755,-0.35084103810462697
315,5.97,5.7,5.506012833379768,6.049266213425723,-0.46398716662023176,0.3492662134257225
316,5.8,5.62,5.268356297788545,5.530773521213543,-0.5316437022114551,-0.08922647878645673
317,5.86,5.64,5.34669924537887,6.054814838078315,-0.5133007546211301,0.414814838078315
318,5.85,5.61,5.581346909711351,5.738055986492957,-0.26865309028864903,0.12805598649295646
319,6.06,5.82,5.424426666022292,5.8556726874312615,-0.6355733339777077,0.035672687431261174
320,5.89,5.76,5.71981835738077,5.80248149706796,-0.1701816426192293,0.04248149706796056
321,6.02,5.89,5.511961256496665,5.48586556787063,-0.5080387435033344,-0.4041344321293696
322,5.92,5.92,5.993335987369747,5.350990272853842,0.073335987369747,-0.5690097271461578
323,5.92,5.92,5.774363360328882,5.665722192970001,-0.1456366396711175,-0.25427780702999936
324,6.05,5.89,5.847977200618434,6.643072177962559,-0.20202279938156575,0.7530721779625598
325,6.17,5.97,5.484038316276068,6.319745429281224,-0.6859616837239315,0.3497454292812243
326,6.02,5.73,5.5291814326399535,5.775984513980873,-0.49081856736004603,0.045984513980872777
327,5.92,6.0,5.897864908075892,5.714952523156359,-0.022135091924107897,-0.2850474768436406
328,6.48,5.77,5.3240636994434265,5.732135914913279,-1.155936300556574,-0.03786408508672068
329,5.91,6.14,6.188623810865312,5.27679536154677,0.2786238108653123,-0.8632046384532295
330,6.38,6.08,5.368832444343792,5.402464131175016,-1.0111675556562076,-0.6775358688249842
331,6.14,5.96,6.472144493357708,5.597044428458653,0.332144493357708,-0.36295557154134706
332,6.32,6.11,5.083566016441079,5.748209622204287,-1.2364339835589213,-0.361790377795713
333,6.03,6.0,5.831900851126613,5.246174991293137,-0.19809914887338742,-0.7538250087068628
334,6.21,6.05,5.423893892626374,6.089469095740739,-0.7861061073736257,0.03946909574073931
335,6.0,6.03,6.055253184831522,5.460308330714327,0.055253184831522084,-0.5696916692856728
336,6.02,6.03,5.695955942756265,5.48408162876188,-0.32404405724373486,-0.5459183712381206
337,6.27,6.21,5.466191054569461,5.728717443125658,-0.8038089454305384,-0.4812825568743424
338,5.92,6.05,5.032550596883235,5.584213898290879,-0.887449403116765,-0.4657861017091207
339,5.5,5.74,5.601522292322417,5.467637476828378,0.10152229232241705,-0.2723625231716218
340,6.06,5.82,5.514956674982124,6.490058011828273,-0.5450433250178754,0.6700580118282726
341,5.91,5.62,5.577098956664529,5.561058714315676,-0.3329010433354709,-0.05894128568432411
342,5.99,6.06,5.781927179707133,6.229802665161594,-0.208072820292867,0.16980266516159404
343,6.17,5.99,5.511050563755263,6.05582928761628,-0.658949436244737,0.06582928761628004
344,6.28,5.89,5.964306905607687,5.671559194630724,-0.3156930943923131,-0.21844080536927546
345,6.38,5.76,5.814765632740311,5.902254574931259,-0.5652343672596887,0.14225457493125937
346,6.41,6.02,5.664532448497528,5.92214376733507,-0.7454675515024718,-0.09785623266492927
347,6.46,5.79,5.909988046439439,5.668314113600597,-0.5500119535605608,-0.12168588639940303
348,6.51,5.88,5.6883371446533255,6.085091984342938,-0.8216628553466743,0.20509198434293818
349,6.24,6.02,5.612838942547969,5.758631523760093,-0.6271610574520317,-0.2613684762399062
350,6.11,6.06,5.727290468804877,5.599040127567282,-0.38270953119512363,-0.46095987243271797
351,6.32,5.89,6.583580651728413,5.805778826194676,0.2635806517284127,-0.08422117380532335
352,5.92,5.73,5.684876056651569,5.923047539569269,-0.23512394334843112,0.19304753956926834
353,6.22,5.85,6.5260911151848,6.33881687171243,0.3060911151847998,0.48881687171243016
354,6.17,5.79,5.658526552604549,5.722023269863904,-0.511473447395451,-0.06797673013609629
355,6.06,5.65,6.200914770383204,6.037231791401319,0.14091477038320477,0.3872317914013186
356,5.97,5.79,6.394353617380157,5.512578330723572,0.42435361738015764,-0.2774216692764284
357,6.32,5.65,5.984239564607377,6.244942561855095,-0.3357604353926229,0.5949425618550945
358,6.14,5.88,5.867642760318983,5.0775343335059375,-0.27235723968101677,-0.8024656664940624
359,6.3,5.82,5.890251594183384,5.658732641243464,-0.4097484058166154,-0.16126735875653608
360,6.4,5.79,6.163632577971282,6.2085867428471975,-0.2363674220287182,0.41858674284719743
361,6.59,5.97,5.908082005447524,5.855881157612313,-0.6819179945524763,-0.1141188423876871
362,6.41,5.97,5.507560462293336,5.867528398812975,-0.9024395377066643,-0.10247160118702503
363,5.89,5.7,5.699335578183527,6.342048697880193,-0.19066442181647236,0.6420486978801927
364,6.22,5.85,5.628816219548962,5.852325894698878,-0.591183780451038,0.00232589469887845
365,6.13,5.77,5.881249113671336,6.076306489472597,-0.24875088632866404,0.30630648947259775
366,6.36,5.67,5.747402135173748,5.955386956969634,-0.6125978648262524,0.2853869569696341
367,6.24,5.65,6.037657541732989,5.528573729579846,-0.2023424582670108,-0.1214262704201543
368,6.41,5.79,5.995799176843867,5.713567983549078,-0.4142008231561327,-0.07643201645092201
369,6.36,5.86,5.758195872797195,6.053350204320664,-0.6018041272028052,0.19335020432066408
370,6.21,5.97,6.05984480224746,5.221979306113143,-0.15015519775254038,-0.7480206938868568
371,6.54,6.13,6.213214283433345,5.921222298629144,-0.326785716566655,-0.20877770137085605
372,6.21,5.86,5.349202510798601,5.965169905490161,-0.8607974892013992,0.10516990549016025
373,6.25,6.16,5.801923435894989,5.662969867833192,-0.44807656410501107,-0.4970301321668078
374,6.21,6.06,5.904008297099175,5.942970518869741,-0.3059917029008252,-0.1170294811302588
375,6.28,5.99,5.453177318425818,5.8005963898156585,-0.8268226815741819,-0.1894036101843417
376,6.03,6.21,5.866599400251291,5.661793151758438,-0.16340059974870957,-0.5482068482415619
377,6.13,5.86,5.699336740141852,5.774332951251343,-0.43066325985814746,-0.08566704874865749
378,6.35,6.03,6.328113733964494,5.856062541466682,-0.02188626603550592,-0.17393745853331843
379,6.27,6.02,5.922566624658786,5.702301281386438,-0.34743337534121377,-0.3176987186135616
380,6.48,6.0,5.698562902126787,5.706515254100342,-0.781437097873213,-0.2934847458996579
381,6.25,5.89,5.741280149088937,6.428680186704575,-0.5087198509110626,0.5386801867045756
382,6.51,5.89,6.026775725716504,5.528170901514587,-0.48322427428349535,-0.3618290984854129
383,6.57,5.74,6.169415942509727,5.593145032588727,-0.40058405749027326,-0.14685496741127313
384,6.51,5.68,6.4789317909554,5.922763252533642,-0.031068209044599726,0.24276325253364206
385,5.86,5.52,5.674573315661943,5.950076421018063,-0.18542668433805698,0.43007642101806365
386,6.36,5.89,6.498532085936418,6.109590391917214,0.13853208593641764,0.2195903919172144
387,7.05,5.7,6.214843733533249,6.468275592312969,-0.8351562664667505,0.7682755923129685
388,6.4,5.76,5.4742244734804,5.844336089411475,-0.9257755265196002,0.08433608941147508
389,6.52,5.41,6.166691319656533,5.689947338903359,-0.3533086803434662,0.27994733890335866
390,6.69,5.79,6.154233904808032,6.091753744136646,-0.5357660951919687,0.30175374413664624
391,6.35,5.79,5.277810605187329,5.833175047848649,-1.0721893948126704,0.04317504784864923
392,6.41,5.97,5.457656396149759,6.61541971248185,-0.9523436038502409,0.6454197124818499
393,6.59,6.05,5.920644344564541,5.924331654345903,-0.6693556554354592,-0.12566834565409657
394,6.65,5.89,6.40792142575582,5.817231766427526,-0.24207857424418044,-0.0727682335724733
395,6.56,5.82,5.809685942506116,5.699336740141852,-0.7503140574938838,-0.12066325985814785
396,6.56,6.08,6.161828626652322,5.686148017549039,-0.3981713733476777,-0.3938519824509612
397,6.83,5.94,6.387774385873549,5.688223383238649,-0.4422256141264507,-0.25177661676135177
398,7.02,6.24,6.271471538769199,5.699336740141852,-0.7485284612308005,-0.5406632598581478
399,6.85,6.19,5.740453324501072,5.670273799687629,-1.1095466754989278,-0.5197262003123715
400,6.38,6.05,5.0592768444102845,5.626856783959269,-1.3207231555897154,-0.4231432160407307
401,6.38,6.03,5.922300116183209,5.863271878412885,-0.45769988381679116,-0.16672812158711547
402,6.64,6.1,6.168333999377998,6.311568522039416,-0.4716660006220019,0.21156852203941678
403,6.79,5.92,6.189965459378648,5.648256980796645,-0.6000345406213521,-0.2717430192033552
404,6.36,5.79,6.621637929152577,6.010102098798424,0.26163792915257655,0.22010209879842435
405,6.69,5.88,5.39945757790876,5.923062938645152,-1.2905424220912405,0.04306293864515176
406,6.52,5.73,5.980418199052237,5.706232723947383,-0.5395818009477624,-0.023767276052617525
407,6.59,5.77,5.73823903404359,5.805357813458564,-0.8517609659564096,0.03535781345856481
408,6.35,5.97,5.46752139181982,6.232468287584306,-0.8824786081801799,0.26246828758430585
409,6.27,5.91,5.859281983259619,5.535759579597043,-0.4107180167403808,-0.37424042040295724
410,6.27,5.82,6.018993656539782,5.775523643402686,-0.2510063434602179,-0.04447635659731386
411,6.21,5.91,6.351183639514373,5.923040432310228,0.14118363951437285,0.013040432310227779
412,6.9,5.92,5.269267941057726,5.7611896996370335,-1.6307320589422742,-0.1588103003629664
413,6.38,5.94,5.472369558510059,6.143550290141959,-0.9076304414899408,0.20355029014195836
414,6.61,6.17,5.800855456676094,5.93729668141023,-0.8091445433239066,-0.23270331858976956
415,6.41,5.89,6.616955838653883,5.721192012198409,0.206955838653883,-0.1688079878015909
416,6.52,6.03,6.616701683219081,6.10255095640486,0.09670168321908168,0.07255095640485987
417,6.38,6.0,6.156240833011364,6.036101712350258,-0.22375916698863563,0.036101712350258275
418,6.67,6.03,5.635968685434153,6.452130326430875,-1.0340313145658468,0.42213032643087445
419,6.28,6.19,6.416376244560022,5.811273327252003,0.1363762445600214,-0.3787266727479972
420,6.4,5.92,5.521055167441957,5.740995593428014,-0.8789448325580436,-0.1790044065719858
421,6.51,6.35,5.4728170322488365,6.198238940460327,-1.0371829677511633,-0.15176105953967234
422,6.32,5.96,5.381193080704491,6.368002967895015,-0.9388069192955095,0.40800296789501544
423,6.21,5.86,5.405504337891608,5.583136247443916,-0.8044956621083923,-0.27686375255608464
424,6.43,6.43,6.353865287347463,6.168900949923949,-0.07613471265253668,-0.2610990500760506
425,6.75,6.35,6.270200304938698,6.270166179632007,-0.4797996950613017,-0.07983382036799291
426,6.74,6.33,5.699332092309261,6.035392626811771,-1.0406679076907395,-0.2946073731882288
427,6.36,6.08,6.161266833712991,5.953557927176783,-0.19873316628700888,-0.12644207282321673
428,6.64,5.99,6.715758657899224,6.246284218777807,0.07575865789922442,0.2562842187778065
429,6.38,6.27,6.153562586699555,6.246624825517969,-0.2264374133004452,-0.023375174482030303
430,6.72,6.1,5.291119539804736,6.1644953780890095,-1.4288804601952636,0.06449537808900985
431,6.43,6.02,5.43222061570396,5.699336740141852,-0.9977793842960399,-0.32066325985814714
432,6.4,5.97,5.549518080996192,5.711845105926189,-0.8504819190038084,-0.25815489407381076
433,6.25,6.28,6.165980647446225,6.578425169058653,-0.08401935255377513,0.29842516905865235
434,6.67,6.24,6.15590028423977,6.283946942060599,-0.5140997157602296,0.04394694206059846
435,6.7,5.96,5.927728595560192,5.758665395436918,-0.7722714044398078,-0.2013346045630824
436,6.49,6.1,5.969303898514202,6.629954315872165,-0.5206961014857985,0.5299543158721658
437,6.56,6.06,6.329847572102984,6.1153880720680105,-0.23015242789701595,0.055388072068010885
438,6.28,6.19,5.579344019670112,5.575449646332243,-0.7006559803298886,-0.6145503536677577
439,6.1,6.11,5.699336740141852,6.439890413000149,-0.4006632598581472,0.32989041300014854
440,6.08,6.35,5.625279784250684,6.358739336667144,-0.4547202157493162,0.008739336667144215
441,6.49,6.38,5.853550507298205,6.11717437881301,-0.6364494927017956,-0.26282562118699015
442,6.36,5.85,5.762714362230273,6.110554074707559,-0.5972856377697271,0.2605540747075592
443,6.3,6.05,5.679519367459698,5.797870091277096,-0.6204806325403016,-0.2521299087229041
444,6.4,6.17,5.870256872999434,5.89656357284833,-0.5297431270005664,-0.2734364271516698
445,6.44,6.3,5.491660525996776,5.737171103521947,-0.948339474003224,-0.5628288964780532
446,6.44,6.67,5.5745624527597055,6.126788077535392,-0.8654375472402949,-0.5432119224646081
447,6.48,6.43,5.528945671932199,5.541095030364011,-0.9510543280678014,-0.8889049696359885
448,6.16,6.27,5.746259847950386,5.868962124670322,-0.41374015204961445,-0.4010378753296777
449,6.46,6.21,5.992280319449752,5.492825131993574,-0.46771968055024793,-0.7171748680064258
450,6.51,6.24,5.777887846867881,5.699134561175987,-0.7321121531321184,-0.5408654388240128
451,6.38,6.43,5.741904097044298,5.601842537392402,-0.6380959029557021,-0.8281574626075976
452,6.51,6.21,5.659753877396889,6.00668401894039,-0.850246122603111,-0.20331598105961035
453,6.57,6.24,5.40632931257842,5.429941840428245,-1.1636706874215799,-0.8100581595717555
454,6.16,6.22,5.680114430460575,6.174415872466208,-0.47988556953942485,-0.045584127533791374
455,6.21,6.36,5.506183004810007,6.408101309909757,-0.7038169951899933,0.04810130990975647
456,6.27,6.22,5.251218476260051,6.491357540081017,-1.018781523739949,0.2713575400810173
457,6.25,6.4,5.701808493562448,5.922577285122536,-0.5481915064375524,-0.47742271487746457
458,6.24,6.3,5.5975223043916165,6.00334919673502,-0.6424776956083837,-0.2966508032649795
459,6.33,6.19,5.075914573373726,6.365191857509925,-1.2540854266262738,0.17519185750992428
460,6.03,6.19,5.059284507798771,5.604083356989976,-0.9707154922012293,-0.585916643010024
461,6.33,6.85,5.389751381841966,5.724753805658003,-0.9402486181580345,-1.1252461943419965
462,6.06,6.49,5.012434400641228,6.056005357760014,-1.047565599358772,-0.43399464223998585
463,6.19,6.57,5.382081688999782,6.018581699411615,-0.8079183110002184,-0.5514183005883853
464,6.51,6.49,5.442679162367385,6.321009438505308,-1.0673208376326144,-0.1689905614946925
465,5.97,6.52,5.100736053287968,5.478858009368564,-0.8692639467120316,-1.0411419906314352
466,6.02,6.21,5.466327608679836,6.467074920674807,-0.5536723913201635,0.25707492067480686
467,6.36,6.21,5.703546130362205,6.393927778208642,-0.6564538696377955,0.18392777820864215
468,6.25,6.3,5.423080046764095,5.701206484506312,-0.8269199532359046,-0.5987935154936874
469,6.1,6.25,5.544706909242265,6.526130903506627,-0.5552930907577345,0.27613090350662706
470,6.56,6.27,5.247820575883438,6.195161480780651,-1.3121794241165619,-0.07483851921934814
471,6.21,6.36,5.213586430110718,6.18845793121383,-0.996413569889282,-0.17154206878617018
472,6.1,6.16,5.76669345466451,5.699336740141852,-0.33330654533549,-0.4606632598581477
473,6.25,6.11,5.188071365783897,5.876807090799203,-1.0619286342161027,-0.23319290920079716
474,6.25,6.61,5.993073848960438,5.718745158818688,-0.2569261510395622,-0.8912548411813122
475,6.57,6.27,5.983425189994795,5.9429028866216855,-0.5865748100052057,-0.32709711337831404
476,6.56,6.62,5.627498729998879,5.919254054236535,-0.9325012700011204,-0.7007459457634653
477,6.3,6.62,5.640917539751462,6.111001653606444,-0.6590824602485377,-0.5089983463935557
478,6.57,6.3,5.908635683999539,5.924360086506245,-0.6613643160004612,-0.3756399134937549
479,6.49,6.0,,6.045846587389423,,0.04584658738942338
480,6.72,6.25,5.587931844137789,5.917090784036613,-1.1320681558622105,-0.33290921596338663
481,6.38,5.96,,6.167337970259819,,0.20733797025981904
