Initial Parameters,,,,Wire,X,Y,,,,,,( TENSION )
X_0,6400,,1,480,6400,196.3,( WIRE 480 ),X6400,Y196.3,G111,,N1 ( WIRE 480 ) X6400 Y196.3 G111
Y_0,196.3,,2,479,6400,201.1,( WIRE 479 ),X6400,Y201.1,G111,,N2 ( WIRE 479 ) X6400 Y201.1 G111
delta_X,0,,3,478,6400,205.9,( WIRE 478 ),X6400,Y205.9,G111,,N3 ( WIRE 478 ) X6400 Y205.9 G111
delta_Y,4.79166666666667,,4,477,6400,210.7,( WIRE 477 ),X6400,Y210.7,G111,,N4 ( WIRE 477 ) X6400 Y210.7 G111
,,,5,476,6400,215.5,( WIRE 476 ),X6400,Y215.5,G111,,N5 ( WIRE 476 ) X6400 Y215.5 G111
Initial Wire,480,,6,475,6400,220.3,( WIRE 475 ),X6400,Y220.3,G111,,N6 ( WIRE 475 ) X6400 Y220.3 G111
Wire Incr.,1,,7,474,6400,225.1,( WIRE 474 ),X6400,Y225.1,G111,,N7 ( WIRE 474 ) X6400 Y225.1 G111
,,,8,473,6400,229.8,( WIRE 473 ),X6400,Y229.8,G111,,N8 ( WIRE 473 ) X6400 Y229.8 G111
,,,9,472,6400,234.6,( WIRE 472 ),X6400,Y234.6,G111,,N9 ( WIRE 472 ) X6400 Y234.6 G111
Notes,,,10,471,6400,239.4,( WIRE 471 ),X6400,Y239.4,G111,,N10 ( WIRE 471 ) X6400 Y239.4 G111
Z,100,,11,470,6400,244.2,( WIRE 470 ),X6400,Y244.2,G111,,N11 ( WIRE 470 ) X6400 Y244.2 G111
,,,12,469,6400,249,( WIRE 469 ),X6400,Y249,G111,,N12 ( WIRE 469 ) X6400 Y249 G111
,,,13,468,6400,253.8,( WIRE 468 ),X6400,Y253.8,G111,,N13 ( WIRE 468 ) X6400 Y253.8 G111
,,,14,467,6400,258.6,( WIRE 467 ),X6400,Y258.6,G111,,N14 ( WIRE 467 ) X6400 Y258.6 G111
,,,15,466,6400,263.4,( WIRE 466 ),X6400,Y263.4,G111,,N15 ( WIRE 466 ) X6400 Y263.4 G111
,,,16,465,6400,268.2,( WIRE 465 ),X6400,Y268.2,G111,,N16 ( WIRE 465 ) X6400 Y268.2 G111
,,,17,464,6400,273,( WIRE 464 ),X6400,Y273,G111,,N17 ( WIRE 464 ) X6400 Y273 G111
,,,18,463,6400,277.8,( WIRE 463 ),X6400,Y277.8,G111,,N18 ( WIRE 463 ) X6400 Y277.8 G111
,,,19,462,6400,282.6,( WIRE 462 ),X6400,Y282.6,G111,,N19 ( WIRE 462 ) X6400 Y282.6 G111
,,,20,461,6400,287.3,( WIRE 461 ),X6400,Y287.3,G111,,N20 ( WIRE 461 ) X6400 Y287.3 G111
,,,21,460,6400,292.1,( WIRE 460 ),X6400,Y292.1,G111,,N21 ( WIRE 460 ) X6400 Y292.1 G111
,,,22,459,6400,296.9,( WIRE 459 ),X6400,Y296.9,G111,,N22 ( WIRE 459 ) X6400 Y296.9 G111
,,,23,458,6400,301.7,( WIRE 458 ),X6400,Y301.7,G111,,N23 ( WIRE 458 ) X6400 Y301.7 G111
,,,24,457,6400,306.5,( WIRE 457 ),X6400,Y306.5,G111,,N24 ( WIRE 457 ) X6400 Y306.5 G111
,,,25,456,6400,311.3,( WIRE 456 ),X6400,Y311.3,G111,,N25 ( WIRE 456 ) X6400 Y311.3 G111
,,,26,455,6400,316.1,( WIRE 455 ),X6400,Y316.1,G111,,N26 ( WIRE 455 ) X6400 Y316.1 G111
,,,27,454,6400,320.9,( WIRE 454 ),X6400,Y320.9,G111,,N27 ( WIRE 454 ) X6400 Y320.9 G111
,,,28,453,6400,325.7,( WIRE 453 ),X6400,Y325.7,G111,,N28 ( WIRE 453 ) X6400 Y325.7 G111
,,,29,452,6400,330.5,( WIRE 452 ),X6400,Y330.5,G111,,N29 ( WIRE 452 ) X6400 Y330.5 G111
,,,30,451,6400,335.3,( WIRE 451 ),X6400,Y335.3,G111,,N30 ( WIRE 451 ) X6400 Y335.3 G111
,,,31,450,6400,340.1,( WIRE 450 ),X6400,Y340.1,G111,,N31 ( WIRE 450 ) X6400 Y340.1 G111
,,,32,449,6400,344.8,( WIRE 449 ),X6400,Y344.8,G111,,N32 ( WIRE 449 ) X6400 Y344.8 G111
,,,33,448,6400,349.6,( WIRE 448 ),X6400,Y349.6,G111,,N33 ( WIRE 448 ) X6400 Y349.6 G111
,,,34,447,6400,354.4,( WIRE 447 ),X6400,Y354.4,G111,,N34 ( WIRE 447 ) X6400 Y354.4 G111
,,,35,446,6400,359.2,( WIRE 446 ),X6400,Y359.2,G111,,N35 ( WIRE 446 ) X6400 Y359.2 G111
,,,36,445,6400,364,( WIRE 445 ),X6400,Y364,G111,,N36 ( WIRE 445 ) X6400 Y364 G111
,,,37,444,6400,368.8,( WIRE 444 ),X6400,Y368.8,G111,,N37 ( WIRE 444 ) X6400 Y368.8 G111
,,,38,443,6400,373.6,( WIRE 443 ),X6400,Y373.6,G111,,N38 ( WIRE 443 ) X6400 Y373.6 G111
,,,39,442,6400,378.4,( WIRE 442 ),X6400,Y378.4,G111,,N39 ( WIRE 442 ) X6400 Y378.4 G111
,,,40,441,6400,383.2,( WIRE 441 ),X6400,Y383.2,G111,,N40 ( WIRE 441 ) X6400 Y383.2 G111
,,,41,440,6400,388,( WIRE 440 ),X6400,Y388,G111,,N41 ( WIRE 440 ) X6400 Y388 G111
,,,42,439,6400,392.8,( WIRE 439 ),X6400,Y392.8,G111,,N42 ( WIRE 439 ) X6400 Y392.8 G111
,,,43,438,6400,397.6,( WIRE 438 ),X6400,Y397.6,G111,,N43 ( WIRE 438 ) X6400 Y397.6 G111
,,,44,437,6400,402.3,( WIRE 437 ),X6400,Y402.3,G111,,N44 ( WIRE 437 ) X6400 Y402.3 G111
,,,45,436,6400,407.1,( WIRE 436 ),X6400,Y407.1,G111,,N45 ( WIRE 436 ) X6400 Y407.1 G111
,,,46,435,6400,411.9,( WIRE 435 ),X6400,Y411.9,G111,,N46 ( WIRE 435 ) X6400 Y411.9 G111
,,,47,434,6400,416.7,( WIRE 434 ),X6400,Y416.7,G111,,N47 ( WIRE 434 ) X6400 Y416.7 G111
,,,48,433,6400,421.5,( WIRE 433 ),X6400,Y421.5,G111,,N48 ( WIRE 433 ) X6400 Y421.5 G111
,,,49,432,6400,426.3,( WIRE 432 ),X6400,Y426.3,G111,,N49 ( WIRE 432 ) X6400 Y426.3 G111
,,,50,431,6400,431.1,( WIRE 431 ),X6400,Y431.1,G111,,N50 ( WIRE 431 ) X6400 Y431.1 G111
,,,51,430,6400,435.9,( WIRE 430 ),X6400,Y435.9,G111,,N51 ( WIRE 430 ) X6400 Y435.9 G111
,,,52,429,6400,440.7,( WIRE 429 ),X6400,Y440.7,G111,,N52 ( WIRE 429 ) X6400 Y440.7 G111
,,,53,428,6400,445.5,( WIRE 428 ),X6400,Y445.5,G111,,N53 ( WIRE 428 ) X6400 Y445.5 G111
,,,54,427,6400,450.3,( WIRE 427 ),X6400,Y450.3,G111,,N54 ( WIRE 427 ) X6400 Y450.3 G111
,,,55,426,6400,455.1,( WIRE 426 ),X6400,Y455.1,G111,,N55 ( WIRE 426 ) X6400 Y455.1 G111
,,,56,425,6400,459.8,( WIRE 425 ),X6400,Y459.8,G111,,N56 ( WIRE 425 ) X6400 Y459.8 G111
,,,57,424,6400,464.6,( WIRE 424 ),X6400,Y464.6,G111,,N57 ( WIRE 424 ) X6400 Y464.6 G111
,,,58,423,6400,469.4,( WIRE 423 ),X6400,Y469.4,G111,,N58 ( WIRE 423 ) X6400 Y469.4 G111
,,,59,422,6400,474.2,( WIRE 422 ),X6400,Y474.2,G111,,N59 ( WIRE 422 ) X6400 Y474.2 G111
,,,60,421,6400,479,( WIRE 421 ),X6400,Y479,G111,,N60 ( WIRE 421 ) X6400 Y479 G111
,,,61,420,6400,483.8,( WIRE 420 ),X6400,Y483.8,G111,,N61 ( WIRE 420 ) X6400 Y483.8 G111
,,,62,419,6400,488.6,( WIRE 419 ),X6400,Y488.6,G111,,N62 ( WIRE 419 ) X6400 Y488.6 G111
,,,63,418,6400,493.4,( WIRE 418 ),X6400,Y493.4,G111,,N63 ( WIRE 418 ) X6400 Y493.4 G111
,,,64,417,6400,498.2,( WIRE 417 ),X6400,Y498.2,G111,,N64 ( WIRE 417 ) X6400 Y498.2 G111
,,,65,416,6400,503,( WIRE 416 ),X6400,Y503,G111,,N65 ( WIRE 416 ) X6400 Y503 G111
,,,66,415,6400,507.8,( WIRE 415 ),X6400,Y507.8,G111,,N66 ( WIRE 415 ) X6400 Y507.8 G111
,,,67,414,6400,512.6,( WIRE 414 ),X6400,Y512.6,G111,,N67 ( WIRE 414 ) X6400 Y512.6 G111
,,,68,413,6400,517.3,( WIRE 413 ),X6400,Y517.3,G111,,N68 ( WIRE 413 ) X6400 Y517.3 G111
,,,69,412,6400,522.1,( WIRE 412 ),X6400,Y522.1,G111,,N69 ( WIRE 412 ) X6400 Y522.1 G111
,,,70,411,6400,526.9,( WIRE 411 ),X6400,Y526.9,G111,,N70 ( WIRE 411 ) X6400 Y526.9 G111
,,,71,410,6400,531.7,( WIRE 410 ),X6400,Y531.7,G111,,N71 ( WIRE 410 ) X6400 Y531.7 G111
,,,72,409,6400,536.5,( WIRE 409 ),X6400,Y536.5,G111,,N72 ( WIRE 409 ) X6400 Y536.5 G111
,,,73,408,6400,541.3,( WIRE 408 ),X6400,Y541.3,G111,,N73 ( WIRE 408 ) X6400 Y541.3 G111
,,,74,407,6400,546.1,( WIRE 407 ),X6400,Y546.1,G111,,N74 ( WIRE 407 ) X6400 Y546.1 G111
,,,75,406,6400,550.9,( WIRE 406 ),X6400,Y550.9,G111,,N75 ( WIRE 406 ) X6400 Y550.9 G111
,,,76,405,6400,555.7,( WIRE 405 ),X6400,Y555.7,G111,,N76 ( WIRE 405 ) X6400 Y555.7 G111
,,,77,404,6400,560.5,( WIRE 404 ),X6400,Y560.5,G111,,N77 ( WIRE 404 ) X6400 Y560.5 G111
,,,78,403,6400,565.3,( WIRE 403 ),X6400,Y565.3,G111,,N78 ( WIRE 403 ) X6400 Y565.3 G111
,,,79,402,6400,570.1,( WIRE 402 ),X6400,Y570.1,G111,,N79 ( WIRE 402 ) X6400 Y570.1 G111
,,,80,401,6400,574.8,( WIRE 401 ),X6400,Y574.8,G111,,N80 ( WIRE 401 ) X6400 Y574.8 G111
,,,81,400,6400,579.6,( WIRE 400 ),X6400,Y579.6,G111,,N81 ( WIRE 400 ) X6400 Y579.6 G111
,,,82,399,6400,584.4,( WIRE 399 ),X6400,Y584.4,G111,,N82 ( WIRE 399 ) X6400 Y584.4 G111
,,,83,398,6400,589.2,( WIRE 398 ),X6400,Y589.2,G111,,N83 ( WIRE 398 ) X6400 Y589.2 G111
,,,84,397,6400,594,( WIRE 397 ),X6400,Y594,G111,,N84 ( WIRE 397 ) X6400 Y594 G111
,,,85,396,6400,598.8,( WIRE 396 ),X6400,Y598.8,G111,,N85 ( WIRE 396 ) X6400 Y598.8 G111
,,,86,395,6400,603.6,( WIRE 395 ),X6400,Y603.6,G111,,N86 ( WIRE 395 ) X6400 Y603.6 G111
,,,87,394,6400,608.4,( WIRE 394 ),X6400,Y608.4,G111,,N87 ( WIRE 394 ) X6400 Y608.4 G111
,,,88,393,6400,613.2,( WIRE 393 ),X6400,Y613.2,G111,,N88 ( WIRE 393 ) X6400 Y613.2 G111
,,,89,392,6400,618,( WIRE 392 ),X6400,Y618,G111,,N89 ( WIRE 392 ) X6400 Y618 G111
,,,90,391,6400,622.8,( WIRE 391 ),X6400,Y622.8,G111,,N90 ( WIRE 391 ) X6400 Y622.8 G111
,,,91,390,6400,627.6,( WIRE 390 ),X6400,Y627.6,G111,,N91 ( WIRE 390 ) X6400 Y627.6 G111
,,,92,389,6400,632.3,( WIRE 389 ),X6400,Y632.3,G111,,N92 ( WIRE 389 ) X6400 Y632.3 G111
,,,93,388,6400,637.1,( WIRE 388 ),X6400,Y637.1,G111,,N93 ( WIRE 388 ) X6400 Y637.1 G111
,,,94,387,6400,641.9,( WIRE 387 ),X6400,Y641.9,G111,,N94 ( WIRE 387 ) X6400 Y641.9 G111
,,,95,386,6400,646.7,( WIRE 386 ),X6400,Y646.7,G111,,N95 ( WIRE 386 ) X6400 Y646.7 G111
,,,96,385,6400,651.5,( WIRE 385 ),X6400,Y651.5,G111,,N96 ( WIRE 385 ) X6400 Y651.5 G111
,,,97,384,6400,656.3,( WIRE 384 ),X6400,Y656.3,G111,,N97 ( WIRE 384 ) X6400 Y656.3 G111
,,,98,383,6400,661.1,( WIRE 383 ),X6400,Y661.1,G111,,N98 ( WIRE 383 ) X6400 Y661.1 G111
,,,99,382,6400,665.9,( WIRE 382 ),X6400,Y665.9,G111,,N99 ( WIRE 382 ) X6400 Y665.9 G111
,,,100,381,6400,670.7,( WIRE 381 ),X6400,Y670.7,G111,,N100 ( WIRE 381 ) X6400 Y670.7 G111
,,,101,380,6400,675.5,( WIRE 380 ),X6400,Y675.5,G111,,N101 ( WIRE 380 ) X6400 Y675.5 G111
,,,102,379,6400,680.3,( WIRE 379 ),X6400,Y680.3,G111,,N102 ( WIRE 379 ) X6400 Y680.3 G111
,,,103,378,6400,685.1,( WIRE 378 ),X6400,Y685.1,G111,,N103 ( WIRE 378 ) X6400 Y685.1 G111
,,,104,377,6400,689.8,( WIRE 377 ),X6400,Y689.8,G111,,N104 ( WIRE 377 ) X6400 Y689.8 G111
,,,105,376,6400,694.6,( WIRE 376 ),X6400,Y694.6,G111,,N105 ( WIRE 376 ) X6400 Y694.6 G111
,,,106,375,6400,699.4,( WIRE 375 ),X6400,Y699.4,G111,,N106 ( WIRE 375 ) X6400 Y699.4 G111
,,,107,374,6400,704.2,( WIRE 374 ),X6400,Y704.2,G111,,N107 ( WIRE 374 ) X6400 Y704.2 G111
,,,108,373,6400,709,( WIRE 373 ),X6400,Y709,G111,,N108 ( WIRE 373 ) X6400 Y709 G111
,,,109,372,6400,713.8,( WIRE 372 ),X6400,Y713.8,G111,,N109 ( WIRE 372 ) X6400 Y713.8 G111
,,,110,371,6400,718.6,( WIRE 371 ),X6400,Y718.6,G111,,N110 ( WIRE 371 ) X6400 Y718.6 G111
,,,111,370,6400,723.4,( WIRE 370 ),X6400,Y723.4,G111,,N111 ( WIRE 370 ) X6400 Y723.4 G111
,,,112,369,6400,728.2,( WIRE 369 ),X6400,Y728.2,G111,,N112 ( WIRE 369 ) X6400 Y728.2 G111
,,,113,368,6400,733,( WIRE 368 ),X6400,Y733,G111,,N113 ( WIRE 368 ) X6400 Y733 G111
,,,114,367,6400,737.8,( WIRE 367 ),X6400,Y737.8,G111,,N114 ( WIRE 367 ) X6400 Y737.8 G111
,,,115,366,6400,742.6,( WIRE 366 ),X6400,Y742.6,G111,,N115 ( WIRE 366 ) X6400 Y742.6 G111
,,,116,365,6400,747.3,( WIRE 365 ),X6400,Y747.3,G111,,N116 ( WIRE 365 ) X6400 Y747.3 G111
,,,117,364,6400,752.1,( WIRE 364 ),X6400,Y752.1,G111,,N117 ( WIRE 364 ) X6400 Y752.1 G111
,,,118,363,6400,756.9,( WIRE 363 ),X6400,Y756.9,G111,,N118 ( WIRE 363 ) X6400 Y756.9 G111
,,,119,362,6400,761.7,( WIRE 362 ),X6400,Y761.7,G111,,N119 ( WIRE 362 ) X6400 Y761.7 G111
,,,120,361,6400,766.5,( WIRE 361 ),X6400,Y766.5,G111,,N120 ( WIRE 361 ) X6400 Y766.5 G111
,,,121,360,6400,771.3,( WIRE 360 ),X6400,Y771.3,G111,,N121 ( WIRE 360 ) X6400 Y771.3 G111
,,,122,359,6400,776.1,( WIRE 359 ),X6400,Y776.1,G111,,N122 ( WIRE 359 ) X6400 Y776.1 G111
,,,123,358,6400,780.9,( WIRE 358 ),X6400,Y780.9,G111,,N123 ( WIRE 358 ) X6400 Y780.9 G111
,,,124,357,6400,785.7,( WIRE 357 ),X6400,Y785.7,G111,,N124 ( WIRE 357 ) X6400 Y785.7 G111
,,,125,356,6400,790.5,( WIRE 356 ),X6400,Y790.5,G111,,N125 ( WIRE 356 ) X6400 Y790.5 G111
,,,126,355,6400,795.3,( WIRE 355 ),X6400,Y795.3,G111,,N126 ( WIRE 355 ) X6400 Y795.3 G111
,,,127,354,6400,800.1,( WIRE 354 ),X6400,Y800.1,G111,,N127 ( WIRE 354 ) X6400 Y800.1 G111
,,,128,353,6400,804.8,( WIRE 353 ),X6400,Y804.8,G111,,N128 ( WIRE 353 ) X6400 Y804.8 G111
,,,129,352,6400,809.6,( WIRE 352 ),X6400,Y809.6,G111,,N129 ( WIRE 352 ) X6400 Y809.6 G111
,,,130,351,6400,814.4,( WIRE 351 ),X6400,Y814.4,G111,,N130 ( WIRE 351 ) X6400 Y814.4 G111
,,,131,350,6400,819.2,( WIRE 350 ),X6400,Y819.2,G111,,N131 ( WIRE 350 ) X6400 Y819.2 G111
,,,132,349,6400,824,( WIRE 349 ),X6400,Y824,G111,,N132 ( WIRE 349 ) X6400 Y824 G111
,,,133,348,6400,828.8,( WIRE 348 ),X6400,Y828.8,G111,,N133 ( WIRE 348 ) X6400 Y828.8 G111
,,,134,347,6400,833.6,( WIRE 347 ),X6400,Y833.6,G111,,N134 ( WIRE 347 ) X6400 Y833.6 G111
,,,135,346,6400,838.4,( WIRE 346 ),X6400,Y838.4,G111,,N135 ( WIRE 346 ) X6400 Y838.4 G111
,,,136,345,6400,843.2,( WIRE 345 ),X6400,Y843.2,G111,,N136 ( WIRE 345 ) X6400 Y843.2 G111
,,,137,344,6400,848,( WIRE 344 ),X6400,Y848,G111,,N137 ( WIRE 344 ) X6400 Y848 G111
,,,138,343,6400,852.8,( WIRE 343 ),X6400,Y852.8,G111,,N138 ( WIRE 343 ) X6400 Y852.8 G111
,,,139,342,6400,857.6,( WIRE 342 ),X6400,Y857.6,G111,,N139 ( WIRE 342 ) X6400 Y857.6 G111
,,,140,341,6400,862.3,( WIRE 341 ),X6400,Y862.3,G111,,N140 ( WIRE 341 ) X6400 Y862.3 G111
,,,141,340,6400,867.1,( WIRE 340 ),X6400,Y867.1,G111,,N141 ( WIRE 340 ) X6400 Y867.1 G111
,,,142,339,6400,871.9,( WIRE 339 ),X6400,Y871.9,G111,,N142 ( WIRE 339 ) X6400 Y871.9 G111
,,,143,338,6400,876.7,( WIRE 338 ),X6400,Y876.7,G111,,N143 ( WIRE 338 ) X6400 Y876.7 G111
,,,144,337,6400,881.5,( WIRE 337 ),X6400,Y881.5,G111,,N144 ( WIRE 337 ) X6400 Y881.5 G111
,,,145,336,6400,886.3,( WIRE 336 ),X6400,Y886.3,G111,,N145 ( WIRE 336 ) X6400 Y886.3 G111
,,,146,335,6400,891.1,( WIRE 335 ),X6400,Y891.1,G111,,N146 ( WIRE 335 ) X6400 Y891.1 G111
,,,147,334,6400,895.9,( WIRE 334 ),X6400,Y895.9,G111,,N147 ( WIRE 334 ) X6400 Y895.9 G111
,,,148,333,6400,900.7,( WIRE 333 ),X6400,Y900.7,G111,,N148 ( WIRE 333 ) X6400 Y900.7 G111
,,,149,332,6400,905.5,( WIRE 332 ),X6400,Y905.5,G111,,N149 ( WIRE 332 ) X6400 Y905.5 G111
,,,150,331,6400,910.3,( WIRE 331 ),X6400,Y910.3,G111,,N150 ( WIRE 331 ) X6400 Y910.3 G111
,,,151,330,6400,915.1,( WIRE 330 ),X6400,Y915.1,G111,,N151 ( WIRE 330 ) X6400 Y915.1 G111
,,,152,329,6400,919.8,( WIRE 329 ),X6400,Y919.8,G111,,N152 ( WIRE 329 ) X6400 Y919.8 G111
,,,153,328,6400,924.6,( WIRE 328 ),X6400,Y924.6,G111,,N153 ( WIRE 328 ) X6400 Y924.6 G111
,,,154,327,6400,929.4,( WIRE 327 ),X6400,Y929.4,G111,,N154 ( WIRE 327 ) X6400 Y929.4 G111
,,,155,326,6400,934.2,( WIRE 326 ),X6400,Y934.2,G111,,N155 ( WIRE 326 ) X6400 Y934.2 G111
,,,156,325,6400,939,( WIRE 325 ),X6400,Y939,G111,,N156 ( WIRE 325 ) X6400 Y939 G111
,,,157,324,6400,943.8,( WIRE 324 ),X6400,Y943.8,G111,,N157 ( WIRE 324 ) X6400 Y943.8 G111
,,,158,323,6400,948.6,( WIRE 323 ),X6400,Y948.6,G111,,N158 ( WIRE 323 ) X6400 Y948.6 G111
,,,159,322,6400,953.4,( WIRE 322 ),X6400,Y953.4,G111,,N159 ( WIRE 322 ) X6400 Y953.4 G111
,,,160,321,6400,958.2,( WIRE 321 ),X6400,Y958.2,G111,,N160 ( WIRE 321 ) X6400 Y958.2 G111
,,,161,320,6400,963,( WIRE 320 ),X6400,Y963,G111,,N161 ( WIRE 320 ) X6400 Y963 G111
,,,162,319,6400,967.8,( WIRE 319 ),X6400,Y967.8,G111,,N162 ( WIRE 319 ) X6400 Y967.8 G111
,,,163,318,6400,972.6,( WIRE 318 ),X6400,Y972.6,G111,,N163 ( WIRE 318 ) X6400 Y972.6 G111
,,,164,317,6400,977.3,( WIRE 317 ),X6400,Y977.3,G111,,N164 ( WIRE 317 ) X6400 Y977.3 G111
,,,165,316,6400,982.1,( WIRE 316 ),X6400,Y982.1,G111,,N165 ( WIRE 316 ) X6400 Y982.1 G111
,,,166,315,6400,986.9,( WIRE 315 ),X6400,Y986.9,G111,,N166 ( WIRE 315 ) X6400 Y986.9 G111
,,,167,314,6400,991.7,( WIRE 314 ),X6400,Y991.7,G111,,N167 ( WIRE 314 ) X6400 Y991.7 G111
,,,168,313,6400,996.5,( WIRE 313 ),X6400,Y996.5,G111,,N168 ( WIRE 313 ) X6400 Y996.5 G111
,,,169,312,6400,1001.3,( WIRE 312 ),X6400,Y1001.3,G111,,N169 ( WIRE 312 ) X6400 Y1001.3 G111
,,,170,311,6400,1006.1,( WIRE 311 ),X6400,Y1006.1,G111,,N170 ( WIRE 311 ) X6400 Y1006.1 G111
,,,171,310,6400,1010.9,( WIRE 310 ),X6400,Y1010.9,G111,,N171 ( WIRE 310 ) X6400 Y1010.9 G111
,,,172,309,6400,1015.7,( WIRE 309 ),X6400,Y1015.7,G111,,N172 ( WIRE 309 ) X6400 Y1015.7 G111
,,,173,308,6400,1020.5,( WIRE 308 ),X6400,Y1020.5,G111,,N173 ( WIRE 308 ) X6400 Y1020.5 G111
,,,174,307,6400,1025.3,( WIRE 307 ),X6400,Y1025.3,G111,,N174 ( WIRE 307 ) X6400 Y1025.3 G111
,,,175,306,6400,1030.1,( WIRE 306 ),X6400,Y1030.1,G111,,N175 ( WIRE 306 ) X6400 Y1030.1 G111
,,,176,305,6400,1034.8,( WIRE 305 ),X6400,Y1034.8,G111,,N176 ( WIRE 305 ) X6400 Y1034.8 G111
,,,177,304,6400,1039.6,( WIRE 304 ),X6400,Y1039.6,G111,,N177 ( WIRE 304 ) X6400 Y1039.6 G111
,,,178,303,6400,1044.4,( WIRE 303 ),X6400,Y1044.4,G111,,N178 ( WIRE 303 ) X6400 Y1044.4 G111
,,,179,302,6400,1049.2,( WIRE 302 ),X6400,Y1049.2,G111,,N179 ( WIRE 302 ) X6400 Y1049.2 G111
,,,180,301,6400,1054,( WIRE 301 ),X6400,Y1054,G111,,N180 ( WIRE 301 ) X6400 Y1054 G111
,,,181,300,6400,1058.8,( WIRE 300 ),X6400,Y1058.8,G111,,N181 ( WIRE 300 ) X6400 Y1058.8 G111
,,,182,299,6400,1063.6,( WIRE 299 ),X6400,Y1063.6,G111,,N182 ( WIRE 299 ) X6400 Y1063.6 G111
,,,183,298,6400,1068.4,( WIRE 298 ),X6400,Y1068.4,G111,,N183 ( WIRE 298 ) X6400 Y1068.4 G111
,,,184,297,6400,1073.2,( WIRE 297 ),X6400,Y1073.2,G111,,N184 ( WIRE 297 ) X6400 Y1073.2 G111
,,,185,296,6400,1078,( WIRE 296 ),X6400,Y1078,G111,,N185 ( WIRE 296 ) X6400 Y1078 G111
,,,186,295,6400,1082.8,( WIRE 295 ),X6400,Y1082.8,G111,,N186 ( WIRE 295 ) X6400 Y1082.8 G111
,,,187,294,6400,1087.6,( WIRE 294 ),X6400,Y1087.6,G111,,N187 ( WIRE 294 ) X6400 Y1087.6 G111
,,,188,293,6400,1092.3,( WIRE 293 ),X6400,Y1092.3,G111,,N188 ( WIRE 293 ) X6400 Y1092.3 G111
,,,189,292,6400,1097.1,( WIRE 292 ),X6400,Y1097.1,G111,,N189 ( WIRE 292 ) X6400 Y1097.1 G111
,,,190,291,6400,1101.9,( WIRE 291 ),X6400,Y1101.9,G111,,N190 ( WIRE 291 ) X6400 Y1101.9 G111
,,,191,290,6400,1106.7,( WIRE 290 ),X6400,Y1106.7,G111,,N191 ( WIRE 290 ) X6400 Y1106.7 G111
,,,192,289,6400,1111.5,( WIRE 289 ),X6400,Y1111.5,G111,,N192 ( WIRE 289 ) X6400 Y1111.5 G111
,,,193,288,6400,1116.3,( WIRE 288 ),X6400,Y1116.3,G111,,N193 ( WIRE 288 ) X6400 Y1116.3 G111
,,,194,287,6400,1121.1,( WIRE 287 ),X6400,Y1121.1,G111,,N194 ( WIRE 287 ) X6400 Y1121.1 G111
,,,195,286,6400,1125.9,( WIRE 286 ),X6400,Y1125.9,G111,,N195 ( WIRE 286 ) X6400 Y1125.9 G111
,,,196,285,6400,1130.7,( WIRE 285 ),X6400,Y1130.7,G111,,N196 ( WIRE 285 ) X6400 Y1130.7 G111
,,,197,284,6400,1135.5,( WIRE 284 ),X6400,Y1135.5,G111,,N197 ( WIRE 284 ) X6400 Y1135.5 G111
,,,198,283,6400,1140.3,( WIRE 283 ),X6400,Y1140.3,G111,,N198 ( WIRE 283 ) X6400 Y1140.3 G111
,,,199,282,6400,1145.1,( WIRE 282 ),X6400,Y1145.1,G111,,N199 ( WIRE 282 ) X6400 Y1145.1 G111
,,,200,281,6400,1149.8,( WIRE 281 ),X6400,Y1149.8,G111,,N200 ( WIRE 281 ) X6400 Y1149.8 G111
,,,201,280,6400,1154.6,( WIRE 280 ),X6400,Y1154.6,G111,,N201 ( WIRE 280 ) X6400 Y1154.6 G111
,,,202,279,6400,1159.4,( WIRE 279 ),X6400,Y1159.4,G111,,N202 ( WIRE 279 ) X6400 Y1159.4 G111
,,,203,278,6400,1164.2,( WIRE 278 ),X6400,Y1164.2,G111,,N203 ( WIRE 278 ) X6400 Y1164.2 G111
,,,204,277,6400,1169,( WIRE 277 ),X6400,Y1169,G111,,N204 ( WIRE 277 ) X6400 Y1169 G111
,,,205,276,6400,1173.8,( WIRE 276 ),X6400,Y1173.8,G111,,N205 ( WIRE 276 ) X6400 Y1173.8 G111
,,,206,275,6400,1178.6,( WIRE 275 ),X6400,Y1178.6,G111,,N206 ( WIRE 275 ) X6400 Y1178.6 G111
,,,207,274,6400,1183.4,( WIRE 274 ),X6400,Y1183.4,G111,,N207 ( WIRE 274 ) X6400 Y1183.4 G111
,,,208,273,6400,1188.2,( WIRE 273 ),X6400,Y1188.2,G111,,N208 ( WIRE 273 ) X6400 Y1188.2 G111
,,,209,272,6400,1193,( WIRE 272 ),X6400,Y1193,G111,,N209 ( WIRE 272 ) X6400 Y1193 G111
,,,210,271,6400,1197.8,( WIRE 271 ),X6400,Y1197.8,G111,,N210 ( WIRE 271 ) X6400 Y1197.8 G111
,,,211,270,6400,1202.6,( WIRE 270 ),X6400,Y1202.6,G111,,N211 ( WIRE 270 ) X6400 Y1202.6 G111
,,,212,269,6400,1207.3,( WIRE 269 ),X6400,Y1207.3,G111,,N212 ( WIRE 269 ) X6400 Y1207.3 G111
,,,213,268,6400,1212.1,( WIRE 268 ),X6400,Y1212.1,G111,,N213 ( WIRE 268 ) X6400 Y1212.1 G111
,,,214,267,6400,1216.9,( WIRE 267 ),X6400,Y1216.9,G111,,N214 ( WIRE 267 ) X6400 Y1216.9 G111
,,,215,266,6400,1221.7,( WIRE 266 ),X6400,Y1221.7,G111,,N215 ( WIRE 266 ) X6400 Y1221.7 G111
,,,216,265,6400,1226.5,( WIRE 265 ),X6400,Y1226.5,G111,,N216 ( WIRE 265 ) X6400 Y1226.5 G111
,,,217,264,6400,1231.3,( WIRE 264 ),X6400,Y1231.3,G111,,N217 ( WIRE 264 ) X6400 Y1231.3 G111
,,,218,263,6400,1236.1,( WIRE 263 ),X6400,Y1236.1,G111,,N218 ( WIRE 263 ) X6400 Y1236.1 G111
,,,219,262,6400,1240.9,( WIRE 262 ),X6400,Y1240.9,G111,,N219 ( WIRE 262 ) X6400 Y1240.9 G111
,,,220,261,6400,1245.7,( WIRE 261 ),X6400,Y1245.7,G111,,N220 ( WIRE 261 ) X6400 Y1245.7 G111
,,,221,260,6400,1250.5,( WIRE 260 ),X6400,Y1250.5,G111,,N221 ( WIRE 260 ) X6400 Y1250.5 G111
,,,222,259,6400,1255.3,( WIRE 259 ),X6400,Y1255.3,G111,,N222 ( WIRE 259 ) X6400 Y1255.3 G111
,,,223,258,6400,1260.1,( WIRE 258 ),X6400,Y1260.1,G111,,N223 ( WIRE 258 ) X6400 Y1260.1 G111
,,,224,257,6400,1264.8,( WIRE 257 ),X6400,Y1264.8,G111,,N224 ( WIRE 257 ) X6400 Y1264.8 G111
,,,225,256,6400,1269.6,( WIRE 256 ),X6400,Y1269.6,G111,,N225 ( WIRE 256 ) X6400 Y1269.6 G111
,,,226,255,6400,1274.4,( WIRE 255 ),X6400,Y1274.4,G111,,N226 ( WIRE 255 ) X6400 Y1274.4 G111
,,,227,254,6400,1279.2,( WIRE 254 ),X6400,Y1279.2,G111,,N227 ( WIRE 254 ) X6400 Y1279.2 G111
,,,228,253,6400,1284,( WIRE 253 ),X6400,Y1284,G111,,N228 ( WIRE 253 ) X6400 Y1284 G111
,,,229,252,6400,1288.8,( WIRE 252 ),X6400,Y1288.8,G111,,N229 ( WIRE 252 ) X6400 Y1288.8 G111
,,,230,251,6400,1293.6,( WIRE 251 ),X6400,Y1293.6,G111,,N230 ( WIRE 251 ) X6400 Y1293.6 G111
,,,231,250,6400,1298.4,( WIRE 250 ),X6400,Y1298.4,G111,,N231 ( WIRE 250 ) X6400 Y1298.4 G111
,,,232,249,6400,1303.2,( WIRE 249 ),X6400,Y1303.2,G111,,N232 ( WIRE 249 ) X6400 Y1303.2 G111
,,,233,248,6400,1308,( WIRE 248 ),X6400,Y1308,G111,,N233 ( WIRE 248 ) X6400 Y1308 G111
,,,234,247,6400,1312.8,( WIRE 247 ),X6400,Y1312.8,G111,,N234 ( WIRE 247 ) X6400 Y1312.8 G111
,,,235,246,6400,1317.6,( WIRE 246 ),X6400,Y1317.6,G111,,N235 ( WIRE 246 ) X6400 Y1317.6 G111
,,,236,245,6400,1322.3,( WIRE 245 ),X6400,Y1322.3,G111,,N236 ( WIRE 245 ) X6400 Y1322.3 G111
,,,237,244,6400,1327.1,( WIRE 244 ),X6400,Y1327.1,G111,,N237 ( WIRE 244 ) X6400 Y1327.1 G111
,,,238,243,6400,1331.9,( WIRE 243 ),X6400,Y1331.9,G111,,N238 ( WIRE 243 ) X6400 Y1331.9 G111
,,,239,242,6400,1336.7,( WIRE 242 ),X6400,Y1336.7,G111,,N239 ( WIRE 242 ) X6400 Y1336.7 G111
,,,240,241,6400,1341.5,( WIRE 241 ),X6400,Y1341.5,G111,,N240 ( WIRE 241 ) X6400 Y1341.5 G111
,,,241,240,6400,1346.3,( WIRE 240 ),X6400,Y1346.3,G111,,N241 ( WIRE 240 ) X6400 Y1346.3 G111
,,,242,239,6400,1351.1,( WIRE 239 ),X6400,Y1351.1,G111,,N242 ( WIRE 239 ) X6400 Y1351.1 G111
,,,243,238,6400,1355.9,( WIRE 238 ),X6400,Y1355.9,G111,,N243 ( WIRE 238 ) X6400 Y1355.9 G111
,,,244,237,6400,1360.7,( WIRE 237 ),X6400,Y1360.7,G111,,N244 ( WIRE 237 ) X6400 Y1360.7 G111
,,,245,236,6400,1365.5,( WIRE 236 ),X6400,Y1365.5,G111,,N245 ( WIRE 236 ) X6400 Y1365.5 G111
,,,246,235,6400,1370.3,( WIRE 235 ),X6400,Y1370.3,G111,,N246 ( WIRE 235 ) X6400 Y1370.3 G111
,,,247,234,6400,1375.1,( WIRE 234 ),X6400,Y1375.1,G111,,N247 ( WIRE 234 ) X6400 Y1375.1 G111
,,,248,233,6400,1379.8,( WIRE 233 ),X6400,Y1379.8,G111,,N248 ( WIRE 233 ) X6400 Y1379.8 G111
,,,249,232,6400,1384.6,( WIRE 232 ),X6400,Y1384.6,G111,,N249 ( WIRE 232 ) X6400 Y1384.6 G111
,,,250,231,6400,1389.4,( WIRE 231 ),X6400,Y1389.4,G111,,N250 ( WIRE 231 ) X6400 Y1389.4 G111
,,,251,230,6400,1394.2,( WIRE 230 ),X6400,Y1394.2,G111,,N251 ( WIRE 230 ) X6400 Y1394.2 G111
,,,252,229,6400,1399,( WIRE 229 ),X6400,Y1399,G111,,N252 ( WIRE 229 ) X6400 Y1399 G111
,,,253,228,6400,1403.8,( WIRE 228 ),X6400,Y1403.8,G111,,N253 ( WIRE 228 ) X6400 Y1403.8 G111
,,,254,227,6400,1408.6,( WIRE 227 ),X6400,Y1408.6,G111,,N254 ( WIRE 227 ) X6400 Y1408.6 G111
,,,255,226,6400,1413.4,( WIRE 226 ),X6400,Y1413.4,G111,,N255 ( WIRE 226 ) X6400 Y1413.4 G111
,,,256,225,6400,1418.2,( WIRE 225 ),X6400,Y1418.2,G111,,N256 ( WIRE 225 ) X6400 Y1418.2 G111
,,,257,224,6400,1423,( WIRE 224 ),X6400,Y1423,G111,,N257 ( WIRE 224 ) X6400 Y1423 G111
,,,258,223,6400,1427.8,( WIRE 223 ),X6400,Y1427.8,G111,,N258 ( WIRE 223 ) X6400 Y1427.8 G111
,,,259,222,6400,1432.6,( WIRE 222 ),X6400,Y1432.6,G111,,N259 ( WIRE 222 ) X6400 Y1432.6 G111
,,,260,221,6400,1437.3,( WIRE 221 ),X6400,Y1437.3,G111,,N260 ( WIRE 221 ) X6400 Y1437.3 G111
,,,261,220,6400,1442.1,( WIRE 220 ),X6400,Y1442.1,G111,,N261 ( WIRE 220 ) X6400 Y1442.1 G111
,,,262,219,6400,1446.9,( WIRE 219 ),X6400,Y1446.9,G111,,N262 ( WIRE 219 ) X6400 Y1446.9 G111
,,,263,218,6400,1451.7,( WIRE 218 ),X6400,Y1451.7,G111,,N263 ( WIRE 218 ) X6400 Y1451.7 G111
,,,264,217,6400,1456.5,( WIRE 217 ),X6400,Y1456.5,G111,,N264 ( WIRE 217 ) X6400 Y1456.5 G111
,,,265,216,6400,1461.3,( WIRE 216 ),X6400,Y1461.3,G111,,N265 ( WIRE 216 ) X6400 Y1461.3 G111
,,,266,215,6400,1466.1,( WIRE 215 ),X6400,Y1466.1,G111,,N266 ( WIRE 215 ) X6400 Y1466.1 G111
,,,267,214,6400,1470.9,( WIRE 214 ),X6400,Y1470.9,G111,,N267 ( WIRE 214 ) X6400 Y1470.9 G111
,,,268,213,6400,1475.7,( WIRE 213 ),X6400,Y1475.7,G111,,N268 ( WIRE 213 ) X6400 Y1475.7 G111
,,,269,212,6400,1480.5,( WIRE 212 ),X6400,Y1480.5,G111,,N269 ( WIRE 212 ) X6400 Y1480.5 G111
,,,270,211,6400,1485.3,( WIRE 211 ),X6400,Y1485.3,G111,,N270 ( WIRE 211 ) X6400 Y1485.3 G111
,,,271,210,6400,1490.1,( WIRE 210 ),X6400,Y1490.1,G111,,N271 ( WIRE 210 ) X6400 Y1490.1 G111
,,,272,209,6400,1494.8,( WIRE 209 ),X6400,Y1494.8,G111,,N272 ( WIRE 209 ) X6400 Y1494.8 G111
,,,273,208,6400,1499.6,( WIRE 208 ),X6400,Y1499.6,G111,,N273 ( WIRE 208 ) X6400 Y1499.6 G111
,,,274,207,6400,1504.4,( WIRE 207 ),X6400,Y1504.4,G111,,N274 ( WIRE 207 ) X6400 Y1504.4 G111
,,,275,206,6400,1509.2,( WIRE 206 ),X6400,Y1509.2,G111,,N275 ( WIRE 206 ) X6400 Y1509.2 G111
,,,276,205,6400,1514,( WIRE 205 ),X6400,Y1514,G111,,N276 ( WIRE 205 ) X6400 Y1514 G111
,,,277,204,6400,1518.8,( WIRE 204 ),X6400,Y1518.8,G111,,N277 ( WIRE 204 ) X6400 Y1518.8 G111
,,,278,203,6400,1523.6,( WIRE 203 ),X6400,Y1523.6,G111,,N278 ( WIRE 203 ) X6400 Y1523.6 G111
,,,279,202,6400,1528.4,( WIRE 202 ),X6400,Y1528.4,G111,,N279 ( WIRE 202 ) X6400 Y1528.4 G111
,,,280,201,6400,1533.2,( WIRE 201 ),X6400,Y1533.2,G111,,N280 ( WIRE 201 ) X6400 Y1533.2 G111
,,,281,200,6400,1538,( WIRE 200 ),X6400,Y1538,G111,,N281 ( WIRE 200 ) X6400 Y1538 G111
,,,282,199,6400,1542.8,( WIRE 199 ),X6400,Y1542.8,G111,,N282 ( WIRE 199 ) X6400 Y1542.8 G111
,,,283,198,6400,1547.6,( WIRE 198 ),X6400,Y1547.6,G111,,N283 ( WIRE 198 ) X6400 Y1547.6 G111
,,,284,197,6400,1552.3,( WIRE 197 ),X6400,Y1552.3,G111,,N284 ( WIRE 197 ) X6400 Y1552.3 G111
,,,285,196,6400,1557.1,( WIRE 196 ),X6400,Y1557.1,G111,,N285 ( WIRE 196 ) X6400 Y1557.1 G111
,,,286,195,6400,1561.9,( WIRE 195 ),X6400,Y1561.9,G111,,N286 ( WIRE 195 ) X6400 Y1561.9 G111
,,,287,194,6400,1566.7,( WIRE 194 ),X6400,Y1566.7,G111,,N287 ( WIRE 194 ) X6400 Y1566.7 G111
,,,288,193,6400,1571.5,( WIRE 193 ),X6400,Y1571.5,G111,,N288 ( WIRE 193 ) X6400 Y1571.5 G111
,,,289,192,6400,1576.3,( WIRE 192 ),X6400,Y1576.3,G111,,N289 ( WIRE 192 ) X6400 Y1576.3 G111
,,,290,191,6400,1581.1,( WIRE 191 ),X6400,Y1581.1,G111,,N290 ( WIRE 191 ) X6400 Y1581.1 G111
,,,291,190,6400,1585.9,( WIRE 190 ),X6400,Y1585.9,G111,,N291 ( WIRE 190 ) X6400 Y1585.9 G111
,,,292,189,6400,1590.7,( WIRE 189 ),X6400,Y1590.7,G111,,N292 ( WIRE 189 ) X6400 Y1590.7 G111
,,,293,188,6400,1595.5,( WIRE 188 ),X6400,Y1595.5,G111,,N293 ( WIRE 188 ) X6400 Y1595.5 G111
,,,294,187,6400,1600.3,( WIRE 187 ),X6400,Y1600.3,G111,,N294 ( WIRE 187 ) X6400 Y1600.3 G111
,,,295,186,6400,1605.1,( WIRE 186 ),X6400,Y1605.1,G111,,N295 ( WIRE 186 ) X6400 Y1605.1 G111
,,,296,185,6400,1609.8,( WIRE 185 ),X6400,Y1609.8,G111,,N296 ( WIRE 185 ) X6400 Y1609.8 G111
,,,297,184,6400,1614.6,( WIRE 184 ),X6400,Y1614.6,G111,,N297 ( WIRE 184 ) X6400 Y1614.6 G111
,,,298,183,6400,1619.4,( WIRE 183 ),X6400,Y1619.4,G111,,N298 ( WIRE 183 ) X6400 Y1619.4 G111
,,,299,182,6400,1624.2,( WIRE 182 ),X6400,Y1624.2,G111,,N299 ( WIRE 182 ) X6400 Y1624.2 G111
,,,300,181,6400,1629,( WIRE 181 ),X6400,Y1629,G111,,N300 ( WIRE 181 ) X6400 Y1629 G111
,,,301,180,6400,1633.8,( WIRE 180 ),X6400,Y1633.8,G111,,N301 ( WIRE 180 ) X6400 Y1633.8 G111
,,,302,179,6400,1638.6,( WIRE 179 ),X6400,Y1638.6,G111,,N302 ( WIRE 179 ) X6400 Y1638.6 G111
,,,303,178,6400,1643.4,( WIRE 178 ),X6400,Y1643.4,G111,,N303 ( WIRE 178 ) X6400 Y1643.4 G111
,,,304,177,6400,1648.2,( WIRE 177 ),X6400,Y1648.2,G111,,N304 ( WIRE 177 ) X6400 Y1648.2 G111
,,,305,176,6400,1653,( WIRE 176 ),X6400,Y1653,G111,,N305 ( WIRE 176 ) X6400 Y1653 G111
,,,306,175,6400,1657.8,( WIRE 175 ),X6400,Y1657.8,G111,,N306 ( WIRE 175 ) X6400 Y1657.8 G111
,,,307,174,6400,1662.6,( WIRE 174 ),X6400,Y1662.6,G111,,N307 ( WIRE 174 ) X6400 Y1662.6 G111
,,,308,173,6400,1667.3,( WIRE 173 ),X6400,Y1667.3,G111,,N308 ( WIRE 173 ) X6400 Y1667.3 G111
,,,309,172,6400,1672.1,( WIRE 172 ),X6400,Y1672.1,G111,,N309 ( WIRE 172 ) X6400 Y1672.1 G111
,,,310,171,6400,1676.9,( WIRE 171 ),X6400,Y1676.9,G111,,N310 ( WIRE 171 ) X6400 Y1676.9 G111
,,,311,170,6400,1681.7,( WIRE 170 ),X6400,Y1681.7,G111,,N311 ( WIRE 170 ) X6400 Y1681.7 G111
,,,312,169,6400,1686.5,( WIRE 169 ),X6400,Y1686.5,G111,,N312 ( WIRE 169 ) X6400 Y1686.5 G111
,,,313,168,6400,1691.3,( WIRE 168 ),X6400,Y1691.3,G111,,N313 ( WIRE 168 ) X6400 Y1691.3 G111
,,,314,167,6400,1696.1,( WIRE 167 ),X6400,Y1696.1,G111,,N314 ( WIRE 167 ) X6400 Y1696.1 G111
,,,315,166,6400,1700.9,( WIRE 166 ),X6400,Y1700.9,G111,,N315 ( WIRE 166 ) X6400 Y1700.9 G111
,,,316,165,6400,1705.7,( WIRE 165 ),X6400,Y1705.7,G111,,N316 ( WIRE 165 ) X6400 Y1705.7 G111
,,,317,164,6400,1710.5,( WIRE 164 ),X6400,Y1710.5,G111,,N317 ( WIRE 164 ) X6400 Y1710.5 G111
,,,318,163,6400,1715.3,( WIRE 163 ),X6400,Y1715.3,G111,,N318 ( WIRE 163 ) X6400 Y1715.3 G111
,,,319,162,6400,1720.1,( WIRE 162 ),X6400,Y1720.1,G111,,N319 ( WIRE 162 ) X6400 Y1720.1 G111
,,,320,161,6400,1724.8,( WIRE 161 ),X6400,Y1724.8,G111,,N320 ( WIRE 161 ) X6400 Y1724.8 G111
,,,321,160,6400,1729.6,( WIRE 160 ),X6400,Y1729.6,G111,,N321 ( WIRE 160 ) X6400 Y1729.6 G111
,,,322,159,6400,1734.4,( WIRE 159 ),X6400,Y1734.4,G111,,N322 ( WIRE 159 ) X6400 Y1734.4 G111
,,,323,158,6400,1739.2,( WIRE 158 ),X6400,Y1739.2,G111,,N323 ( WIRE 158 ) X6400 Y1739.2 G111
,,,324,157,6400,1744,( WIRE 157 ),X6400,Y1744,G111,,N324 ( WIRE 157 ) X6400 Y1744 G111
,,,325,156,6400,1748.8,( WIRE 156 ),X6400,Y1748.8,G111,,N325 ( WIRE 156 ) X6400 Y1748.8 G111
,,,326,155,6400,1753.6,( WIRE 155 ),X6400,Y1753.6,G111,,N326 ( WIRE 155 ) X6400 Y1753.6 G111
,,,327,154,6400,1758.4,( WIRE 154 ),X6400,Y1758.4,G111,,N327 ( WIRE 154 ) X6400 Y1758.4 G111
,,,328,153,6400,1763.2,( WIRE 153 ),X6400,Y1763.2,G111,,N328 ( WIRE 153 ) X6400 Y1763.2 G111
,,,329,152,6400,1768,( WIRE 152 ),X6400,Y1768,G111,,N329 ( WIRE 152 ) X6400 Y1768 G111
,,,330,151,6400,1772.8,( WIRE 151 ),X6400,Y1772.8,G111,,N330 ( WIRE 151 ) X6400 Y1772.8 G111
,,,331,150,6400,1777.6,( WIRE 150 ),X6400,Y1777.6,G111,,N331 ( WIRE 150 ) X6400 Y1777.6 G111
,,,332,149,6400,1782.3,( WIRE 149 ),X6400,Y1782.3,G111,,N332 ( WIRE 149 ) X6400 Y1782.3 G111
,,,333,148,6400,1787.1,( WIRE 148 ),X6400,Y1787.1,G111,,N333 ( WIRE 148 ) X6400 Y1787.1 G111
,,,334,147,6400,1791.9,( WIRE 147 ),X6400,Y1791.9,G111,,N334 ( WIRE 147 ) X6400 Y1791.9 G111
,,,335,146,6400,1796.7,( WIRE 146 ),X6400,Y1796.7,G111,,N335 ( WIRE 146 ) X6400 Y1796.7 G111
,,,336,145,6400,1801.5,( WIRE 145 ),X6400,Y1801.5,G111,,N336 ( WIRE 145 ) X6400 Y1801.5 G111
,,,337,144,6400,1806.3,( WIRE 144 ),X6400,Y1806.3,G111,,N337 ( WIRE 144 ) X6400 Y1806.3 G111
,,,338,143,6400,1811.1,( WIRE 143 ),X6400,Y1811.1,G111,,N338 ( WIRE 143 ) X6400 Y1811.1 G111
,,,339,142,6400,1815.9,( WIRE 142 ),X6400,Y1815.9,G111,,N339 ( WIRE 142 ) X6400 Y1815.9 G111
,,,340,141,6400,1820.7,( WIRE 141 ),X6400,Y1820.7,G111,,N340 ( WIRE 141 ) X6400 Y1820.7 G111
,,,341,140,6400,1825.5,( WIRE 140 ),X6400,Y1825.5,G111,,N341 ( WIRE 140 ) X6400 Y1825.5 G111
,,,342,139,6400,1830.3,( WIRE 139 ),X6400,Y1830.3,G111,,N342 ( WIRE 139 ) X6400 Y1830.3 G111
,,,343,138,6400,1835.1,( WIRE 138 ),X6400,Y1835.1,G111,,N343 ( WIRE 138 ) X6400 Y1835.1 G111
,,,344,137,6400,1839.8,( WIRE 137 ),X6400,Y1839.8,G111,,N344 ( WIRE 137 ) X6400 Y1839.8 G111
,,,345,136,6400,1844.6,( WIRE 136 ),X6400,Y1844.6,G111,,N345 ( WIRE 136 ) X6400 Y1844.6 G111
,,,346,135,6400,1849.4,( WIRE 135 ),X6400,Y1849.4,G111,,N346 ( WIRE 135 ) X6400 Y1849.4 G111
,,,347,134,6400,1854.2,( WIRE 134 ),X6400,Y1854.2,G111,,N347 ( WIRE 134 ) X6400 Y1854.2 G111
,,,348,133,6400,1859,( WIRE 133 ),X6400,Y1859,G111,,N348 ( WIRE 133 ) X6400 Y1859 G111
,,,349,132,6400,1863.8,( WIRE 132 ),X6400,Y1863.8,G111,,N349 ( WIRE 132 ) X6400 Y1863.8 G111
,,,350,131,6400,1868.6,( WIRE 131 ),X6400,Y1868.6,G111,,N350 ( WIRE 131 ) X6400 Y1868.6 G111
,,,351,130,6400,1873.4,( WIRE 130 ),X6400,Y1873.4,G111,,N351 ( WIRE 130 ) X6400 Y1873.4 G111
,,,352,129,6400,1878.2,( WIRE 129 ),X6400,Y1878.2,G111,,N352 ( WIRE 129 ) X6400 Y1878.2 G111
,,,353,128,6400,1883,( WIRE 128 ),X6400,Y1883,G111,,N353 ( WIRE 128 ) X6400 Y1883 G111
,,,354,127,6400,1887.8,( WIRE 127 ),X6400,Y1887.8,G111,,N354 ( WIRE 127 ) X6400 Y1887.8 G111
,,,355,126,6400,1892.6,( WIRE 126 ),X6400,Y1892.6,G111,,N355 ( WIRE 126 ) X6400 Y1892.6 G111
,,,356,125,6400,1897.3,( WIRE 125 ),X6400,Y1897.3,G111,,N356 ( WIRE 125 ) X6400 Y1897.3 G111
,,,357,124,6400,1902.1,( WIRE 124 ),X6400,Y1902.1,G111,,N357 ( WIRE 124 ) X6400 Y1902.1 G111
,,,358,123,6400,1906.9,( WIRE 123 ),X6400,Y1906.9,G111,,N358 ( WIRE 123 ) X6400 Y1906.9 G111
,,,359,122,6400,1911.7,( WIRE 122 ),X6400,Y1911.7,G111,,N359 ( WIRE 122 ) X6400 Y1911.7 G111
,,,360,121,6400,1916.5,( WIRE 121 ),X6400,Y1916.5,G111,,N360 ( WIRE 121 ) X6400 Y1916.5 G111
,,,361,120,6400,1921.3,( WIRE 120 ),X6400,Y1921.3,G111,,N361 ( WIRE 120 ) X6400 Y1921.3 G111
,,,362,119,6400,1926.1,( WIRE 119 ),X6400,Y1926.1,G111,,N362 ( WIRE 119 ) X6400 Y1926.1 G111
,,,363,118,6400,1930.9,( WIRE 118 ),X6400,Y1930.9,G111,,N363 ( WIRE 118 ) X6400 Y1930.9 G111
,,,364,117,6400,1935.7,( WIRE 117 ),X6400,Y1935.7,G111,,N364 ( WIRE 117 ) X6400 Y1935.7 G111
,,,365,116,6400,1940.5,( WIRE 116 ),X6400,Y1940.5,G111,,N365 ( WIRE 116 ) X6400 Y1940.5 G111
,,,366,115,6400,1945.3,( WIRE 115 ),X6400,Y1945.3,G111,,N366 ( WIRE 115 ) X6400 Y1945.3 G111
,,,367,114,6400,1950.1,( WIRE 114 ),X6400,Y1950.1,G111,,N367 ( WIRE 114 ) X6400 Y1950.1 G111
,,,368,113,6400,1954.8,( WIRE 113 ),X6400,Y1954.8,G111,,N368 ( WIRE 113 ) X6400 Y1954.8 G111
,,,369,112,6400,1959.6,( WIRE 112 ),X6400,Y1959.6,G111,,N369 ( WIRE 112 ) X6400 Y1959.6 G111
,,,370,111,6400,1964.4,( WIRE 111 ),X6400,Y1964.4,G111,,N370 ( WIRE 111 ) X6400 Y1964.4 G111
,,,371,110,6400,1969.2,( WIRE 110 ),X6400,Y1969.2,G111,,N371 ( WIRE 110 ) X6400 Y1969.2 G111
,,,372,109,6400,1974,( WIRE 109 ),X6400,Y1974,G111,,N372 ( WIRE 109 ) X6400 Y1974 G111
,,,373,108,6400,1978.8,( WIRE 108 ),X6400,Y1978.8,G111,,N373 ( WIRE 108 ) X6400 Y1978.8 G111
,,,374,107,6400,1983.6,( WIRE 107 ),X6400,Y1983.6,G111,,N374 ( WIRE 107 ) X6400 Y1983.6 G111
,,,375,106,6400,1988.4,( WIRE 106 ),X6400,Y1988.4,G111,,N375 ( WIRE 106 ) X6400 Y1988.4 G111
,,,376,105,6400,1993.2,( WIRE 105 ),X6400,Y1993.2,G111,,N376 ( WIRE 105 ) X6400 Y1993.2 G111
,,,377,104,6400,1998,( WIRE 104 ),X6400,Y1998,G111,,N377 ( WIRE 104 ) X6400 Y1998 G111
,,,378,103,6400,2002.8,( WIRE 103 ),X6400,Y2002.8,G111,,N378 ( WIRE 103 ) X6400 Y2002.8 G111
,,,379,102,6400,2007.6,( WIRE 102 ),X6400,Y2007.6,G111,,N379 ( WIRE 102 ) X6400 Y2007.6 G111
,,,380,101,6400,2012.3,( WIRE 101 ),X6400,Y2012.3,G111,,N380 ( WIRE 101 ) X6400 Y2012.3 G111
,,,381,100,6400,2017.1,( WIRE 100 ),X6400,Y2017.1,G111,,N381 ( WIRE 100 ) X6400 Y2017.1 G111
,,,382,99,6400,2021.9,( WIRE 99 ),X6400,Y2021.9,G111,,N382 ( WIRE 99 ) X6400 Y2021.9 G111
,,,383,98,6400,2026.7,( WIRE 98 ),X6400,Y2026.7,G111,,N383 ( WIRE 98 ) X6400 Y2026.7 G111
,,,384,97,6400,2031.5,( WIRE 97 ),X6400,Y2031.5,G111,,N384 ( WIRE 97 ) X6400 Y2031.5 G111
,,,385,96,6400,2036.3,( WIRE 96 ),X6400,Y2036.3,G111,,N385 ( WIRE 96 ) X6400 Y2036.3 G111
,,,386,95,6400,2041.1,( WIRE 95 ),X6400,Y2041.1,G111,,N386 ( WIRE 95 ) X6400 Y2041.1 G111
,,,387,94,6400,2045.9,( WIRE 94 ),X6400,Y2045.9,G111,,N387 ( WIRE 94 ) X6400 Y2045.9 G111
,,,388,93,6400,2050.7,( WIRE 93 ),X6400,Y2050.7,G111,,N388 ( WIRE 93 ) X6400 Y2050.7 G111
,,,389,92,6400,2055.5,( WIRE 92 ),X6400,Y2055.5,G111,,N389 ( WIRE 92 ) X6400 Y2055.5 G111
,,,390,91,6400,2060.3,( WIRE 91 ),X6400,Y2060.3,G111,,N390 ( WIRE 91 ) X6400 Y2060.3 G111
,,,391,90,6400,2065.1,( WIRE 90 ),X6400,Y2065.1,G111,,N391 ( WIRE 90 ) X6400 Y2065.1 G111
,,,392,89,6400,2069.8,( WIRE 89 ),X6400,Y2069.8,G111,,N392 ( WIRE 89 ) X6400 Y2069.8 G111
,,,393,88,6400,2074.6,( WIRE 88 ),X6400,Y2074.6,G111,,N393 ( WIRE 88 ) X6400 Y2074.6 G111
,,,394,87,6400,2079.4,( WIRE 87 ),X6400,Y2079.4,G111,,N394 ( WIRE 87 ) X6400 Y2079.4 G111
,,,395,86,6400,2084.2,( WIRE 86 ),X6400,Y2084.2,G111,,N395 ( WIRE 86 ) X6400 Y2084.2 G111
,,,396,85,6400,2089,( WIRE 85 ),X6400,Y2089,G111,,N396 ( WIRE 85 ) X6400 Y2089 G111
,,,397,84,6400,2093.8,( WIRE 84 ),X6400,Y2093.8,G111,,N397 ( WIRE 84 ) X6400 Y2093.8 G111
,,,398,83,6400,2098.6,( WIRE 83 ),X6400,Y2098.6,G111,,N398 ( WIRE 83 ) X6400 Y2098.6 G111
,,,399,82,6400,2103.4,( WIRE 82 ),X6400,Y2103.4,G111,,N399 ( WIRE 82 ) X6400 Y2103.4 G111
,,,400,81,6400,2108.2,( WIRE 81 ),X6400,Y2108.2,G111,,N400 ( WIRE 81 ) X6400 Y2108.2 G111
,,,401,80,6400,2113,( WIRE 80 ),X6400,Y2113,G111,,N401 ( WIRE 80 ) X6400 Y2113 G111
,,,402,79,6400,2117.8,( WIRE 79 ),X6400,Y2117.8,G111,,N402 ( WIRE 79 ) X6400 Y2117.8 G111
,,,403,78,6400,2122.6,( WIRE 78 ),X6400,Y2122.6,G111,,N403 ( WIRE 78 ) X6400 Y2122.6 G111
,,,404,77,6400,2127.3,( WIRE 77 ),X6400,Y2127.3,G111,,N404 ( WIRE 77 ) X6400 Y2127.3 G111
,,,405,76,6400,2132.1,( WIRE 76 ),X6400,Y2132.1,G111,,N405 ( WIRE 76 ) X6400 Y2132.1 G111
,,,406,75,6400,2136.9,( WIRE 75 ),X6400,Y2136.9,G111,,N406 ( WIRE 75 ) X6400 Y2136.9 G111
,,,407,74,6400,2141.7,( WIRE 74 ),X6400,Y2141.7,G111,,N407 ( WIRE 74 ) X6400 Y2141.7 G111
,,,408,73,6400,2146.5,( WIRE 73 ),X6400,Y2146.5,G111,,N408 ( WIRE 73 ) X6400 Y2146.5 G111
,,,409,72,6400,2151.3,( WIRE 72 ),X6400,Y2151.3,G111,,N409 ( WIRE 72 ) X6400 Y2151.3 G111
,,,410,71,6400,2156.1,( WIRE 71 ),X6400,Y2156.1,G111,,N410 ( WIRE 71 ) X6400 Y2156.1 G111
,,,411,70,6400,2160.9,( WIRE 70 ),X6400,Y2160.9,G111,,N411 ( WIRE 70 ) X6400 Y2160.9 G111
,,,412,69,6400,2165.7,( WIRE 69 ),X6400,Y2165.7,G111,,N412 ( WIRE 69 ) X6400 Y2165.7 G111
,,,413,68,6400,2170.5,( WIRE 68 ),X6400,Y2170.5,G111,,N413 ( WIRE 68 ) X6400 Y2170.5 G111
,,,414,67,6400,2175.3,( WIRE 67 ),X6400,Y2175.3,G111,,N414 ( WIRE 67 ) X6400 Y2175.3 G111
,,,415,66,6400,2180.1,( WIRE 66 ),X6400,Y2180.1,G111,,N415 ( WIRE 66 ) X6400 Y2180.1 G111
,,,416,65,6400,2184.8,( WIRE 65 ),X6400,Y2184.8,G111,,N416 ( WIRE 65 ) X6400 Y2184.8 G111
,,,417,64,6400,2189.6,( WIRE 64 ),X6400,Y2189.6,G111,,N417 ( WIRE 64 ) X6400 Y2189.6 G111
,,,418,63,6400,2194.4,( WIRE 63 ),X6400,Y2194.4,G111,,N418 ( WIRE 63 ) X6400 Y2194.4 G111
,,,419,62,6400,2199.2,( WIRE 62 ),X6400,Y2199.2,G111,,N419 ( WIRE 62 ) X6400 Y2199.2 G111
,,,420,61,6400,2204,( WIRE 61 ),X6400,Y2204,G111,,N420 ( WIRE 61 ) X6400 Y2204 G111
,,,421,60,6400,2208.8,( WIRE 60 ),X6400,Y2208.8,G111,,N421 ( WIRE 60 ) X6400 Y2208.8 G111
,,,422,59,6400,2213.6,( WIRE 59 ),X6400,Y2213.6,G111,,N422 ( WIRE 59 ) X6400 Y2213.6 G111
,,,423,58,6400,2218.4,( WIRE 58 ),X6400,Y2218.4,G111,,N423 ( WIRE 58 ) X6400 Y2218.4 G111
Z=105,,,424,57,6400,2223.2,( WIRE 57 ),X6400,Y2223.2,G111,,N424 ( WIRE 57 ) X6400 Y2223.2 G111
,,,425,56,6400,2228,( WIRE 56 ),X6400,Y2228,G111,,N425 ( WIRE 56 ) X6400 Y2228 G111
,,,426,55,6400,2232.8,( WIRE 55 ),X6400,Y2232.8,G111,,N426 ( WIRE 55 ) X6400 Y2232.8 G111
,,,427,54,6400,2237.6,( WIRE 54 ),X6400,Y2237.6,G111,,N427 ( WIRE 54 ) X6400 Y2237.6 G111
,,,428,53,6400,2242.3,( WIRE 53 ),X6400,Y2242.3,G111,,N428 ( WIRE 53 ) X6400 Y2242.3 G111
,,,429,52,6400,2247.1,( WIRE 52 ),X6400,Y2247.1,G111,,N429 ( WIRE 52 ) X6400 Y2247.1 G111
,,,430,51,6400,2251.9,( WIRE 51 ),X6400,Y2251.9,G111,,N430 ( WIRE 51 ) X6400 Y2251.9 G111
,,,431,50,6400,2256.7,( WIRE 50 ),X6400,Y2256.7,G111,,N431 ( WIRE 50 ) X6400 Y2256.7 G111
,,,432,49,6400,2261.5,( WIRE 49 ),X6400,Y2261.5,G111,,N432 ( WIRE 49 ) X6400 Y2261.5 G111
,,,433,48,6400,2266.3,( WIRE 48 ),X6400,Y2266.3,G111,,N433 ( WIRE 48 ) X6400 Y2266.3 G111
,,,434,47,6400,2271.1,( WIRE 47 ),X6400,Y2271.1,G111,,N434 ( WIRE 47 ) X6400 Y2271.1 G111
,,,435,46,6400,2275.9,( WIRE 46 ),X6400,Y2275.9,G111,,N435 ( WIRE 46 ) X6400 Y2275.9 G111
,,,436,45,6400,2280.7,( WIRE 45 ),X6400,Y2280.7,G111,,N436 ( WIRE 45 ) X6400 Y2280.7 G111
,,,437,44,6400,2285.5,( WIRE 44 ),X6400,Y2285.5,G111,,N437 ( WIRE 44 ) X6400 Y2285.5 G111
,,,438,43,6400,2290.3,( WIRE 43 ),X6400,Y2290.3,G111,,N438 ( WIRE 43 ) X6400 Y2290.3 G111
,,,439,42,6400,2295.1,( WIRE 42 ),X6400,Y2295.1,G111,,N439 ( WIRE 42 ) X6400 Y2295.1 G111
,,,440,41,6400,2299.8,( WIRE 41 ),X6400,Y2299.8,G111,,N440 ( WIRE 41 ) X6400 Y2299.8 G111
,,,441,40,6400,2304.6,( WIRE 40 ),X6400,Y2304.6,G111,,N441 ( WIRE 40 ) X6400 Y2304.6 G111
,,,442,39,6400,2309.4,( WIRE 39 ),X6400,Y2309.4,G111,,N442 ( WIRE 39 ) X6400 Y2309.4 G111
,,,443,38,6400,2314.2,( WIRE 38 ),X6400,Y2314.2,G111,,N443 ( WIRE 38 ) X6400 Y2314.2 G111
,,,444,37,6400,2319,( WIRE 37 ),X6400,Y2319,G111,,N444 ( WIRE 37 ) X6400 Y2319 G111
,,,445,36,6400,2323.8,( WIRE 36 ),X6400,Y2323.8,G111,,N445 ( WIRE 36 ) X6400 Y2323.8 G111
,,,446,35,6400,2328.6,( WIRE 35 ),X6400,Y2328.6,G111,,N446 ( WIRE 35 ) X6400 Y2328.6 G111
,,,447,34,6400,2333.4,( WIRE 34 ),X6400,Y2333.4,G111,,N447 ( WIRE 34 ) X6400 Y2333.4 G111
,,,448,33,6400,2338.2,( WIRE 33 ),X6400,Y2338.2,G111,,N448 ( WIRE 33 ) X6400 Y2338.2 G111
,,,449,32,6400,2343,( WIRE 32 ),X6400,Y2343,G111,,N449 ( WIRE 32 ) X6400 Y2343 G111
,,,450,31,6400,2347.8,( WIRE 31 ),X6400,Y2347.8,G111,,N450 ( WIRE 31 ) X6400 Y2347.8 G111
,,,451,30,6400,2352.6,( WIRE 30 ),X6400,Y2352.6,G111,,N451 ( WIRE 30 ) X6400 Y2352.6 G111
,,,452,29,6400,2357.3,( WIRE 29 ),X6400,Y2357.3,G111,,N452 ( WIRE 29 ) X6400 Y2357.3 G111
,,,453,28,6400,2362.1,( WIRE 28 ),X6400,Y2362.1,G111,,N453 ( WIRE 28 ) X6400 Y2362.1 G111
,,,454,27,6400,2366.9,( WIRE 27 ),X6400,Y2366.9,G111,,N454 ( WIRE 27 ) X6400 Y2366.9 G111
,,,455,26,6400,2371.7,( WIRE 26 ),X6400,Y2371.7,G111,,N455 ( WIRE 26 ) X6400 Y2371.7 G111
,,,456,25,6400,2376.5,( WIRE 25 ),X6400,Y2376.5,G111,,N456 ( WIRE 25 ) X6400 Y2376.5 G111
,,,457,24,6400,2381.3,( WIRE 24 ),X6400,Y2381.3,G111,,N457 ( WIRE 24 ) X6400 Y2381.3 G111
,,,458,23,6400,2386.1,( WIRE 23 ),X6400,Y2386.1,G111,,N458 ( WIRE 23 ) X6400 Y2386.1 G111
,,,459,22,6400,2390.9,( WIRE 22 ),X6400,Y2390.9,G111,,N459 ( WIRE 22 ) X6400 Y2390.9 G111
,,,460,21,6400,2395.7,( WIRE 21 ),X6400,Y2395.7,G111,,N460 ( WIRE 21 ) X6400 Y2395.7 G111
,,,461,20,6400,2400.5,( WIRE 20 ),X6400,Y2400.5,G111,,N461 ( WIRE 20 ) X6400 Y2400.5 G111
,,,462,19,6400,2405.3,( WIRE 19 ),X6400,Y2405.3,G111,,N462 ( WIRE 19 ) X6400 Y2405.3 G111
,,,463,18,6400,2410.1,( WIRE 18 ),X6400,Y2410.1,G111,,N463 ( WIRE 18 ) X6400 Y2410.1 G111
,,,464,17,6400,2414.8,( WIRE 17 ),X6400,Y2414.8,G111,,N464 ( WIRE 17 ) X6400 Y2414.8 G111
,,,465,16,6400,2419.6,( WIRE 16 ),X6400,Y2419.6,G111,,N465 ( WIRE 16 ) X6400 Y2419.6 G111
,,,466,15,6400,2424.4,( WIRE 15 ),X6400,Y2424.4,G111,,N466 ( WIRE 15 ) X6400 Y2424.4 G111
,,,467,14,6400,2429.2,( WIRE 14 ),X6400,Y2429.2,G111,,N467 ( WIRE 14 ) X6400 Y2429.2 G111
,,,468,13,6400,2434,( WIRE 13 ),X6400,Y2434,G111,,N468 ( WIRE 13 ) X6400 Y2434 G111
,,,469,12,6400,2438.8,( WIRE 12 ),X6400,Y2438.8,G111,,N469 ( WIRE 12 ) X6400 Y2438.8 G111
,,,470,11,6400,2443.6,( WIRE 11 ),X6400,Y2443.6,G111,,N470 ( WIRE 11 ) X6400 Y2443.6 G111
,,,471,10,6400,2448.4,( WIRE 10 ),X6400,Y2448.4,G111,,N471 ( WIRE 10 ) X6400 Y2448.4 G111
,,,472,9,6400,2453.2,( WIRE 9 ),X6400,Y2453.2,G111,,N472 ( WIRE 9 ) X6400 Y2453.2 G111
,,,473,8,6400,2458,( WIRE 8 ),X6400,Y2458,G111,,N473 ( WIRE 8 ) X6400 Y2458 G111
,,,474,7,6400,2462.8,( WIRE 7 ),X6400,Y2462.8,G111,,N474 ( WIRE 7 ) X6400 Y2462.8 G111
,,,475,6,6400,2467.6,( WIRE 6 ),X6400,Y2467.6,G111,,N475 ( WIRE 6 ) X6400 Y2467.6 G111
,,,476,5,6400,2472.3,( WIRE 5 ),X6400,Y2472.3,G111,,N476 ( WIRE 5 ) X6400 Y2472.3 G111
,,,477,4,6400,2477.1,( WIRE 4 ),X6400,Y2477.1,G111,,N477 ( WIRE 4 ) X6400 Y2477.1 G111
,,,478,3,6400,2481.9,( WIRE 3 ),X6400,Y2481.9,G111,,N478 ( WIRE 3 ) X6400 Y2481.9 G111
,,,479,2,6400,2486.7,( WIRE 2 ),X6400,Y2486.7,G111,,N479 ( WIRE 2 ) X6400 Y2486.7 G111
,,,480,1,6400,2491.5,( WIRE 1 ),X6400,Y2491.5,G111,,N480 ( WIRE 1 ) X6400 Y2491.5 G111
,,,,,,,,,,,,
,,,,,,,,,,,,
,,,,,,,,,,,,
,,,,,,,,,,,,
,,,,,,,,,,,,
,,,,,,,,,,,,
,,,,,,,,,,,,
,,,,,,,,,,,,
,,,,,,,,,,,,
,,,,,,,,,,,,
,,,,,,,,,,,,
,,,,,,,,,,,,
,,,,,,,,,,,,
,,,,,,,,,,,,
,,,,,,,,,,,,
,,,,,,,,,,,,
,,,,,,,,,,,,
,,,,,,,,,,,,
,,,,,,,,,,,,
,,,,,,,,,,,,
,,,,,,,,,,,,
,,,,,,,,,,,,
,,,,,,,,,,,,
,,,,,,,,,,,,
,,,,,,,,,,,,
,,,,,,,,,,,,
,,,,,,,,,,,,
,,,,,,,,,,,,
,,,,,,,,,,,,
,,,,,,,,,,,,
,,,,,,,,,,,,
,,,,,,,,,,,,
,,,,,,,,,,,,
,,,,,,,,,,,,
,,,,,,,,,,,,
,,,,,,,,,,,,
,,,,,,,,,,,,
,,,,,,,,,,,,
,,,,,,,,,,,,
,,,,,,,,,,,,
,,,,,,,,,,,,
,,,,,,,,,,,,
,,,,,,,,,,,,
,,,,,,,,,,,,
,,,,,,,,,,,,
,,,,,,,,,,,,
,,,,,,,,,,,,
,,,,,,,,,,,,
,,,,,,,,,,,,
,,,,,,,,,,,,
,,,,,,,,,,,,
,,,,,,,,,,,,
,,,,,,,,,,,,
,,,,,,,,,,,,
,,,,,,,,,,,,
,,,,,,,,,,,,
,,,,,,,,,,,,
,,,,,,,,,,,,
,,,,,,,,,,,,
,,,,,,,,,,,,
,,,,,,,,,,,,
,,,,,,,,,,,,
,,,,,,,,,,,,
,,,,,,,,,,,,
,,,,,,,,,,,,
,,,,,,,,,,,,
,,,,,,,,,,,,
,,,,,,,,,,,,
,,,,,,,,,,,,
,,,,,,,,,,,,
,,,,,,,,,,,,
,,,,,,,,,,,,
,,,,,,,,,,,,
,,,,,,,,,,,,
,,,,,,,,,,,,
,,,,,,,,,,,,
,,,,,,,,,,,,
,,,,,,,,,,,,
,,,,,,,,,,,,
,,,,,,,,,,,,
,,,,,,,,,,,,
,,,,,,,,,,,,
,,,,,,,,,,,,
,,,,,,,,,,,,
,,,,,,,,,,,,
,,,,,,,,,,,,
,,,,,,,,,,,,
,,,,,,,,,,,,
,,,,,,,,,,,,
,,,,,,,,,,,,
,,,,,,,,,,,,
,,,,,,,,,,,,
,,,,,,,,,,,,
,,,,,,,,,,,,
,,,,,,,,,,,,
,,,,,,,,,,,,
,,,,,,,,,,,,
,,,,,,,,,,,,
,,,,,,,,,,,,
,,,,,,,,,,,,
,,,,,,,,,,,,
,,,,,,,,,,,,
,,,,,,,,,,,,
,,,,,,,,,,,,
,,,,,,,,,,,,
,,,,,,,,,,,,
,,,,,,,,,,,,
,,,,,,,,,,,,
,,,,,,,,,,,,
,,,,,,,,,,,,
,,,,,,,,,,,,
,,,,,,,,,,,,
,,,,,,,,,,,,
,,,,,,,,,,,,
,,,,,,,,,,,,
,,,,,,,,,,,,
,,,,,,,,,,,,
,,,,,,,,,,,,
,,,,,,,,,,,,
,,,,,,,,,,,,
,,,,,,,,,,,,
,,,,,,,,,,,,
,,,,,,,,,,,,
,,,,,,,,,,,,
,,,,,,,,,,,,
,,,,,,,,,,,,
,,,,,,,,,,,,
,,,,,,,,,,,,
,,,,,,,,,,,,
,,,,,,,,,,,,
,,,,,,,,,,,,
,,,,,,,,,,,,
,,,,,,,,,,,,
,,,,,,,,,,,,
,,,,,,,,,,,,
,,,,,,,,,,,,
,,,,,,,,,,,,
,,,,,,,,,,,,
,,,,,,,,,,,,
,,,,,,,,,,,,
,,,,,,,,,,,,
,,,,,,,,,,,,
,,,,,,,,,,,,
,,,,,,,,,,,,
,,,,,,,,,,,,
,,,,,,,,,,,,
,,,,,,,,,,,,
,,,,,,,,,,,,
,,,,,,,,,,,,
,,,,,,,,,,,,
,,,,,,,,,,,,
,,,,,,,,,,,,
,,,,,,,,,,,,
,,,,,,,,,,,,
,,,,,,,,,,,,
,,,,,,,,,,,,
,,,,,,,,,,,,
,,,,,,,,,,,,
,,,,,,,,,,,,
,,,,,,,,,,,,
,,,,,,,,,,,,
,,,,,,,,,,,,
,,,,,,,,,,,,
,,,,,,,,,,,,
,,,,,,,,,,,,
,,,,,,,,,,,,
,,,,,,,,,,,,
,,,,,,,,,,,,
,,,,,,,,,,,,
,,,,,,,,,,,,
,,,,,,,,,,,,
,,,,,,,,,,,,
,,,,,,,,,,,,
,,,,,,,,,,,,
,,,,,,,,,,,,
,,,,,,,,,,,,
,,,,,,,,,,,,
,,,,,,,,,,,,
,,,,,,,,,,,,
,,,,,,,,,,,,
,,,,,,,,,,,,
,,,,,,,,,,,,
,,,,,,,,,,,,
,,,,,,,,,,,,
,,,,,,,,,,,,
,,,,,,,,,,,,
,,,,,,,,,,,,
,,,,,,,,,,,,
,,,,,,,,,,,,
,,,,,,,,,,,,
,,,,,,,,,,,,
,,,,,,,,,,,,
,,,,,,,,,,,,
,,,,,,,,,,,,
,,,,,,,,,,,,
,,,,,,,,,,,,
,,,,,,,,,,,,
,,,,,,,,,,,,
,,,,,,,,,,,,
,,,,,,,,,,,,
,,,,,,,,,,,,
,,,,,,,,,,,,
,,,,,,,,,,,,
,,,,,,,,,,,,
,,,,,,,,,,,,
,,,,,,,,,,,,
,,,,,,,,,,,,
,,,,,,,,,,,,
,,,,,,,,,,,,
,,,,,,,,,,,,
,,,,,,,,,,,,
,,,,,,,,,,,,
,,,,,,,,,,,,
,,,,,,,,,,,,
,,,,,,,,,,,,
,,,,,,,,,,,,
,,,,,,,,,,,,
,,,,,,,,,,,,
,,,,,,,,,,,,
,,,,,,,,,,,,
,,,,,,,,,,,,
,,,,,,,,,,,,
,,,,,,,,,,,,
,,,,,,,,,,,,
,,,,,,,,,,,,
,,,,,,,,,,,,
,,,,,,,,,,,,
,,,,,,,,,,,,
,,,,,,,,,,,,
,,,,,,,,,,,,
,,,,,,,,,,,,
,,,,,,,,,,,,
,,,,,,,,,,,,
,,,,,,,,,,,,
,,,,,,,,,,,,
,,,,,,,,,,,,
,,,,,,,,,,,,
,,,,,,,,,,,,
,,,,,,,,,,,,
,,,,,,,,,,,,
,,,,,,,,,,,,
,,,,,,,,,,,,
,,,,,,,,,,,,
,,,,,,,,,,,,
,,,,,,,,,,,,
,,,,,,,,,,,,
,,,,,,,,,,,,
,,,,,,,,,,,,
,,,,,,,,,,,,
,,,,,,,,,,,,
,,,,,,,,,,,,
,,,,,,,,,,,,
,,,,,,,,,,,,
,,,,,,,,,,,,
,,,,,,,,,,,,
,,,,,,,,,,,,
,,,,,,,,,,,,
,,,,,,,,,,,,
,,,,,,,,,,,,
,,,,,,,,,,,,
,,,,,,,,,,,,
,,,,,,,,,,,,
,,,,,,,,,,,,
,,,,,,,,,,,,
,,,,,,,,,,,,
,,,,,,,,,,,,
,,,,,,,,,,,,
,,,,,,,,,,,,
,,,,,,,,,,,,
,,,,,,,,,,,,
,,,,,,,,,,,,
,,,,,,,,,,,,
,,,,,,,,,,,,
,,,,,,,,,,,,
,,,,,,,,,,,,
,,,,,,,,,,,,
,,,,,,,,,,,,
,,,,,,,,,,,,
,,,,,,,,,,,,
,,,,,,,,,,,,
,,,,,,,,,,,,
,,,,,,,,,,,,
,,,,,,,,,,,,
,,,,,,,,,,,,
,,,,,,,,,,,,
,,,,,,,,,,,,
,,,,,,,,,,,,
,,,,,,,,,,,,
,,,,,,,,,,,,
,,,,,,,,,,,,
,,,,,,,,,,,,
,,,,,,,,,,,,
,,,,,,,,,,,,
,,,,,,,,,,,,
,,,,,,,,,,,,
,,,,,,,,,,,,
,,,,,,,,,,,,
,,,,,,,,,,,,
,,,,,,,,,,,,
,,,,,,,,,,,,
,,,,,,,,,,,,
,,,,,,,,,,,,
,,,,,,,,,,,,
,,,,,,,,,,,,
,,,,,,,,,,,,
,,,,,,,,,,,,
,,,,,,,,,,,,
,,,,,,,,,,,,
,,,,,,,,,,,,
,,,,,,,,,,,,
,,,,,,,,,,,,
,,,,,,,,,,,,
,,,,,,,,,,,,
,,,,,,,,,,,,
,,,,,,,,,,,,
,,,,,,,,,,,,
,,,,,,,,,,,,
,,,,,,,,,,,,
,,,,,,,,,,,,
,,,,,,,,,,,,
,,,,,,,,,,,,
,,,,,,,,,,,,
,,,,,,,,,,,,
,,,,,,,,,,,,
,,,,,,,,,,,,
,,,,,,,,,,,,
,,,,,,,,,,,,
,,,,,,,,,,,,
,,,,,,,,,,,,
,,,,,,,,,,,,
,,,,,,,,,,,,
,,,,,,,,,,,,
,,,,,,,,,,,,
,,,,,,,,,,,,
,,,,,,,,,,,,
,,,,,,,,,,,,
,,,,,,,,,,,,
,,,,,,,,,,,,
,,,,,,,,,,,,
,,,,,,,,,,,,
,,,,,,,,,,,,
,,,,,,,,,,,,
,,,,,,,,,,,,
,,,,,,,,,,,,
,,,,,,,,,,,,
,,,,,,,,,,,,
,,,,,,,,,,,,
,,,,,,,,,,,,
,,,,,,,,,,,,
,,,,,,,,,,,,
,,,,,,,,,,,,
,,,,,,,,,,,,
,,,,,,,,,,,,
,,,,,,,,,,,,
,,,,,,,,,,,,
,,,,,,,,,,,,
,,,,,,,,,,,,
,,,,,,,,,,,,
,,,,,,,,,,,,
,,,,,,,,,,,,
,,,,,,,,,,,,
,,,,,,,,,,,,
,,,,,,,,,,,,
,,,,,,,,,,,,
,,,,,,,,,,,,
,,,,,,,,,,,,
,,,,,,,,,,,,
,,,,,,,,,,,,
,,,,,,,,,,,,
,,,,,,,,,,,,
,,,,,,,,,,,,
,,,,,,,,,,,,
,,,,,,,,,,,,
,,,,,,,,,,,,
,,,,,,,,,,,,
,,,,,,,,,,,,
,,,,,,,,,,,,
,,,,,,,,,,,,
,,,,,,,,,,,,
,,,,,,,,,,,,
,,,,,,,,,,,,
,,,,,,,,,,,,
,,,,,,,,,,,,
,,,,,,,,,,,,
,,,,,,,,,,,,
,,,,,,,,,,,,
,,,,,,,,,,,,
,,,,,,,,,,,,
,,,,,,,,,,,,
,,,,,,,,,,,,
,,,,,,,,,,,,
,,,,,,,,,,,,
,,,,,,,,,,,,
,,,,,,,,,,,,
,,,,,,,,,,,,
,,,,,,,,,,,,
,,,,,,,,,,,,
,,,,,,,,,,,,
,,,,,,,,,,,,
,,,,,,,,,,,,
,,,,,,,,,,,,
,,,,,,,,,,,,
,,,,,,,,,,,,
,,,,,,,,,,,,
,,,,,,,,,,,,
,,,,,,,,,,,,
,,,,,,,,,,,,
,,,,,,,,,,,,
,,,,,,,,,,,,
,,,,,,,,,,,,
,,,,,,,,,,,,
,,,,,,,,,,,,
,,,,,,,,,,,,
,,,,,,,,,,,,
,,,,,,,,,,,,
,,,,,,,,,,,,
,,,,,,,,,,,,
,,,,,,,,,,,,
,,,,,,,,,,,,
,,,,,,,,,,,,
,,,,,,,,,,,,
,,,,,,,,,,,,
,,,,,,,,,,,,
,,,,,,,,,,,,
,,,,,,,,,,,,
