wire_number,A,B
1,6.248736296170636,6.473017300444336
2,6.228370679644534,6.929317476031493
3,6.337122557780215,6.770484183129471
4,6.909327476431522,6.973951022418544
5,7.93857937729155,6.021542133646583
6,6.88904792713742,6.787598635765659
7,6.992830234152896,7.367168034182668
8,7.019640467874282,6.517659454292114
9,7.113114428247942,7.036484769263869
10,7.332550095227938,6.481957849249446
11,6.805139589271863,7.287342007737236
12,6.875625995494661,6.989603616819476
13,6.586250653547409,6.680976818692794
14,7.31510529360561,6.313074461056869
15,7.328752651352324,6.322129042635961
16,7.249847276792351,7.247212592262615
17,7.265578232526009,6.827471786492358
18,6.425886679258647,6.701025871185659
19,7.431118478237482,7.355163567717728
20,7.354245170781772,7.37128070147012
21,6.47290206949827,7.5923439788549825
22,6.986155166834661,7.33317794597507
23,7.1142220453493366,7.320678113112102
24,6.618935433721068,7.098824174516752
25,6.722790768193202,7.055192354148026
26,7.30003435569051,7.5935510312527414
27,7.223564282077626,6.599369744281757
28,7.051369675771378,7.486006916288915
29,6.809212335711457,6.727013149089705
30,7.131613738888207,6.991111483941849
31,7.265578615731727,6.993390379898319
32,6.988307398581203,6.689091890951986
33,7.683784124001011,6.721461147906065
34,6.927866170860335,6.353232062060166
35,6.731143555796247,6.7262921205175425
36,6.691332345897561,6.84030596849858
37,6.4382384254014235,6.1785852880619
38,6.542595992053947,6.062864889917348
39,6.710101019098298,6.270030156831997
40,6.968904789826357,6.576283234184916
41,7.480119145738805,7.103575372186969
42,6.690537024046763,6.897844598173705
43,7.069024045320682,6.951414854708914
44,7.363198434810662,6.784871765750939
45,7.069587532088126,6.9967256616639135
46,7.030636630203995,6.755653893013057
47,6.9280470788906525,6.991111483941849
48,6.948559258850996,7.382502736547829
49,7.1394543993837445,6.727011866803671
50,7.489157458337485,6.791975162949461
51,6.727011837221521,6.731051107080241
52,7.438229393814985,6.727029446104382
53,6.9457398491566265,6.9363256141089735
54,6.917501155021745,6.788165065931177
55,7.4663410676681865,6.1462366572559635
56,7.739346418272059,7.26559109161692
57,7.3835963354145004,6.47714467133981
58,6.913908015981931,6.811529391105413
59,6.7601190279467955,7.089034728187214
60,7.266706168647317,6.8821561067804415
61,7.0474454821096755,7.048436065798839
62,7.141782624387038,6.7233825820519195
63,7.6414205723221595,6.913070708407232
64,7.129752584622121,6.727029009341964
65,6.970364376504479,6.967192233938303
66,6.708650257475032,6.690410769819613
67,6.727199617300077,6.29928464065249
68,7.596047015824694,6.637077576169544
69,7.117748918559339,6.627543035978455
70,7.55051371952246,6.953432009367561
71,7.551861689720697,6.727014923035432
72,7.666969716747717,7.116796861373427
73,7.450500478265876,6.772625498235588
74,7.489611667467695,6.169630183683931
75,6.727011837221521,6.654218133427841
76,6.651768103429521,6.457158790481065
77,6.991110947725219,6.081037848911258
78,7.568542142977369,6.727012258014287
79,7.520686627861903,6.94561215133633
80,7.672149381280651,6.536363595184361
81,7.6143467278374555,7.368726234575649
82,7.546008921661664,6.752872371905071
83,6.902531207124145,7.0291837556660095
84,6.969162761344488,6.818576319532005
85,6.599327589881446,6.877284172462206
86,7.018970252429783,6.766769169912808
87,6.4945882355745645,7.400583018416267
88,7.4419319485311615,7.39015659728644
89,7.174948460950515,6.727012847124179
90,7.092971981159843,7.717273259223199
91,7.592131509244827,7.5506407746212245
92,7.663506653691371,7.443119954306887
93,6.842937718295516,7.774085240310928
94,7.077409836367522,7.610625645836049
95,7.520543724881063,7.5030014155214735
96,6.744350188692491,7.634887859710584
97,7.365058705529885,6.822033796284678
98,7.029994807615959,6.991585979241951
99,7.052948722646002,6.751246248167769
100,6.991107623559636,6.624104333334868
101,6.643631582195601,6.917196294946376
102,7.032250410510662,6.770364811752693
103,7.429762826401621,6.780467612495045
104,6.58191363472564,6.751026841909844
105,6.657252825179944,6.990919182656464
106,6.690410227784304,6.717816150536839
107,6.862579394231345,7.06348373389469
108,7.813366069149297,6.876411289122018
109,6.727452312296364,7.179402166647809
110,6.6360404528031465,7.559293199459574
111,6.683700043613745,6.722196750927483
112,7.223918822062817,6.825316180481076
113,7.733350150934307,6.761150825925681
114,7.0382468088051,6.934098053481166
115,6.991105371409836,6.727011837221521
116,7.265575268302916,6.781711892711905
117,7.325474619037938,6.723477642371835
118,6.643427142428138,7.1616542215908545
119,7.210026879255193,6.799477218699437
120,7.550817760978439,6.991110988972651
121,7.6485784865731095,6.888080144701115
122,7.155218940384703,7.197898978491255
123,7.705637206450014,6.942311168864893
124,7.265578232526009,7.299616631903728
125,7.265575605131034,6.95453599404747
126,7.297447411478634,6.993539826714386
127,6.472894884552661,6.865224569002347
128,7.417999305242383,6.960332282962255
129,7.316981997915463,6.99316841926041
130,7.278789700989119,7.26561430418054
131,7.200098123846332,6.946238043786257
132,7.159467826065123,7.319454833332028
133,7.270859644912769,7.037309587090798
134,7.765834747257856,6.956972435504427
135,7.363039529838694,7.117841996816716
136,6.727011837221521,6.925193174899821
137,7.339025370904982,6.856167812519925
138,7.152783650154883,7.037534694601542
139,7.4972628759110505,6.967801680587345
140,7.683808594590522,7.019511889451648
141,7.2647963214488325,7.032441335761132
142,7.484185711973854,7.1443438890066
143,7.09036823932115,7.1721954308099845
144,7.025518924672024,6.939443718258121
145,6.526807234717213,6.896929273056311
146,7.389452208327392,6.727752783499744
147,6.954212098495627,7.550832149581925
148,7.167139165167968,6.973974326867694
149,7.305917387983162,6.598499711891905
150,7.315039687403907,7.12624631790559
151,7.253913132348223,7.072026941915396
152,7.675895843241839,6.835304103723521
153,6.607381722626958,6.991111483941849
154,7.538767845623481,7.08060574881385
155,7.186996180939429,7.04536219276795
156,6.949182129205599,6.852857195947264
157,6.636042512639705,6.854255800378097
158,7.1547705057917925,6.9907905083287725
159,7.47097247926613,7.146116091579085
160,6.809961093314977,7.287031525882169
161,6.493258490127669,6.974789791732304
162,7.239330380741709,6.60233242536872
163,7.526867569137699,6.991110840481896
164,6.789709415758551,6.9904085215978045
165,6.636049319058432,6.953622137093765
166,6.460594742035029,6.990554365951839
167,7.025995583698745,6.73847036081054
168,6.455793500963378,6.913858439272484
169,7.423135206258318,6.977373107735673
170,7.038085039124405,6.926485273205497
171,7.009042816932568,6.727011837221521
172,6.726851245629646,6.808584973939846
173,7.098672387863147,6.8137989679681175
174,6.596334519451977,6.9648505005357055
175,6.934452345917935,7.090522689581693
176,7.013418013152188,7.08640281159568
177,7.07171801420887,7.0411825360697415
178,6.991111483941849,7.428830579284146
179,6.691534959951509,7.175434962421851
180,7.450935993866807,7.293813749003285
181,7.0130539217094,7.169313828131604
182,7.592571108132603,7.317825002561671
183,7.528059395651012,7.628501650852541
184,7.411743554087927,7.097425000703229
185,7.143764516784305,7.544603113794677
186,6.58430353725747,7.411439600680967
187,6.713802781046248,7.388503121339912
188,7.358202937495276,7.284094235870803
189,6.990225756730558,7.787008783955555
190,7.379217834985957,6.9602324218936
191,6.484717819969226,6.727640376018514
192,6.726822190071318,6.933737677273303
193,6.600707055337029,6.990762732995564
194,7.508516551764034,6.829097985201744
195,7.1176989235820205,7.226597485623109
196,6.416234507278392,7.285178895929255
197,7.6736273834025415,6.988474767868201
198,6.840032248748137,6.731273178799137
199,6.71297935229797,6.881069411538492
200,6.325050428216603,6.98865897265783
201,6.96783546096011,6.8921512851572215
202,6.881474696162235,6.905141645137109
203,6.800018709138705,7.059752779909537
204,7.030316052060223,6.991111483941849
205,6.88893293513503,6.923066063075322
206,6.869613249843102,6.984194842638288
207,7.577726483216248,7.011765418726826
208,7.506174387869016,6.990989594770493
209,7.085697945574917,7.64831389323417
210,7.321191240384756,6.993562729713709
211,6.98723613867675,6.934091919815843
212,7.023057554326837,7.240968584551686
213,6.400790930641066,7.265577137037704
214,6.9466782591781415,7.042080029805433
215,7.159294681534492,7.049480921535941
216,7.0749037822958405,7.186169467874012
217,7.040051650111108,7.13814359945609
218,7.656056031542014,7.25082229985534
219,6.9911088028589035,7.241334488957237
220,7.55465877973559,6.970177317169384
221,7.182433304936961,6.909174824563912
222,6.581732130020048,7.030000614839194
223,7.26957792600911,7.006028952110185
224,7.241825977523899,7.0635859258131095
225,7.32772119718413,6.988598940054835
226,7.448775857160542,7.155156876522862
227,7.061431875136154,6.956803014285126
228,7.196385501031838,7.0033298166604725
229,7.005992908319364,7.019745112326956
230,7.53662115610346,6.931971563427226
231,7.489981634648827,6.97548222125832
232,7.244830747890458,7.650415895075139
233,7.033686012067427,6.912093639683064
234,6.812212688885126,7.0732601745309935
235,7.290626049046894,7.291451305609051
236,7.007924139053617,6.645819499014479
237,7.460499165244453,7.113594319071594
238,7.290845530951408,7.572515513510525
239,7.520476044241973,7.263286925035418
240,7.627452358279424,6.99096406089066
241,6.893110463376503,6.733014161181998
242,7.302406560875099,7.07351605940849
243,7.0097583203623,7.278637322051206
244,6.439879737829934,6.9828999462657375
245,6.90081866009437,6.95927861676073
246,6.442641372796018,7.180995491966844
247,6.9337681073521455,6.923254951984122
248,6.774846166683403,6.9991180493276115
249,6.798524778975305,6.956031144270233
250,6.7592568591652995,6.8809474367102865
251,6.656213767858674,7.65601265704072
252,6.779926526181233,6.698571183613746
253,6.7270260823504255,6.662046598525752
254,6.913958476572197,6.909313389385278
255,7.165571294856904,6.79923106993047
256,7.532544257412988,7.030551390166044
257,7.262349090757071,6.438971145644814
258,7.018657233691684,6.7638941227264295
259,6.9184158550821815,7.03864836112428
260,6.771689885750469,7.180976730416939
261,7.4415298070556055,7.168703756379312
262,6.4068975242905255,7.346883169963108
263,6.113199393795961,7.404559628340294
264,6.2068099563809955,6.599847384476674
265,6.272831335376973,6.976482636507435
266,6.175301269659598,6.772344757014073
267,6.502792770195833,7.265579342627935
268,6.823251700203337,7.285769763287969
269,6.720581477294469,7.2131964741875105
270,6.606533702371907,6.894301795564024
271,6.144795779728466,7.069376406790509
272,6.4523529685096035,6.558699771299742
273,6.724210993884147,6.747147055184496
274,6.691096674030322,6.628701512661445
275,6.472894884552661,6.991109339075453
276,6.7590432192105645,7.0494810138417305
277,6.429544353082622,7.025153892950388
278,6.902443842760604,6.959165242293742
279,6.727069712790862,6.727151282190332
280,6.7954832471170885,7.0711975123713335
281,6.991111483941849,6.793157206822348
282,6.686762435033325,6.867091398607254
283,6.848019002047606,6.228371677433529
284,6.902358584929753,6.727012847124179
285,6.587998408643365,6.7493705785292555
286,6.940998526238567,6.618974499770364
287,6.798132392192433,6.792624682065338
288,6.8860286964505555,6.727014361978305
289,6.870816836184411,6.6709611041526
290,6.791190812487199,6.523257930145626
291,6.788825415796638,6.72674782241317
292,6.613682182821463,6.966890554062033
293,6.486278051487737,7.242136211210959
294,6.953530516627925,7.098588795544854
295,6.924553875771633,6.935571676525624
296,6.652432322657894,7.265609344245895
297,6.701813133724176,6.672421908830915
298,6.992829182022513,7.197781858983228
299,6.648674214861792,7.85751551169982
300,6.982064358620767,6.90153611521035
301,6.967188631677887,6.824941472383466
302,7.039495930298685,7.333088320367474
303,6.896524772387798,6.950454458634019
304,7.0839333324508775,6.970393684624273
305,6.915472470328507,6.8679090731108055
306,6.948268438398294,7.260729712978784
307,7.4303684692043594,7.06668908683226
308,7.173430996733569,7.274817871821105
309,6.852939283164217,6.915640783358796
310,6.727006145997159,6.581432362863448
311,6.247673465996839,6.833308547319316
312,6.18707940084705,6.762472057445537
313,6.689355190817542,7.728304076402447
314,7.014147357285346,7.17557446698712
315,6.999287762635868,7.088697705258172
316,7.008356101848701,6.988072252422361
317,6.233512591497195,7.0592327524964515
318,7.2655384988745615,6.672732207626066
319,6.785929151028929,6.91733406770452
320,6.874360396047199,6.869741494192277
321,6.551907379318421,7.100913693371816
322,6.760849333948211,7.202762431568881
323,6.991111483941849,6.808261447839572
324,7.486884728476803,7.129307193998246
325,7.008940268331957,6.68759895451471
326,6.882303512200048,7.339638239652531
327,6.865138321729375,6.417994819228813
328,7.1251328447180935,6.991524492347476
329,6.991045465158677,7.1155140246241855
330,7.647082372722344,7.503784301915453
331,6.778899875141543,7.38223615448434
332,6.770182069965551,6.990603674556254
333,6.704946947270032,7.904684288764956
334,6.991111483941849,7.768901597515921
335,7.265678303897133,7.483614533990753
336,6.727823128219387,7.274759125369338
337,6.664037721463803,6.979684018734709
338,6.846605390729678,7.091336755739592
339,7.231364528085847,7.208933889482524
340,7.2656239609011095,7.10432164543076
341,7.10587303532297,6.96633429860559
342,6.632772457715319,7.134119551121743
343,7.0090176766547945,7.327749057179943
344,7.265583612990106,6.121161741934094
345,7.56382264935571,6.727012398278543
346,7.265521444170507,6.762827077035384
347,6.472894775872256,6.653352100326736
348,6.967585106111502,7.192020783948024
349,6.68162909252382,7.138295664878853
350,7.299269332878954,7.037284944622197
351,7.243313386133297,7.324241190516617
352,7.2655781685293315,7.2752259983256815
353,7.852310126481845,6.665445717786248
354,6.737085986182652,6.970591440449975
355,6.823910436832475,6.952783854587032
356,7.739990604138915,6.672420586687079
357,7.124386147535959,6.773235265189855
358,6.472976629516889,6.825583021631828
359,6.92221329306587,6.974310456003938
360,7.692311933903203,6.995161510842596
361,7.219526968213859,6.396958859711965
362,6.683573173668842,6.727011837221521
363,6.941697837644774,6.458316226900365
364,6.727011837221521,6.629462380735836
365,7.6907183814829905,6.822885284783331
366,6.756404076018214,6.74728067905089
367,7.26070327861843,6.724311023241364
368,7.219528381318634,6.8889850382019215
369,7.17230086503671,6.858427688719279
370,7.39058511349323,6.912464645027
371,7.543687148843024,6.751490121602734
372,7.315142877628336,7.376935833418131
373,7.298067798931238,6.933688477070754
374,7.265545652418653,7.159383308365305
375,7.550815978668696,6.708698012676406
376,7.322248612163682,6.991111483941849
377,6.991659393098589,7.191701775473336
378,6.73983288146396,6.990649132067914
379,6.680620160968192,6.921911788574238
380,7.264460304225701,6.951645751957217
381,7.2954161533285875,6.726940062191161
382,7.2659302263719825,7.847257278233739
383,6.83746257048631,8.066691249387494
384,7.217414859715838,7.007855939451554
385,7.265579569828324,7.736208266543284
386,7.511207753503011,7.847237995249383
387,6.972431394122575,8.355212708151923
388,6.944527261151197,7.021411563217496
389,6.748293183535207,6.91159026679054
390,6.974704881623182,7.679465820941952
391,7.598529403013726,6.836225049287799
392,6.8599328956090755,7.98897813524372
393,6.732520975007887,7.751955831271067
394,6.6856312234210895,6.615908783536948
395,7.550796476842871,7.337013416296436
396,7.083074171684308,7.545665608331065
397,7.518368244800141,6.937904416417478
398,6.941798259640399,7.331357999810953
399,6.915987839266276,7.402076727926664
400,7.3309652215811,7.391636672439269
401,6.766447981726593,7.140171463586577
402,6.958483789982928,6.978479841220296
403,7.2570404419293295,7.164767235605061
404,6.7162260742155215,7.414589089330517
405,7.669408444702609,7.609100975902144
406,6.4254393441959206,6.078845507893935
407,6.991111379640105,7.518849901660075
408,7.097125678607011,7.84958212271871
409,6.970177480961808,7.729859644842465
410,7.559729529620529,7.983993143662453
411,6.9412103061865436,7.878842378079108
412,6.7078642141334015,7.892506275395276
413,6.778458338665659,6.73702136597174
414,7.764326436169073,7.430342823921889
415,7.449814669777857,7.721306462754412
416,7.4440347903122595,6.5586738311124435
417,7.364751051969043,7.717955529214528
418,7.918703521929502,7.002509114438064
419,6.9336896461831,7.709557905532699
420,7.167644517839092,7.87507472721182
421,7.200475581362451,7.815251223546911
422,7.467345032814253,6.98443755504365
423,7.5436465747020325,7.687234938536492
424,6.606675562514853,7.188982405210861
425,6.988428478749404,8.37252543277909
426,6.35704787517625,7.699306486606958
427,6.632897246073686,7.996084374436425
428,7.04592957984235,6.9508303415796275
429,6.595808667716173,7.994432084407984
430,6.723882731419304,7.410687849704573
431,6.727012423893785,7.4096764424864245
432,7.01235124473663,6.67402629642847
433,6.251235857598932,6.099433866551288
434,6.708956319357428,6.66302607304875
435,6.730148010915421,6.1446612542229655
436,7.266042691772552,7.007684500508036
437,7.25002607136635,6.317963019928788
438,7.56437683449655,6.0699979429090405
439,7.260015909855592,6.399117670442947
440,7.545758386449893,6.787861644665291
441,6.414221855347829,6.325894253550404
442,7.408494614814392,6.916370285398689
443,7.3574912680008415,6.694112671342274
444,7.131782709564021,6.4848562419375755
445,6.41027396487355,6.532000339517746
446,6.906851120885844,6.502474314248471
447,6.991113164197374,6.653895095667663
448,6.957708130364512,6.329928800569851
449,6.76549028581907,6.860133548624194
450,6.875928551160943,6.8018378036673734
451,6.518532913521947,6.403762247402478
452,6.485857763062015,7.358711335755057
453,6.600195646370082,7.550816870297544
454,6.930954676759656,7.568176023213759
455,6.466038110458316,7.08517004392464
456,6.179727996995887,7.772946728974674
457,6.288050950932206,7.978913501900675
458,7.26547284994866,6.982795624480088
459,6.311383697372426,6.994402239392717
460,7.145655610150345,6.8854769313765996
461,7.209522993186077,7.529238394993082
462,6.365860472498092,6.7270121979010336
463,6.160415461445413,7.413893708298162
464,6.433297242491348,7.918229915895257
465,6.385042037906144,7.106684640578395
466,6.441435665436469,7.22189403377031
467,7.164988505588126,7.43193750733277
468,7.050252302824817,6.948405030857062
469,6.432291816742845,6.96299900990374
470,6.690846909486265,7.634787090984994
471,7.068007025330659,7.16693798621418
472,6.9796416620098105,7.3293195510595925
473,6.671400191159345,7.554752969288876
474,6.770440389976494,7.8855317109137095
475,7.020785693098928,7.358429794867082
476,7.034857182385601,7.822336803358393
477,7.502326013841653,7.830499217912302
478,7.2655728624901235,7.524660648281659
479,7.123897660648698,8.222389942508633
480,7.123093227894978,7.116275157381544
481,7.100970464447259,6.009757605014194
