side,wire_number,x,y,time
B,8,1050.0,209.4,2024-11-21_10-02-56
B,9,1058.0,209.4,2024-11-21_10-02-57
B,10,1066.0,209.4,2024-11-21_10-02-59
B,11,1074.0,209.4,2024-11-21_10-03-02
B,12,1082.0,209.4,2024-11-21_10-03-03
B,13,1090.0,209.4,2024-11-21_10-03-04
B,14,1098.0,209.4,2024-11-21_10-03-05
B,15,1106.0,209.4,2024-11-21_10-03-08
B,16,1114.0,209.4,2024-11-21_10-03-10
B,17,1122.0,209.4,2024-11-21_10-03-12
B,18,1130.0,209.4,2024-11-21_10-03-14
B,19,1138.0,209.4,2024-11-21_10-03-15
B,20,1146.0,209.4,2024-11-21_10-03-17
B,21,1154.0,209.4,2024-11-21_10-03-18
B,22,1162.0,209.4,2024-11-21_10-03-19
B,23,1170.0,209.4,2024-11-21_10-03-21
B,24,1178.0,208.9,2024-11-21_10-05-02
B,25,1186.0,208.9,2024-11-21_10-05-03
B,26,1194.0,208.9,2024-11-21_10-05-04
B,27,1202.0,208.9,2024-11-21_10-05-06
B,28,1210.0,208.9,2024-11-21_10-05-06
B,29,1218.0,208.9,2024-11-21_10-05-08
B,30,1133.0,275.8,2024-11-21_10-05-11
B,31,1141.0,275.8,2024-11-21_10-05-13
B,32,1149.0,275.8,2024-11-21_10-05-20
B,33,1157.0,275.8,2024-11-21_10-05-22
B,34,1165.0,275.8,2024-11-21_10-05-24
B,35,1173.0,275.8,2024-11-21_10-05-26
B,36,1181.0,275.8,2024-11-21_10-05-28
B,37,1189.0,275.8,2024-11-21_10-05-29
B,38,1197.0,275.8,2024-11-21_10-05-30
B,39,1205.0,275.8,2024-11-21_10-05-31
B,40,1213.0,275.8,2024-11-21_10-05-32
B,41,1221.0,275.8,2024-11-21_10-05-34
B,42,1229.0,275.8,2024-11-21_10-05-35
B,43,1237.0,275.8,2024-11-21_10-05-36
B,44,1245.0,275.8,2024-11-21_10-05-37
B,45,1253.0,275.8,2024-11-21_10-05-38
B,46,1261.0,275.8,2024-11-21_10-05-39
B,47,1269.0,275.8,2024-11-21_10-05-41
B,48,1277.0,275.8,2024-11-21_10-05-42
B,49,1285.0,275.8,2024-11-21_10-05-43
B,50,1293.0,275.8,2024-11-21_10-05-44
B,51,1301.0,275.8,2024-11-21_10-05-46
B,52,1309.0,275.8,2024-11-21_10-05-46
B,53,1317.0,275.8,2024-11-21_10-05-48
B,54,1325.0,275.8,2024-11-21_10-05-49
B,55,1333.0,275.8,2024-11-21_10-05-50
B,56,1341.0,275.8,2024-11-21_10-05-51
B,57,1349.0,275.8,2024-11-21_10-05-53
B,58,1357.0,275.8,2024-11-21_10-05-54
B,59,1365.0,275.8,2024-11-21_10-05-55
B,60,1373.0,275.8,2024-11-21_10-05-57
B,61,1381.0,275.8,2024-11-21_10-05-57
B,62,1389.0,275.8,2024-11-21_10-05-59
B,63,1397.0,275.8,2024-11-21_10-06-00
B,64,1405.0,275.8,2024-11-21_10-06-01
B,65,1413.0,275.8,2024-11-21_10-06-02
B,66,1421.0,275.8,2024-11-21_10-06-03
B,67,1429.0,275.8,2024-11-21_10-06-05
B,68,1437.0,275.8,2024-11-21_10-06-06
B,69,1445.0,275.8,2024-11-21_10-06-07
B,70,1453.0,275.8,2024-11-21_10-06-08
B,71,1461.0,275.8,2024-11-21_10-06-09
B,72,1469.0,275.8,2024-11-21_10-06-10
B,73,1477.0,275.8,2024-11-21_10-06-11
B,74,1485.0,275.8,2024-11-21_10-06-12
B,75,1493.0,275.8,2024-11-21_10-06-13
B,76,1501.0,275.8,2024-11-21_10-06-14
B,77,1509.0,275.8,2024-11-21_10-06-15
B,78,1517.0,275.8,2024-11-21_10-06-16
B,79,1525.0,275.8,2024-11-21_10-06-17
B,80,1533.0,275.8,2024-11-21_10-06-18
B,81,1541.0,275.8,2024-11-21_10-06-19
B,82,1549.0,275.8,2024-11-21_10-06-20
B,83,1557.0,275.8,2024-11-21_10-06-22
B,84,1565.0,275.8,2024-11-21_10-06-23
B,85,1573.0,275.8,2024-11-21_10-06-24
B,86,1581.0,275.8,2024-11-21_10-06-25
B,87,1589.0,275.8,2024-11-21_10-06-27
B,88,1597.0,275.8,2024-11-21_10-06-28
B,89,1605.0,275.8,2024-11-21_10-06-29
B,90,1613.0,275.8,2024-11-21_10-06-30
B,91,1621.0,275.8,2024-11-21_10-06-31
B,92,1629.0,275.8,2024-11-21_10-06-33
B,93,1637.0,275.8,2024-11-21_10-06-34
B,94,1645.0,275.8,2024-11-21_10-06-35
B,95,1653.0,275.8,2024-11-21_10-06-36
B,96,1661.0,275.8,2024-11-21_10-06-37
B,97,1669.0,275.8,2024-11-21_10-06-39
B,98,1677.0,275.8,2024-11-21_10-06-40
B,99,1685.0,275.8,2024-11-21_10-06-41
B,100,1693.0,275.8,2024-11-21_10-06-42
B,101,1701.0,275.8,2024-11-21_10-06-44
B,102,1709.0,275.8,2024-11-21_10-06-45
B,103,1717.0,275.8,2024-11-21_10-06-46
B,104,1725.0,275.8,2024-11-21_10-06-47
B,105,1733.0,275.8,2024-11-21_10-06-49
B,106,1741.0,275.8,2024-11-21_10-06-50
B,107,1749.0,275.8,2024-11-21_10-06-51
B,108,1757.0,275.8,2024-11-21_10-06-52
B,109,1765.0,275.8,2024-11-21_10-06-54
B,110,1773.0,275.8,2024-11-21_10-06-55
B,111,1781.0,275.8,2024-11-21_10-06-57
B,112,1789.0,275.8,2024-11-21_10-06-58
B,113,1797.0,275.8,2024-11-21_10-07-00
B,114,1805.0,275.8,2024-11-21_10-07-00
B,115,1813.0,275.8,2024-11-21_10-07-02
B,116,1821.0,275.8,2024-11-21_10-07-04
B,117,1829.0,275.8,2024-11-21_10-07-06
B,118,1837.0,275.8,2024-11-21_10-07-08
B,119,1845.0,275.8,2024-11-21_10-07-09
B,120,1853.0,275.8,2024-11-21_10-07-11
B,121,1861.0,275.8,2024-11-21_10-07-13
B,122,1869.0,275.8,2024-11-21_10-07-15
B,123,1877.0,275.8,2024-11-21_10-07-17
B,124,1885.0,275.8,2024-11-21_10-07-20
B,125,1893.0,275.8,2024-11-21_10-07-21
B,126,1901.0,275.8,2024-11-21_10-07-23
B,127,1909.0,275.8,2024-11-21_10-07-25
B,128,1917.0,275.8,2024-11-21_10-07-26
B,129,1925.0,275.8,2024-11-21_10-07-27
B,130,1933.0,275.8,2024-11-21_10-07-29
B,131,1941.0,275.8,2024-11-21_10-07-30
B,132,1949.0,275.8,2024-11-21_10-07-32
B,133,1957.0,275.8,2024-11-21_10-07-33
B,134,1965.0,275.8,2024-11-21_10-07-34
B,135,1973.0,275.8,2024-11-21_10-07-34
B,136,1981.0,275.8,2024-11-21_10-07-35
B,137,1989.0,275.8,2024-11-21_10-07-36
B,138,1997.0,275.8,2024-11-21_10-07-37
B,139,2005.0,275.8,2024-11-21_10-07-38
B,140,2013.0,275.8,2024-11-21_10-07-39
B,141,2021.0,275.8,2024-11-21_10-07-40
B,142,2029.0,275.8,2024-11-21_10-07-41
B,143,2037.0,275.8,2024-11-21_10-07-43
B,144,2045.0,275.8,2024-11-21_10-07-44
B,145,2053.0,275.8,2024-11-21_10-07-45
B,146,2061.0,275.8,2024-11-21_10-07-46
B,147,2069.0,275.8,2024-11-21_10-07-47
B,148,2077.0,275.8,2024-11-21_10-07-48
B,149,2085.0,275.8,2024-11-21_10-07-49
B,150,2093.0,275.8,2024-11-21_10-07-50
B,151,2101.0,275.8,2024-11-21_10-07-52
B,152,2109.0,275.8,2024-11-21_10-07-55
B,153,2117.0,275.8,2024-11-21_10-07-57
B,154,2125.0,275.8,2024-11-21_10-07-57
B,155,2125.0,281.5,2024-11-21_10-07-58
B,156,2125.0,287.2,2024-11-21_10-08-01
B,157,2125.0,293.0,2024-11-21_10-08-03
B,158,2125.0,298.8,2024-11-21_10-08-04
B,159,2125.0,304.5,2024-11-21_10-08-13
B,160,2125.0,310.2,2024-11-21_10-08-18
B,161,2125.0,316.0,2024-11-21_10-08-21
B,162,2125.0,321.8,2024-11-21_10-08-23
B,163,2125.0,327.5,2024-11-21_10-08-24
B,164,2125.0,333.2,2024-11-21_10-08-26
B,165,2125.0,339.0,2024-11-21_10-08-27
B,166,2125.0,344.8,2024-11-21_10-08-28
B,167,2125.0,350.5,2024-11-21_10-08-30
B,168,2125.0,356.2,2024-11-21_10-08-31
B,169,2125.0,362.0,2024-11-21_10-08-32
B,170,2125.0,367.8,2024-11-21_10-08-33
B,171,2125.0,373.5,2024-11-21_10-08-35
B,172,2125.0,379.2,2024-11-21_10-08-37
B,173,2125.0,385.0,2024-11-21_10-08-38
B,174,2125.0,390.8,2024-11-21_10-08-40
B,175,2125.0,396.5,2024-11-21_10-08-41
B,176,2125.0,402.2,2024-11-21_10-08-42
B,177,2125.0,408.0,2024-11-21_10-08-43
B,178,2125.0,413.8,2024-11-21_10-08-45
B,179,2125.0,419.5,2024-11-21_10-08-47
B,180,2333.0,275.8,2024-11-21_10-08-52
B,181,2341.0,275.8,2024-11-21_10-08-54
B,182,2349.0,275.8,2024-11-21_10-08-57
B,183,2357.0,275.8,2024-11-21_10-08-58
B,184,2365.0,275.8,2024-11-21_10-08-59
B,185,2373.0,275.8,2024-11-21_10-09-00
B,186,2381.0,275.8,2024-11-21_10-09-15
B,187,2389.0,275.8,2024-11-21_10-09-17
B,188,2397.0,275.8,2024-11-21_10-09-21
B,189,2405.0,275.8,2024-11-21_10-09-29
B,190,2413.0,275.8,2024-11-21_10-09-31
B,191,2421.0,275.8,2024-11-21_10-09-34
B,192,2429.0,275.8,2024-11-21_10-09-35
B,193,2437.0,275.8,2024-11-21_10-09-39
B,194,2445.0,275.8,2024-11-21_10-09-42
B,195,2453.0,275.8,2024-11-21_10-09-43
B,196,2461.0,275.8,2024-11-21_10-09-45
B,197,2469.0,275.8,2024-11-21_10-09-47
B,198,2477.0,275.8,2024-11-21_10-09-54
B,199,2485.0,275.8,2024-11-21_10-10-02
B,200,2493.0,275.8,2024-11-21_10-10-05
B,201,2501.0,275.8,2024-11-21_10-10-07
B,202,2509.0,275.8,2024-11-21_10-10-09
B,203,2517.0,275.8,2024-11-21_10-10-10
B,204,2525.0,275.8,2024-11-21_10-10-12
B,205,2533.0,275.8,2024-11-21_10-10-15
B,206,2541.0,275.8,2024-11-21_10-10-20
B,207,2549.0,275.8,2024-11-21_10-10-21
B,208,2557.0,275.8,2024-11-21_10-10-23
B,209,2565.0,275.8,2024-11-21_10-10-26
B,210,2573.0,275.8,2024-11-21_10-10-27
B,211,2581.0,275.8,2024-11-21_10-10-30
B,212,2589.0,275.8,2024-11-21_10-10-32
B,213,2597.0,275.8,2024-11-21_10-10-35
B,214,2605.0,275.8,2024-11-21_10-10-37
B,215,2613.0,275.8,2024-11-21_10-10-38
B,216,2621.0,275.8,2024-11-21_10-10-40
B,217,2629.0,275.8,2024-11-21_10-10-41
B,218,2637.0,275.8,2024-11-21_10-10-43
B,219,2645.0,275.8,2024-11-21_10-10-44
B,220,2653.0,275.8,2024-11-21_10-10-46
B,221,2661.0,275.8,2024-11-21_10-10-47
B,222,2669.0,275.8,2024-11-21_10-10-51
B,223,2677.0,275.8,2024-11-21_10-10-55
B,224,2685.0,275.8,2024-11-21_10-10-58
B,225,2693.0,275.8,2024-11-21_10-11-03
B,226,2701.0,275.8,2024-11-21_10-11-06
B,227,2709.0,275.8,2024-11-21_10-11-08
B,228,2717.0,275.8,2024-11-21_10-11-10
B,229,2725.0,275.8,2024-11-21_10-11-11
B,230,2733.0,275.8,2024-11-21_10-11-12
B,231,2741.0,275.8,2024-11-21_10-11-14
B,232,2749.0,275.8,2024-11-21_10-11-16
B,233,2757.0,275.8,2024-11-21_10-11-17
B,234,2765.0,275.8,2024-11-21_10-11-20
B,235,2773.0,275.8,2024-11-21_10-11-23
B,236,2781.0,275.8,2024-11-21_10-11-25
B,237,2789.0,275.8,2024-11-21_10-11-26
B,238,2797.0,275.8,2024-11-21_10-11-29
B,239,2805.0,275.8,2024-11-21_10-11-31
B,240,2813.0,275.8,2024-11-21_10-11-33
B,241,2821.0,275.8,2024-11-21_10-11-34
B,242,2829.0,275.8,2024-11-21_10-11-38
B,243,2837.0,275.8,2024-11-21_10-11-40
B,244,2845.0,275.8,2024-11-21_10-11-43
B,245,2853.0,275.8,2024-11-21_10-11-46
B,246,2861.0,275.8,2024-11-21_10-11-50
B,247,2869.0,275.8,2024-11-21_10-11-52
B,248,2877.0,275.8,2024-11-21_10-11-54
B,249,2885.0,275.8,2024-11-21_10-11-55
B,250,2893.0,275.8,2024-11-21_10-11-58
B,251,2901.0,275.8,2024-11-21_10-12-01
B,252,2909.0,275.8,2024-11-21_10-12-09
B,253,2917.0,275.8,2024-11-21_10-12-14
B,254,2925.0,275.8,2024-11-21_10-12-18
B,255,2933.0,275.8,2024-11-21_10-12-19
B,256,2941.0,275.8,2024-11-21_10-12-21
B,257,2949.0,275.8,2024-11-21_10-12-24
B,258,2957.0,275.8,2024-11-21_10-12-26
B,259,2965.0,275.8,2024-11-21_10-12-28
B,260,2973.0,275.8,2024-11-21_10-12-30
B,261,2981.0,275.8,2024-11-21_10-12-32
B,262,2989.0,275.8,2024-11-21_10-12-33
B,263,2997.0,275.8,2024-11-21_10-12-36
B,264,3005.0,275.8,2024-11-21_10-12-38
B,265,3013.0,275.8,2024-11-21_10-12-40
B,266,3021.0,275.8,2024-11-21_10-12-42
B,267,3029.0,275.8,2024-11-21_10-12-43
B,268,3037.0,275.8,2024-11-21_10-12-47
B,269,3045.0,275.8,2024-11-21_10-12-57
B,270,3053.0,275.8,2024-11-21_10-13-00
B,271,3061.0,275.8,2024-11-21_10-13-01
B,272,3069.0,275.8,2024-11-21_10-13-05
B,273,3077.0,275.8,2024-11-21_10-13-07
B,274,3085.0,275.8,2024-11-21_10-13-09
B,275,3093.0,275.8,2024-11-21_10-13-10
B,276,3101.0,275.8,2024-11-21_10-13-14
B,277,3109.0,275.8,2024-11-21_10-13-15
B,278,3117.0,275.8,2024-11-21_10-13-19
B,279,3125.0,275.8,2024-11-21_10-13-20
B,280,3133.0,275.8,2024-11-21_10-13-23
B,281,3141.0,275.8,2024-11-21_10-13-25
B,282,3149.0,275.8,2024-11-21_10-13-33
B,283,3157.0,275.8,2024-11-21_10-13-38
B,284,3165.0,275.8,2024-11-21_10-13-40
B,285,3173.0,275.8,2024-11-21_10-13-43
B,286,3181.0,275.8,2024-11-21_10-13-48
B,287,3189.0,275.8,2024-11-21_10-13-50
B,288,3197.0,275.8,2024-11-21_10-13-52
B,289,3205.0,275.8,2024-11-21_10-13-53
B,290,3213.0,275.8,2024-11-21_10-13-55
B,291,3221.0,275.8,2024-11-21_10-13-57
B,292,3229.0,275.8,2024-11-21_10-14-00
B,293,3237.0,275.8,2024-11-21_10-14-02
B,294,3245.0,275.8,2024-11-21_10-14-05
B,295,3253.0,275.8,2024-11-21_10-14-07
B,296,3261.0,275.8,2024-11-21_10-14-08
B,297,3269.0,275.8,2024-11-21_10-14-19
B,298,3277.0,275.8,2024-11-21_10-14-20
B,299,3285.0,275.8,2024-11-21_10-14-31
B,301,3301.0,275.8,2024-11-21_10-15-16
B,303,3317.0,275.8,2024-11-21_10-15-55
B,304,3317.0,281.5,2024-11-21_10-16-07
B,305,3317.0,287.2,2024-11-21_10-16-12
B,306,3317.0,293.0,2024-11-21_10-16-17
B,307,3317.0,296.5,2024-11-21_10-17-11
B,308,3317.0,302.3,2024-11-21_10-17-13
B,309,3317.0,308.0,2024-11-21_10-17-16
B,310,3317.0,313.8,2024-11-21_10-17-17
B,311,3317.0,319.5,2024-11-21_10-17-18
B,312,3317.0,325.3,2024-11-21_10-17-19
B,313,3317.0,331.0,2024-11-21_10-17-21
B,314,3317.0,336.8,2024-11-21_10-17-22
B,315,3317.0,342.5,2024-11-21_10-17-26
B,316,3317.0,348.3,2024-11-21_10-17-28
B,317,3317.0,354.0,2024-11-21_10-17-29
B,318,3317.0,359.8,2024-11-21_10-17-31
B,319,3317.0,365.5,2024-11-21_10-17-32
B,320,3317.0,371.3,2024-11-21_10-17-34
B,321,3317.0,377.0,2024-11-21_10-17-36
B,322,3317.0,382.8,2024-11-21_10-17-37
B,323,3317.0,388.5,2024-11-21_10-17-38
B,324,3317.0,394.3,2024-11-21_10-17-40
B,325,3317.0,400.0,2024-11-21_10-17-41
B,326,3317.0,405.8,2024-11-21_10-17-42
B,327,3317.0,411.5,2024-11-21_10-17-46
B,328,3317.0,417.3,2024-11-21_10-17-47
B,329,3521.9,275.8,2024-11-21_10-17-51
B,330,3529.9,275.8,2024-11-21_10-17-52
B,331,3537.9,275.8,2024-11-21_10-17-54
B,332,3545.9,275.8,2024-11-21_10-17-55
B,333,3553.9,275.8,2024-11-21_10-18-03
B,334,3561.9,275.8,2024-11-21_10-18-09
B,335,3569.9,275.8,2024-11-21_10-18-10
B,336,3577.9,275.8,2024-11-21_10-18-11
B,337,3585.9,275.8,2024-11-21_10-18-15
B,338,3593.9,275.8,2024-11-21_10-18-16
B,339,3601.9,275.8,2024-11-21_10-18-17
B,340,3609.9,275.8,2024-11-21_10-18-19
B,341,3617.9,275.8,2024-11-21_10-18-20
B,342,3625.9,275.8,2024-11-21_10-18-22
B,343,3633.9,275.8,2024-11-21_10-18-23
B,344,3641.9,275.8,2024-11-21_10-18-24
B,345,3649.9,275.8,2024-11-21_10-18-25
B,346,3657.9,275.8,2024-11-21_10-18-26
B,347,3665.9,275.8,2024-11-21_10-18-28
B,348,3673.9,275.8,2024-11-21_10-18-29
B,349,3681.9,275.8,2024-11-21_10-18-30
B,350,3689.9,275.8,2024-11-21_10-18-33
B,351,3697.9,275.8,2024-11-21_10-18-34
B,352,3705.9,275.8,2024-11-21_10-18-35
B,353,3713.9,275.8,2024-11-21_10-18-36
B,354,3721.9,275.8,2024-11-21_10-18-37
B,355,3729.9,275.8,2024-11-21_10-18-39
B,356,3737.9,275.8,2024-11-21_10-18-40
B,357,3745.9,275.8,2024-11-21_10-18-40
B,358,3753.9,275.8,2024-11-21_10-18-42
B,359,3761.9,275.8,2024-11-21_10-18-44
B,360,3769.9,275.8,2024-11-21_10-18-47
B,361,3777.9,275.8,2024-11-21_10-18-48
B,362,3785.9,275.8,2024-11-21_10-18-51
B,363,3793.9,275.8,2024-11-21_10-18-52
B,364,3801.9,275.8,2024-11-21_10-18-53
B,365,3809.9,275.8,2024-11-21_10-18-54
B,366,3817.9,275.8,2024-11-21_10-18-56
B,367,3825.9,275.8,2024-11-21_10-18-57
B,368,3833.9,275.8,2024-11-21_10-18-58
B,369,3841.9,275.8,2024-11-21_10-18-59
B,370,3849.9,275.8,2024-11-21_10-19-00
B,371,3857.9,275.8,2024-11-21_10-19-01
B,372,3865.9,275.8,2024-11-21_10-19-03
B,373,3873.9,275.8,2024-11-21_10-19-07
B,374,3881.9,275.8,2024-11-21_10-19-08
B,375,3889.9,275.8,2024-11-21_10-19-10
B,376,3897.9,275.8,2024-11-21_10-19-22
B,377,3905.9,275.8,2024-11-21_10-19-23
B,378,3913.9,275.8,2024-11-21_10-19-24
B,379,3921.9,275.8,2024-11-21_10-19-25
B,380,3929.9,275.8,2024-11-21_10-19-27
B,381,3937.9,275.8,2024-11-21_10-19-29
B,382,3945.9,275.8,2024-11-21_10-19-30
B,383,3953.9,275.8,2024-11-21_10-19-31
B,384,3961.9,275.8,2024-11-21_10-19-32
B,385,3969.9,275.8,2024-11-21_10-19-34
B,386,3977.9,275.8,2024-11-21_10-19-36
B,387,3985.9,275.8,2024-11-21_10-19-38
B,388,3993.9,275.8,2024-11-21_10-19-38
B,389,4001.9,275.8,2024-11-21_10-19-39
B,390,4009.9,275.8,2024-11-21_10-19-40
B,391,4017.9,275.8,2024-11-21_10-19-41
B,392,4025.9,275.8,2024-11-21_10-19-41
B,393,4033.9,275.8,2024-11-21_10-19-43
B,394,4041.9,275.8,2024-11-21_10-19-44
B,395,4049.9,275.8,2024-11-21_10-19-45
B,396,4057.9,275.8,2024-11-21_10-19-46
B,397,4065.9,275.8,2024-11-21_10-19-47
B,398,4073.9,275.8,2024-11-21_10-19-48
B,399,4081.9,275.8,2024-11-21_10-19-49
B,400,4089.9,275.8,2024-11-21_10-19-51
B,401,4097.9,275.8,2024-11-21_10-19-53
B,402,4105.9,275.8,2024-11-21_10-19-55
B,403,4113.9,275.8,2024-11-21_10-19-57
B,404,4121.9,275.8,2024-11-21_10-19-58
B,405,4129.9,275.8,2024-11-21_10-19-59
B,406,4137.9,275.8,2024-11-21_10-20-01
B,407,4145.9,275.8,2024-11-21_10-20-02
B,408,4153.9,275.8,2024-11-21_10-20-03
B,409,4161.9,275.8,2024-11-21_10-20-15
B,410,4169.9,275.8,2024-11-21_10-20-18
B,411,4177.9,275.8,2024-11-21_10-20-19
B,412,4185.9,275.8,2024-11-21_10-20-20
B,413,4193.9,275.8,2024-11-21_10-20-21
B,414,4201.9,275.8,2024-11-21_10-20-22
B,415,4209.9,275.8,2024-11-21_10-20-26
B,416,4217.9,275.8,2024-11-21_10-20-27
B,417,4225.9,275.8,2024-11-21_10-20-29
B,418,4233.9,275.8,2024-11-21_10-20-31
B,419,4241.9,275.8,2024-11-21_10-20-31
B,420,4249.9,275.8,2024-11-21_10-20-32
B,421,4257.9,275.8,2024-11-21_10-20-33
B,422,4265.9,275.8,2024-11-21_10-20-34
B,423,4273.9,275.8,2024-11-21_10-20-35
B,424,4281.9,275.8,2024-11-21_10-20-35
B,425,4289.9,275.8,2024-11-21_10-20-36
B,426,4297.9,275.8,2024-11-21_10-20-37
B,427,4305.9,275.8,2024-11-21_10-20-39
B,428,4313.9,275.8,2024-11-21_10-20-40
B,429,4321.9,275.8,2024-11-21_10-20-41
B,430,4329.9,275.8,2024-11-21_10-20-42
B,431,4337.9,275.8,2024-11-21_10-20-43
B,432,4345.9,275.8,2024-11-21_10-20-47
B,433,4353.9,275.8,2024-11-21_10-20-49
B,434,4361.9,275.8,2024-11-21_10-20-51
B,435,4369.9,275.8,2024-11-21_10-20-53
B,436,4377.9,275.8,2024-11-21_10-20-56
B,437,4385.9,275.8,2024-11-21_10-20-57
B,438,4393.9,275.8,2024-11-21_10-20-58
B,439,4401.9,275.8,2024-11-21_10-20-59
B,440,4409.9,275.8,2024-11-21_10-21-01
B,441,4417.9,275.8,2024-11-21_10-21-02
B,442,4425.9,275.8,2024-11-21_10-21-03
B,443,4433.9,275.8,2024-11-21_10-21-04
B,444,4441.9,275.8,2024-11-21_10-21-06
B,445,4449.9,275.8,2024-11-21_10-21-09
B,446,4457.9,275.8,2024-11-21_10-21-10
B,447,4465.9,275.8,2024-11-21_10-21-13
B,448,4473.9,275.8,2024-11-21_10-21-15
B,449,4481.9,275.8,2024-11-21_10-21-16
B,450,4489.9,275.8,2024-11-21_10-21-17
B,451,4489.9,281.5,2024-11-21_10-21-20
B,452,4489.9,287.2,2024-11-21_10-21-22
B,453,4489.9,293.0,2024-11-21_10-21-23
B,454,4489.9,298.8,2024-11-21_10-21-25
B,455,4489.9,304.5,2024-11-21_10-21-28
B,456,4489.9,310.2,2024-11-21_10-21-32
B,457,4489.9,316.0,2024-11-21_10-21-33
B,458,4489.9,321.8,2024-11-21_10-21-36
B,459,4489.9,327.5,2024-11-21_10-21-38
B,460,4489.9,333.2,2024-11-21_10-21-39
B,461,4489.9,339.0,2024-11-21_10-21-41
B,462,4489.9,344.8,2024-11-21_10-21-43
B,463,4489.9,350.5,2024-11-21_10-21-44
B,464,4489.9,356.2,2024-11-21_10-21-45
B,465,4489.9,362.0,2024-11-21_10-21-46
B,466,4489.9,367.8,2024-11-21_10-21-47
B,467,4489.9,373.5,2024-11-21_10-21-48
B,468,4489.9,379.2,2024-11-21_10-21-51
B,469,4489.9,385.0,2024-11-21_10-21-53
B,470,4489.9,390.8,2024-11-21_10-21-57
B,471,4489.9,396.5,2024-11-21_10-21-58
B,472,4489.9,402.2,2024-11-21_10-21-59
B,473,4489.9,408.0,2024-11-21_10-22-00
B,474,4489.9,413.8,2024-11-21_10-22-03
B,475,4489.9,419.5,2024-11-21_10-22-04
B,476,4697.9,275.8,2024-11-21_10-22-09
B,477,4705.9,275.8,2024-11-21_10-22-10
B,478,4713.9,275.8,2024-11-21_10-22-12
B,479,4721.9,275.8,2024-11-21_10-22-14
B,480,4729.9,275.8,2024-11-21_10-22-15
B,481,4737.9,275.8,2024-11-21_10-22-17
B,482,4745.9,275.8,2024-11-21_10-22-20
B,483,4753.9,275.8,2024-11-21_10-22-29
B,484,4761.9,275.8,2024-11-21_10-22-30
B,485,4769.9,275.8,2024-11-21_10-22-34
B,486,4777.9,275.8,2024-11-21_10-22-40
B,487,4785.9,275.8,2024-11-21_10-22-41
B,488,4793.9,275.8,2024-11-21_10-22-45
B,489,4801.9,275.8,2024-11-21_10-22-52
B,490,4809.9,275.8,2024-11-21_10-22-56
B,491,4817.9,275.8,2024-11-21_10-22-58
B,492,4825.9,275.8,2024-11-21_10-23-01
B,493,4833.9,275.8,2024-11-21_10-23-03
B,494,4841.9,275.8,2024-11-21_10-23-04
B,495,4849.9,275.8,2024-11-21_10-23-08
B,496,4857.9,275.8,2024-11-21_10-23-15
B,497,4865.9,275.8,2024-11-21_10-23-23
B,498,4873.9,275.8,2024-11-21_10-23-29
B,499,4881.9,275.8,2024-11-21_10-23-31
B,500,4889.9,275.8,2024-11-21_10-23-32
B,501,4897.9,275.8,2024-11-21_10-23-33
B,502,4905.9,275.8,2024-11-21_10-23-51
B,503,4913.9,275.8,2024-11-21_10-23-53
B,504,4921.9,275.8,2024-11-21_10-24-01
B,505,4929.9,275.8,2024-11-21_10-24-03
B,506,4937.9,275.8,2024-11-21_10-24-05
B,507,4945.9,275.8,2024-11-21_10-24-06
B,508,4953.9,275.8,2024-11-21_10-24-07
B,509,4961.9,275.8,2024-11-21_10-24-13
B,510,4969.9,275.8,2024-11-21_10-24-17
B,511,4977.9,275.8,2024-11-21_10-24-19
B,512,4985.9,275.8,2024-11-21_10-24-20
B,513,4993.9,275.8,2024-11-21_10-24-21
B,514,5001.9,275.8,2024-11-21_10-24-22
B,515,5009.9,275.8,2024-11-21_10-24-23
B,516,5017.9,275.8,2024-11-21_10-24-25
B,517,5025.9,275.8,2024-11-21_10-24-26
B,518,5033.9,275.8,2024-11-21_10-24-27
B,519,5041.9,275.8,2024-11-21_10-24-28
B,520,5049.9,275.8,2024-11-21_10-24-30
B,521,5057.9,275.8,2024-11-21_10-24-41
B,522,5065.9,275.8,2024-11-21_10-24-42
B,523,5073.9,275.8,2024-11-21_10-24-46
B,524,5081.9,275.8,2024-11-21_10-24-52
B,525,5089.9,275.8,2024-11-21_10-25-58
B,526,5098.1,275.8,2024-11-21_10-25-58
B,527,5106.1,275.8,2024-11-21_10-25-59
B,528,5114.1,275.8,2024-11-21_10-26-01
B,529,5122.1,275.8,2024-11-21_10-26-02
B,530,5130.1,275.8,2024-11-21_10-26-03
B,531,5138.1,275.8,2024-11-21_10-26-04
B,532,5146.1,275.8,2024-11-21_10-26-05
B,533,5154.1,275.8,2024-11-21_10-26-06
B,534,5162.1,275.8,2024-11-21_10-26-07
B,535,5170.1,275.8,2024-11-21_10-26-08
B,536,5178.1,275.8,2024-11-21_10-26-09
B,537,5186.1,275.8,2024-11-21_10-26-11
B,538,5194.1,275.8,2024-11-21_10-26-12
B,539,5202.1,275.8,2024-11-21_10-26-12
B,540,5210.1,275.8,2024-11-21_10-26-13
B,541,5218.1,275.8,2024-11-21_10-26-14
B,542,5226.1,275.8,2024-11-21_10-26-15
B,543,5234.1,275.8,2024-11-21_10-26-16
B,544,5242.1,275.8,2024-11-21_10-26-17
B,545,5250.1,275.8,2024-11-21_10-26-18
B,546,5258.1,275.8,2024-11-21_10-26-18
B,547,5266.1,275.8,2024-11-21_10-26-19
B,548,5274.1,275.8,2024-11-21_10-26-20
B,549,5282.1,275.8,2024-11-21_10-26-21
B,550,5290.1,275.8,2024-11-21_10-26-22
B,551,5298.1,275.8,2024-11-21_10-26-23
B,552,5306.1,275.8,2024-11-21_10-26-24
B,553,5314.1,275.8,2024-11-21_10-26-25
B,554,5322.1,275.8,2024-11-21_10-26-26
B,555,5330.1,275.8,2024-11-21_10-26-27
B,556,5338.1,275.8,2024-11-21_10-26-28
B,557,5346.1,275.8,2024-11-21_10-26-30
B,558,5354.1,275.8,2024-11-21_10-26-31
B,559,5362.1,275.8,2024-11-21_10-26-32
B,560,5370.1,275.8,2024-11-21_10-26-33
B,561,5378.1,275.8,2024-11-21_10-26-34
B,562,5386.1,275.8,2024-11-21_10-26-35
B,563,5394.1,275.8,2024-11-21_10-26-36
B,564,5402.1,275.8,2024-11-21_10-26-37
B,565,5410.1,275.8,2024-11-21_10-26-38
B,566,5418.1,275.8,2024-11-21_10-26-40
B,567,5426.1,275.8,2024-11-21_10-26-41
B,568,5434.1,275.8,2024-11-21_10-26-42
B,569,5442.1,275.8,2024-11-21_10-26-43
B,570,5450.1,275.8,2024-11-21_10-26-44
B,571,5458.1,275.8,2024-11-21_10-26-45
B,572,5466.1,275.8,2024-11-21_10-26-46
B,573,5474.1,275.8,2024-11-21_10-26-47
B,574,5482.1,275.8,2024-11-21_10-26-52
B,575,5490.1,275.8,2024-11-21_10-26-54
B,576,5498.1,275.8,2024-11-21_10-26-55
B,577,5506.1,275.8,2024-11-21_10-26-56
B,578,5514.1,275.8,2024-11-21_10-26-58
B,579,5522.1,275.8,2024-11-21_10-26-59
B,580,5530.1,275.8,2024-11-21_10-27-00
B,581,5538.1,275.8,2024-11-21_10-27-02
B,582,5546.1,275.8,2024-11-21_10-27-04
B,583,5554.1,275.8,2024-11-21_10-27-05
B,584,5562.1,275.8,2024-11-21_10-27-06
B,585,5570.1,275.8,2024-11-21_10-27-08
B,586,5578.1,275.8,2024-11-21_10-27-09
B,587,5586.1,275.8,2024-11-21_10-27-12
B,588,5594.1,275.8,2024-11-21_10-27-13
B,589,5602.1,275.8,2024-11-21_10-27-14
B,590,5610.1,275.8,2024-11-21_10-27-15
B,591,5618.1,275.8,2024-11-21_10-27-17
B,592,5626.1,275.8,2024-11-21_10-27-18
B,593,5634.1,275.8,2024-11-21_10-27-19
B,594,5642.1,275.8,2024-11-21_10-27-20
B,595,5650.1,275.8,2024-11-21_10-27-21
B,596,5658.1,275.8,2024-11-21_10-27-22
B,597,5666.1,275.8,2024-11-21_10-27-23
B,598,5666.1,281.5,2024-11-21_10-27-25
B,599,5666.1,287.2,2024-11-21_10-27-26
B,600,5666.1,293.0,2024-11-21_10-27-27
B,601,5666.1,298.8,2024-11-21_10-27-29
B,602,5666.1,304.5,2024-11-21_10-27-31
B,603,5666.1,310.2,2024-11-21_10-27-36
B,604,5666.1,316.0,2024-11-21_10-27-38
B,605,5666.1,321.8,2024-11-21_10-27-40
B,606,5666.1,327.5,2024-11-21_10-27-42
B,607,5666.1,333.2,2024-11-21_10-27-44
B,608,5666.1,339.0,2024-11-21_10-27-45
B,609,5666.1,344.8,2024-11-21_10-27-47
B,610,5666.1,350.5,2024-11-21_10-27-48
B,611,5666.1,356.2,2024-11-21_10-27-49
B,612,5666.1,362.0,2024-11-21_10-27-50
B,613,5666.1,367.8,2024-11-21_10-27-53
B,614,5666.1,373.5,2024-11-21_10-27-54
B,615,5666.1,379.2,2024-11-21_10-27-55
B,616,5666.1,385.0,2024-11-21_10-28-00
B,617,5666.1,390.8,2024-11-21_10-28-01
B,618,5666.1,396.5,2024-11-21_10-28-02
B,619,5666.1,402.2,2024-11-21_10-28-03
B,620,5666.1,408.0,2024-11-21_10-28-05
B,621,5666.1,413.8,2024-11-21_10-28-06
B,622,5666.1,419.5,2024-11-21_10-28-07
B,623,5874.1,275.8,2024-11-21_10-28-24
B,624,5882.1,275.8,2024-11-21_10-28-29
B,625,5890.1,275.8,2024-11-21_10-28-31
B,626,5898.1,275.8,2024-11-21_10-28-33
B,627,5906.1,275.8,2024-11-21_10-28-36
B,628,5914.1,275.8,2024-11-21_10-28-37
B,629,5922.1,275.8,2024-11-21_10-28-42
B,630,5930.1,275.8,2024-11-21_10-28-43
B,631,5938.1,275.8,2024-11-21_10-28-50
B,632,5946.1,275.8,2024-11-21_10-28-53
B,633,5954.1,275.8,2024-11-21_10-28-55
B,634,5962.1,275.8,2024-11-21_10-28-57
B,635,5970.1,275.8,2024-11-21_10-29-02
B,636,5978.1,275.8,2024-11-21_10-29-04
B,637,5986.1,275.8,2024-11-21_10-29-04
B,638,5994.1,275.8,2024-11-21_10-29-06
B,639,6002.1,275.8,2024-11-21_10-29-07
B,640,6010.1,275.8,2024-11-21_10-29-08
B,641,6018.1,275.8,2024-11-21_10-29-09
B,642,6026.1,275.8,2024-11-21_10-29-14
B,643,6034.1,275.8,2024-11-21_10-29-18
B,644,6042.1,275.8,2024-11-21_10-29-21
B,645,6050.1,275.8,2024-11-21_10-29-24
B,646,6058.1,275.8,2024-11-21_10-29-29
B,647,6066.1,275.8,2024-11-21_10-29-34
B,648,6074.1,275.8,2024-11-21_10-29-35
B,649,6082.1,275.8,2024-11-21_10-29-36
B,650,6090.1,275.8,2024-11-21_10-29-38
B,651,6098.1,275.8,2024-11-21_10-29-39
B,652,6106.1,275.8,2024-11-21_10-29-39
B,653,6114.1,275.8,2024-11-21_10-29-43
B,654,6122.1,275.8,2024-11-21_10-29-46
B,655,6130.1,275.8,2024-11-21_10-29-48
B,656,6138.1,275.8,2024-11-21_10-29-50
B,657,6146.1,275.8,2024-11-21_10-29-55
B,658,6154.1,275.8,2024-11-21_10-29-58
B,659,6162.1,275.8,2024-11-21_10-29-59
B,660,6170.1,275.8,2024-11-21_10-30-00
B,661,6178.1,275.8,2024-11-21_10-30-02
B,662,6186.1,275.8,2024-11-21_10-30-05
B,663,6194.1,275.8,2024-11-21_10-30-06
B,664,6202.1,275.8,2024-11-21_10-30-07
B,665,6210.1,275.8,2024-11-21_10-30-08
B,666,6218.1,275.8,2024-11-21_10-30-08
B,667,6226.1,275.8,2024-11-21_10-30-10
B,668,6234.1,275.8,2024-11-21_10-30-11
B,669,6242.1,275.8,2024-11-21_10-30-12
B,670,6250.1,275.8,2024-11-21_10-30-13
B,671,6258.1,275.8,2024-11-21_10-30-17
B,672,6266.1,275.8,2024-11-21_10-30-19
B,673,6274.1,275.8,2024-11-21_10-30-23
B,674,6282.1,275.8,2024-11-21_10-30-26
B,675,6290.1,275.8,2024-11-21_10-30-30
B,676,6298.1,275.8,2024-11-21_10-30-33
B,677,6306.1,275.8,2024-11-21_10-30-35
B,678,6314.1,275.8,2024-11-21_10-30-38
B,679,6322.1,275.8,2024-11-21_10-30-39
B,680,6330.1,275.8,2024-11-21_10-30-41
B,681,6338.1,275.8,2024-11-21_10-30-43
B,682,6346.1,275.8,2024-11-21_10-30-44
B,683,6354.1,275.8,2024-11-21_10-30-47
B,684,6362.1,275.8,2024-11-21_10-30-49
B,685,6370.1,275.8,2024-11-21_10-30-51
B,686,6378.1,275.8,2024-11-21_10-30-52
B,687,6386.1,275.8,2024-11-21_10-30-54
B,688,6394.1,275.8,2024-11-21_10-30-56
B,689,6402.1,275.8,2024-11-21_10-30-58
B,690,6410.1,275.8,2024-11-21_10-30-59
B,691,6418.1,275.8,2024-11-21_10-31-01
B,692,6426.1,275.8,2024-11-21_10-31-02
B,693,6434.1,275.8,2024-11-21_10-31-05
B,694,6442.1,275.8,2024-11-21_10-31-06
B,695,6450.1,275.8,2024-11-21_10-31-08
B,696,6458.1,275.8,2024-11-21_10-31-10
B,697,6466.1,275.8,2024-11-21_10-31-12
B,698,6474.1,275.8,2024-11-21_10-31-15
B,699,6482.1,275.8,2024-11-21_10-31-17
B,700,6490.1,275.8,2024-11-21_10-31-19
B,701,6498.1,275.8,2024-11-21_10-31-20
B,702,6506.1,275.8,2024-11-21_10-31-22
B,703,6514.1,275.8,2024-11-21_10-31-24
B,704,6522.1,275.8,2024-11-21_10-31-26
B,705,6530.1,275.8,2024-11-21_10-31-27
B,706,6538.1,275.8,2024-11-21_10-31-29
B,707,6546.1,275.8,2024-11-21_10-31-30
B,708,6554.1,275.8,2024-11-21_10-31-36
B,709,6562.1,275.8,2024-11-21_10-31-39
B,710,6570.1,275.8,2024-11-21_10-31-41
B,711,6578.1,275.8,2024-11-21_10-31-43
B,712,6586.1,275.8,2024-11-21_10-31-46
B,713,6594.1,275.8,2024-11-21_10-31-47
B,714,6602.1,275.8,2024-11-21_10-31-49
B,715,6610.1,275.8,2024-11-21_10-31-51
B,716,6618.1,275.8,2024-11-21_10-31-52
B,717,6626.1,275.8,2024-11-21_10-31-53
B,718,6634.1,275.8,2024-11-21_10-31-54
B,719,6642.1,275.8,2024-11-21_10-31-55
B,720,6650.1,275.8,2024-11-21_10-31-57
B,721,6658.1,275.8,2024-11-21_10-31-58
B,722,6666.1,275.8,2024-11-21_10-31-59
B,723,6674.1,275.8,2024-11-21_10-32-00
B,724,6682.1,275.8,2024-11-21_10-32-01
B,725,6690.1,275.8,2024-11-21_10-32-03
B,726,6698.1,275.8,2024-11-21_10-32-05
B,727,6706.1,275.8,2024-11-21_10-32-06
B,728,6714.1,275.8,2024-11-21_10-32-07
B,729,6722.1,275.8,2024-11-21_10-32-08
B,730,6730.1,275.8,2024-11-21_10-32-12
B,731,6738.1,275.8,2024-11-21_10-32-13
B,732,6746.1,275.8,2024-11-21_10-32-15
B,733,6754.1,275.8,2024-11-21_10-32-17
B,734,6762.1,275.8,2024-11-21_10-32-18
B,735,6770.1,275.8,2024-11-21_10-32-20
B,736,6778.1,275.8,2024-11-21_10-32-21
B,737,6786.1,275.8,2024-11-21_10-32-22
B,738,6794.1,275.8,2024-11-21_10-32-25
B,739,6802.1,275.8,2024-11-21_10-32-26
B,740,6810.1,275.8,2024-11-21_10-32-27
B,741,6818.1,275.8,2024-11-21_10-32-27
B,742,6826.1,275.8,2024-11-21_10-32-30
B,743,6834.1,275.8,2024-11-21_10-32-39
B,744,6842.1,275.8,2024-11-21_10-32-42
B,745,6850.1,275.8,2024-11-21_10-32-44
B,746,6858.1,275.8,2024-11-21_10-32-46
B,747,6866.1,275.8,2024-11-21_10-32-47
B,748,6874.1,275.8,2024-11-21_10-32-50
B,749,6882.1,275.8,2024-11-21_10-32-52
B,750,6890.1,275.8,2024-11-21_10-32-53
B,751,6898.1,275.8,2024-11-21_10-32-56
B,752,6906.1,275.8,2024-11-21_10-33-19
B,753,6914.1,275.8,2024-11-21_10-33-21
B,754,6922.1,275.8,2024-11-21_10-33-22
B,755,6922.1,281.5,2024-11-21_10-33-23
B,756,6922.1,287.2,2024-11-21_10-33-24
B,757,6922.1,293.0,2024-11-21_10-33-25
B,758,6922.1,298.8,2024-11-21_10-33-27
B,759,6922.1,304.5,2024-11-21_10-33-29
B,760,6922.1,310.2,2024-11-21_10-33-30
B,761,6922.1,316.0,2024-11-21_10-33-42
B,762,6922.1,321.8,2024-11-21_10-33-45
B,763,6922.1,327.5,2024-11-21_10-33-46
B,764,6922.1,333.2,2024-11-21_10-33-47
B,765,6922.1,339.0,2024-11-21_10-33-48
B,766,6922.1,344.8,2024-11-21_10-33-49
B,767,6922.1,350.5,2024-11-21_10-33-51
B,768,6922.1,356.2,2024-11-21_10-33-52
B,769,6922.1,362.0,2024-11-21_10-33-53
B,770,6922.1,367.8,2024-11-21_10-33-54
B,771,6922.1,373.5,2024-11-21_10-33-57
B,772,6922.1,379.2,2024-11-21_10-33-58
B,773,6922.1,385.0,2024-11-21_10-33-59
B,774,6922.1,390.8,2024-11-21_10-34-01
B,775,6922.1,396.5,2024-11-21_10-34-02
B,776,6922.1,402.2,2024-11-21_10-34-03
B,777,6922.1,408.0,2024-11-21_10-34-04
B,778,6922.1,413.8,2024-11-21_10-34-05
B,779,6922.1,419.5,2024-11-21_10-34-06
B,780,6922.1,425.2,2024-11-21_10-34-08
B,781,6922.1,431.0,2024-11-21_10-34-09
B,782,6922.1,436.8,2024-11-21_10-34-10
B,783,6922.1,442.5,2024-11-21_10-34-11
B,784,6922.1,448.2,2024-11-21_10-34-12
B,785,6922.1,454.0,2024-11-21_10-34-13
B,786,6922.1,459.8,2024-11-21_10-34-14
B,787,6922.1,465.5,2024-11-21_10-34-15
B,788,6922.1,471.2,2024-11-21_10-34-16
B,789,6922.1,477.0,2024-11-21_10-34-17
B,790,6922.1,482.8,2024-11-21_10-34-19
B,791,6922.1,488.5,2024-11-21_10-34-20
B,792,6922.1,494.2,2024-11-21_10-34-21
B,793,6922.1,500.0,2024-11-21_10-34-22
B,794,6922.1,505.8,2024-11-21_10-34-23
B,795,6922.1,511.5,2024-11-21_10-34-25
B,796,6922.1,517.2,2024-11-21_10-34-26
B,797,6922.1,523.0,2024-11-21_10-34-27
B,798,6922.1,528.8,2024-11-21_10-34-29
B,799,6922.1,534.5,2024-11-21_10-34-31
B,800,6922.1,540.2,2024-11-21_10-34-32
B,801,6922.1,546.0,2024-11-21_10-34-33
B,802,6922.1,551.8,2024-11-21_10-34-35
B,803,6922.1,557.5,2024-11-21_10-34-36
B,804,6922.1,563.2,2024-11-21_10-34-37
B,805,6922.1,569.0,2024-11-21_10-34-38
B,806,6922.1,574.8,2024-11-21_10-34-39
B,807,6922.1,580.5,2024-11-21_10-34-40
B,808,6922.1,586.2,2024-11-21_10-34-41
B,809,6922.1,592.0,2024-11-21_10-34-42
B,810,6922.1,597.8,2024-11-21_10-34-44
B,811,6922.1,603.5,2024-11-21_10-34-46
B,812,6922.1,609.2,2024-11-21_10-34-48
B,813,6922.1,615.0,2024-11-21_10-34-49
B,814,6922.1,620.8,2024-11-21_10-34-51
B,815,6922.1,626.5,2024-11-21_10-34-52
B,816,6922.1,632.2,2024-11-21_10-34-53
B,817,6922.1,638.0,2024-11-21_10-34-56
B,818,6922.1,643.8,2024-11-21_10-34-57
B,819,6922.1,649.5,2024-11-21_10-34-59
B,820,6922.1,655.2,2024-11-21_10-35-01
B,821,6922.1,661.0,2024-11-21_10-35-02
B,822,6922.1,666.8,2024-11-21_10-35-03
B,823,6922.1,672.5,2024-11-21_10-35-05
B,824,6922.1,678.2,2024-11-21_10-35-06
B,825,6922.1,684.0,2024-11-21_10-35-08
B,826,6922.1,689.8,2024-11-21_10-35-10
B,827,6922.1,695.5,2024-11-21_10-35-12
B,828,6922.1,701.2,2024-11-21_10-35-15
B,829,6922.1,707.0,2024-11-21_10-35-18
B,830,6922.1,712.8,2024-11-21_10-35-18
B,831,6922.1,718.5,2024-11-21_10-35-20
B,832,6922.1,724.2,2024-11-21_10-35-22
B,833,6922.1,730.0,2024-11-21_10-35-27
B,834,6922.1,735.8,2024-11-21_10-35-29
B,835,6922.1,741.5,2024-11-21_10-35-32
B,836,6922.1,747.2,2024-11-21_10-35-34
B,837,6922.1,753.0,2024-11-21_10-35-38
B,838,6922.1,758.8,2024-11-21_10-35-41
B,839,6922.1,764.5,2024-11-21_10-35-44
B,840,6922.1,770.2,2024-11-21_10-35-48
B,841,6922.1,776.0,2024-11-21_10-35-50
B,842,6922.1,781.8,2024-11-21_10-36-19
B,843,6922.1,787.5,2024-11-21_10-36-43
B,844,6922.1,793.2,2024-11-21_10-36-47
B,845,6922.1,799.0,2024-11-21_10-36-54
B,846,6922.1,804.8,2024-11-21_10-36-58
B,847,6922.1,810.5,2024-11-21_10-37-10
B,848,6922.1,816.2,2024-11-21_10-37-15
B,849,6922.1,822.0,2024-11-21_10-37-32
B,850,6922.1,827.8,2024-11-21_10-37-38
B,851,6922.1,833.5,2024-11-21_10-37-43
B,853,6922.1,845.0,2024-11-21_10-38-20
B,856,6922.1,862.2,2024-11-21_10-39-35
B,857,6922.1,868.0,2024-11-21_10-39-44
B,858,6922.1,873.8,2024-11-21_10-39-50
B,859,6922.1,879.5,2024-11-21_10-39-53
B,860,6922.1,885.2,2024-11-21_10-39-54
B,861,6922.1,891.0,2024-11-21_10-39-56
B,862,6922.1,896.8,2024-11-21_10-39-59
B,863,6922.1,902.5,2024-11-21_10-40-01
B,864,6922.1,908.2,2024-11-21_10-40-02
B,865,6922.1,914.0,2024-11-21_10-40-03
B,866,6922.1,919.8,2024-11-21_10-40-04
B,867,6922.1,925.5,2024-11-21_10-40-05
B,868,6922.1,931.2,2024-11-21_10-40-06
B,869,6922.1,937.0,2024-11-21_10-40-07
B,870,6922.1,942.8,2024-11-21_10-40-08
B,871,6922.1,948.5,2024-11-21_10-40-09
B,872,6922.1,954.2,2024-11-21_10-40-10
B,873,6922.1,960.0,2024-11-21_10-40-11
B,874,6922.1,965.8,2024-11-21_10-40-12
B,875,6922.1,971.5,2024-11-21_10-40-13
B,876,6922.1,977.2,2024-11-21_10-40-13
B,877,6922.1,983.0,2024-11-21_10-40-14
B,878,6922.1,988.8,2024-11-21_10-40-15
B,879,6922.1,994.5,2024-11-21_10-40-16
B,880,6922.1,1000.2,2024-11-21_10-40-17
B,881,6922.1,1006.0,2024-11-21_10-40-17
B,882,6922.1,1011.8,2024-11-21_10-40-18
B,883,6922.1,1017.5,2024-11-21_10-40-19
B,884,6922.1,1023.2,2024-11-21_10-40-20
B,885,6922.1,1029.0,2024-11-21_10-40-22
B,886,6922.1,1034.8,2024-11-21_10-40-23
B,887,6922.1,1040.5,2024-11-21_10-40-24
B,888,6922.1,1046.2,2024-11-21_10-40-25
B,889,6922.1,1052.0,2024-11-21_10-40-26
B,890,6922.1,1057.8,2024-11-21_10-40-26
B,891,6922.1,1063.5,2024-11-21_10-40-27
B,892,6922.1,1069.2,2024-11-21_10-40-28
B,893,6922.1,1075.0,2024-11-21_10-40-29
B,894,6922.1,1080.8,2024-11-21_10-40-30
B,895,6922.1,1086.5,2024-11-21_10-40-31
B,896,6922.1,1092.2,2024-11-21_10-40-32
B,897,6922.1,1098.0,2024-11-21_10-40-33
B,898,6922.1,1103.8,2024-11-21_10-40-34
B,899,6922.1,1109.5,2024-11-21_10-40-35
B,900,6922.1,1115.2,2024-11-21_10-40-36
B,901,6922.1,1121.0,2024-11-21_10-40-37
B,902,6922.1,1126.8,2024-11-21_10-40-38
B,903,6922.1,1132.5,2024-11-21_10-40-39
B,904,6922.1,1138.2,2024-11-21_10-40-40
B,905,6922.1,1144.0,2024-11-21_10-40-41
B,906,6922.1,1149.8,2024-11-21_10-40-42
B,907,6922.1,1155.5,2024-11-21_10-40-43
B,908,6922.1,1161.2,2024-11-21_10-40-44
B,909,6922.1,1167.0,2024-11-21_10-40-45
B,910,6922.1,1172.8,2024-11-21_10-40-46
B,911,6922.1,1178.5,2024-11-21_10-40-46
B,912,6922.1,1184.2,2024-11-21_10-40-47
B,913,6922.1,1190.0,2024-11-21_10-40-48
B,914,6922.1,1195.8,2024-11-21_10-40-49
B,915,6922.1,1201.5,2024-11-21_10-40-50
B,916,6922.1,1207.2,2024-11-21_10-40-51
B,917,6922.1,1213.0,2024-11-21_10-40-52
B,918,6922.1,1218.8,2024-11-21_10-40-53
B,919,6922.1,1224.5,2024-11-21_10-40-54
B,920,6922.1,1230.2,2024-11-21_10-40-55
B,921,6922.1,1236.0,2024-11-21_10-40-56
B,922,6922.1,1241.8,2024-11-21_10-40-57
B,923,6922.1,1247.5,2024-11-21_10-40-58
B,924,6922.1,1253.2,2024-11-21_10-41-00
B,925,6922.1,1259.0,2024-11-21_10-41-01
B,926,6922.1,1264.8,2024-11-21_10-41-02
B,927,6922.1,1270.5,2024-11-21_10-41-03
B,928,6922.1,1276.2,2024-11-21_10-41-04
B,929,6922.1,1282.0,2024-11-21_10-41-05
B,930,6922.1,1287.8,2024-11-21_10-41-06
B,931,6922.1,1293.5,2024-11-21_10-41-07
B,932,6922.1,1299.2,2024-11-21_10-41-10
B,933,6922.1,1305.0,2024-11-21_10-41-12
B,934,6922.1,1310.8,2024-11-21_10-41-12
B,935,6922.1,1316.5,2024-11-21_10-41-13
B,936,6922.1,1322.2,2024-11-21_10-41-14
B,937,6922.1,1328.0,2024-11-21_10-41-17
B,938,6922.1,1333.8,2024-11-21_10-41-19
B,939,6922.1,1339.5,2024-11-21_10-41-21
B,940,6922.1,1345.2,2024-11-21_10-41-22
B,941,6922.1,1351.0,2024-11-21_10-41-24
B,942,6922.1,1356.8,2024-11-21_10-41-25
B,943,6922.1,1362.5,2024-11-21_10-41-26
B,944,6922.1,1368.2,2024-11-21_10-41-27
B,945,6922.1,1374.0,2024-11-21_10-41-28
B,946,6922.1,1379.8,2024-11-21_10-41-29
B,947,6922.1,1385.5,2024-11-21_10-41-30
B,948,6922.1,1391.2,2024-11-21_10-41-31
B,949,6922.1,1397.0,2024-11-21_10-41-32
B,952,6922.1,1414.2,2024-11-21_10-42-38
B,953,6922.1,1420.0,2024-11-21_10-42-39
B,954,6922.1,1425.8,2024-11-21_10-42-41
B,955,6922.1,1431.5,2024-11-21_10-42-42
B,956,6922.1,1437.2,2024-11-21_10-42-44
B,957,6922.1,1443.0,2024-11-21_10-42-45
B,958,6922.1,1448.8,2024-11-21_10-42-46
B,959,6922.1,1454.5,2024-11-21_10-42-48
B,960,6922.1,1460.2,2024-11-21_10-42-50
B,961,6922.1,1466.0,2024-11-21_10-42-51
B,962,6922.1,1471.8,2024-11-21_10-42-53
B,963,6922.1,1477.5,2024-11-21_10-42-54
B,964,6922.1,1483.2,2024-11-21_10-42-55
B,965,6922.1,1489.0,2024-11-21_10-42-56
B,966,6922.1,1494.8,2024-11-21_10-42-57
B,967,6922.1,1500.5,2024-11-21_10-42-58
B,968,6922.1,1506.2,2024-11-21_10-43-00
B,969,6922.1,1512.0,2024-11-21_10-43-03
B,970,6922.1,1517.8,2024-11-21_10-43-04
B,971,6922.1,1523.5,2024-11-21_10-43-05
B,972,6922.1,1529.2,2024-11-21_10-43-06
B,973,6922.1,1535.0,2024-11-21_10-43-08
B,974,6922.1,1540.8,2024-11-21_10-43-09
B,975,6922.1,1546.5,2024-11-21_10-43-10
B,976,6922.1,1552.2,2024-11-21_10-43-11
B,977,6922.1,1558.0,2024-11-21_10-43-12
B,978,6922.1,1563.8,2024-11-21_10-43-13
B,979,6922.1,1569.5,2024-11-21_10-43-14
B,980,6922.1,1575.2,2024-11-21_10-43-15
B,981,6922.1,1581.0,2024-11-21_10-43-16
B,982,6922.1,1586.8,2024-11-21_10-43-17
B,983,6922.1,1592.5,2024-11-21_10-43-19
B,984,6922.1,1598.2,2024-11-21_10-43-20
B,985,6922.1,1604.0,2024-11-21_10-43-21
B,986,6922.1,1609.8,2024-11-21_10-43-22
B,987,6922.1,1615.5,2024-11-21_10-43-23
B,988,6922.1,1621.2,2024-11-21_10-43-24
B,989,6922.1,1627.0,2024-11-21_10-43-26
B,990,6922.1,1632.8,2024-11-21_10-43-32
B,991,6922.1,1638.5,2024-11-21_10-43-34
B,992,6922.1,1644.2,2024-11-21_10-43-34
B,993,6922.1,1650.0,2024-11-21_10-43-35
B,994,6922.1,1655.8,2024-11-21_10-43-36
B,995,6922.1,1661.5,2024-11-21_10-43-37
B,996,6922.1,1667.2,2024-11-21_10-43-38
B,997,6922.1,1673.0,2024-11-21_10-43-39
B,998,6922.1,1678.8,2024-11-21_10-43-40
B,999,6922.1,1684.5,2024-11-21_10-43-40
B,1000,6922.1,1690.2,2024-11-21_10-43-41
B,1001,6922.1,1696.0,2024-11-21_10-43-42
B,1002,6922.1,1701.8,2024-11-21_10-43-43
B,1003,6922.1,1707.5,2024-11-21_10-43-44
B,1004,6922.1,1713.2,2024-11-21_10-43-45
B,1005,6922.1,1719.0,2024-11-21_10-43-46
B,1006,6922.1,1724.8,2024-11-21_10-43-47
B,1007,6922.1,1730.5,2024-11-21_10-43-47
B,1008,6922.1,1736.2,2024-11-21_10-43-48
B,1009,6922.1,1742.0,2024-11-21_10-43-50
B,1010,6922.1,1747.8,2024-11-21_10-43-50
B,1011,6922.1,1753.5,2024-11-21_10-43-51
B,1012,6922.1,1759.2,2024-11-21_10-43-52
B,1013,6922.1,1765.0,2024-11-21_10-43-53
B,1014,6922.1,1770.8,2024-11-21_10-43-54
B,1015,6922.1,1776.5,2024-11-21_10-43-55
B,1016,6922.1,1782.2,2024-11-21_10-43-56
B,1017,6922.1,1788.0,2024-11-21_10-43-57
B,1018,6922.1,1793.8,2024-11-21_10-43-57
B,1019,6922.1,1799.5,2024-11-21_10-43-58
B,1020,6922.1,1805.2,2024-11-21_10-43-59
B,1021,6922.1,1811.0,2024-11-21_10-44-00
B,1022,6922.1,1816.8,2024-11-21_10-44-01
B,1023,6922.1,1822.5,2024-11-21_10-44-02
B,1024,6922.1,1828.2,2024-11-21_10-44-02
B,1025,6922.1,1834.0,2024-11-21_10-44-03
B,1026,6922.1,1839.8,2024-11-21_10-44-04
B,1027,6922.1,1845.5,2024-11-21_10-44-05
B,1028,6922.1,1851.2,2024-11-21_10-44-06
B,1029,6922.1,1857.0,2024-11-21_10-44-07
B,1030,6922.1,1862.8,2024-11-21_10-44-07
B,1031,6922.1,1868.5,2024-11-21_10-44-09
B,1032,6922.1,1874.2,2024-11-21_10-44-09
B,1033,6922.1,1880.0,2024-11-21_10-44-10
B,1034,6922.1,1885.8,2024-11-21_10-44-11
B,1035,6922.1,1891.5,2024-11-21_10-44-11
B,1036,6922.1,1897.2,2024-11-21_10-44-12
B,1037,6922.1,1903.0,2024-11-21_10-44-13
B,1038,6922.1,1908.8,2024-11-21_10-44-14
B,1039,6922.1,1914.5,2024-11-21_10-44-14
B,1040,6922.1,1920.2,2024-11-21_10-44-15
B,1041,6922.1,1926.0,2024-11-21_10-44-16
B,1042,6922.1,1931.8,2024-11-21_10-44-17
B,1043,6922.1,1937.5,2024-11-21_10-44-17
B,1044,6922.1,1943.2,2024-11-21_10-44-18
B,1045,6922.1,1949.0,2024-11-21_10-44-19
B,1046,6922.1,1954.8,2024-11-21_10-44-21
B,1047,6922.1,1960.5,2024-11-21_10-44-21
B,1048,6922.1,1966.2,2024-11-21_10-44-22
B,1049,6922.1,1972.0,2024-11-21_10-44-23
B,1050,6922.1,1977.8,2024-11-21_10-44-24
B,1051,6922.1,1983.5,2024-11-21_10-44-25
B,1052,6922.1,1989.2,2024-11-21_10-44-26
B,1053,6922.1,1995.0,2024-11-21_10-44-26
B,1054,6922.1,2000.8,2024-11-21_10-44-27
B,1055,6922.1,2006.5,2024-11-21_10-44-28
B,1056,6922.1,2012.2,2024-11-21_10-44-29
B,1057,6922.1,2018.0,2024-11-21_10-44-29
B,1058,6922.1,2023.8,2024-11-21_10-44-30
B,1059,6922.1,2029.5,2024-11-21_10-44-31
B,1060,6922.1,2035.2,2024-11-21_10-44-31
B,1061,6922.1,2041.0,2024-11-21_10-44-32
B,1062,6922.1,2046.8,2024-11-21_10-44-33
B,1063,6922.1,2052.5,2024-11-21_10-44-34
B,1064,6922.1,2058.2,2024-11-21_10-44-35
B,1065,6922.1,2064.0,2024-11-21_10-44-35
B,1066,6922.1,2069.8,2024-11-21_10-44-36
B,1067,6922.1,2075.5,2024-11-21_10-44-37
B,1068,6922.1,2081.2,2024-11-21_10-44-38
B,1069,6922.1,2087.0,2024-11-21_10-44-39
B,1070,6922.1,2092.8,2024-11-21_10-44-39
B,1071,6922.1,2098.5,2024-11-21_10-44-40
B,1072,6922.1,2104.2,2024-11-21_10-44-41
B,1073,6922.1,2110.0,2024-11-21_10-44-42
B,1074,6922.1,2115.8,2024-11-21_10-44-43
B,1075,6922.1,2121.5,2024-11-21_10-44-43
B,1076,6922.1,2127.2,2024-11-21_10-44-45
B,1077,6922.1,2133.0,2024-11-21_10-44-46
B,1078,6922.1,2138.8,2024-11-21_10-44-47
B,1079,6922.1,2144.5,2024-11-21_10-44-49
B,1080,6922.1,2150.2,2024-11-21_10-44-52
B,1081,6922.1,2156.0,2024-11-21_10-44-53
B,1082,6922.1,2161.8,2024-11-21_10-44-54
B,1083,6922.1,2167.5,2024-11-21_10-44-56
B,1084,6922.1,2173.2,2024-11-21_10-44-56
B,1085,6922.1,2179.0,2024-11-21_10-44-58
B,1086,6922.1,2184.8,2024-11-21_10-44-59
B,1087,6922.1,2190.5,2024-11-21_10-45-01
B,1088,6922.1,2196.2,2024-11-21_10-45-03
B,1089,6922.1,2202.0,2024-11-21_10-45-05
B,1090,6922.1,2207.8,2024-11-21_10-45-06
B,1091,6922.1,2213.5,2024-11-21_10-45-07
B,1092,6922.1,2219.2,2024-11-21_10-45-08
B,1093,6922.1,2225.0,2024-11-21_10-45-09
B,1094,6922.1,2230.8,2024-11-21_10-45-10
B,1095,6922.1,2236.5,2024-11-21_10-45-11
B,1096,6922.1,2242.2,2024-11-21_10-45-13
B,1097,6922.1,2248.0,2024-11-21_10-45-15
B,1098,6922.1,2253.8,2024-11-21_10-45-15
B,1099,6922.1,2259.5,2024-11-21_10-45-16
B,1100,6922.1,2265.2,2024-11-21_10-45-17
B,1101,6922.1,2271.0,2024-11-21_10-45-20
B,1102,6922.1,2276.8,2024-11-21_10-45-22
B,1103,6922.1,2282.5,2024-11-21_10-45-22
B,1104,6922.1,2288.2,2024-11-21_10-45-23
B,1105,6922.1,2294.0,2024-11-21_10-45-24
B,1106,6922.1,2299.8,2024-11-21_10-45-30
B,1107,6922.1,2305.5,2024-11-21_10-45-34
B,1108,6922.1,2311.2,2024-11-21_10-45-35
B,1109,6922.1,2317.0,2024-11-21_10-45-40
B,1110,6922.1,2322.8,2024-11-21_10-45-42
B,1111,6922.1,2328.5,2024-11-21_10-45-44
B,1112,6922.1,2334.2,2024-11-21_10-45-47
B,1113,6922.1,2340.0,2024-11-21_10-45-48
B,1114,6922.1,2345.8,2024-11-21_10-45-49
B,1115,6922.1,2351.5,2024-11-21_10-46-09
B,1116,6922.1,2357.2,2024-11-21_10-46-12
B,1117,6922.1,2363.0,2024-11-21_10-46-15
B,1118,6922.1,2368.8,2024-11-21_10-46-24
B,1119,6922.1,2374.5,2024-11-21_10-46-26
B,1120,6922.1,2380.2,2024-11-21_10-46-35
B,1121,6922.1,2386.0,2024-11-21_10-46-36
B,1122,6922.1,2391.8,2024-11-21_10-46-37
B,1123,6922.1,2397.5,2024-11-21_10-46-39
B,1124,6930.1,2397.5,2024-11-21_10-46-40
B,1125,6938.1,2397.5,2024-11-21_10-46-40
B,1126,6946.1,2397.5,2024-11-21_10-46-41
B,1127,6954.1,2397.5,2024-11-21_10-46-42
B,1128,6962.1,2397.5,2024-11-21_10-46-43
B,1129,6970.1,2397.5,2024-11-21_10-46-43
B,1130,6978.1,2397.5,2024-11-21_10-46-44
B,1131,6986.1,2397.5,2024-11-21_10-46-45
B,1132,6994.1,2397.5,2024-11-21_10-46-46
B,1133,7002.1,2397.5,2024-11-21_10-46-46
B,1134,7010.1,2397.5,2024-11-21_10-46-47
B,1135,7018.1,2397.5,2024-11-21_10-46-48
B,1136,7026.1,2397.5,2024-11-21_10-46-54
B,951,6922.1,1408.5,2024-11-21_10-53-22
B,950,6922.1,1402.8,2024-11-21_10-53-24
B,855,6922.1,856.5,2024-11-21_10-53-26
B,854,6922.1,850.8,2024-11-21_10-53-38
B,852,6922.1,839.2,2024-11-21_10-53-39
B,634,5962.1,275.8,2024-11-21_10-53-49
B,508,4953.9,275.8,2024-11-21_10-53-52
B,497,4865.9,275.8,2024-11-21_10-53-58
B,375,3889.9,275.8,2024-11-21_10-54-00
B,302,3309.0,275.8,2024-11-21_10-54-00
B,300,3293.0,275.8,2024-11-21_10-54-01
B,201,2501.0,275.8,2024-11-21_10-54-04
B,22,1162.0,209.4,2024-11-21_10-54-12
B,16,1114.0,209.4,2024-11-21_10-54-17
B,201,2501.0,275.8,2024-11-21_11-04-54
B,300,3293.0,275.8,2024-11-21_11-04-57
B,375,3889.9,275.8,2024-11-21_11-05-05
B,508,4953.9,275.8,2024-11-21_11-05-07
B,300,3293.0,275.8,2024-11-21_11-06-47
B,375,3889.9,275.8,2024-11-21_11-06-55
B,508,4953.9,275.8,2024-11-21_11-07-02
B,375,3889.9,275.8,2024-11-21_11-08-24
B,48,1277.0,275.8,2024-11-21_11-12-40
B,130,1933.0,275.8,2024-11-21_11-12-51
B,180,2333.0,275.8,2024-11-21_11-12-57
B,200,2493.0,275.8,2024-11-21_11-13-01
B,209,2565.0,275.8,2024-11-21_11-13-05
B,214,2605.0,275.8,2024-11-21_11-13-09
B,302,3309.0,275.8,2024-11-21_11-13-19
B,328,3317.0,417.3,2024-11-21_11-13-47
B,331,3537.9,275.8,2024-11-21_11-13-53
B,332,3545.9,275.8,2024-11-21_11-13-57
B,333,3553.9,275.8,2024-11-21_11-14-00
B,335,3569.9,275.8,2024-11-21_11-14-06
B,370,3849.9,275.8,2024-11-21_11-14-12
B,371,3857.9,275.8,2024-11-21_11-14-16
B,372,3865.9,275.8,2024-11-21_11-14-19
B,373,3873.9,275.8,2024-11-21_11-14-47
B,374,3881.9,275.8,2024-11-21_11-15-44
B,375,3889.9,275.8,2024-11-21_11-15-48
B,402,4105.9,275.8,2024-11-21_11-15-55
B,502,4905.9,275.8,2024-11-21_11-16-01
B,510,4969.9,275.8,2024-11-21_11-16-05
B,522,5065.9,275.8,2024-11-21_11-16-11
B,623,5874.1,275.8,2024-11-21_11-16-38
B,637,5986.1,275.8,2024-11-21_11-16-59
B,679,6322.1,275.8,2024-11-21_11-17-08
B,680,6330.1,275.8,2024-11-21_11-17-21
B,1080,6922.1,2150.2,2024-11-21_11-17-32
B,1081,6922.1,2156.0,2024-11-21_11-17-49
B,1087,6922.1,2190.5,2024-11-21_11-18-09
B,1088,6922.1,2196.2,2024-11-21_11-18-22
B,1093,6922.1,2225.0,2024-11-21_11-18-34
B,1109,6922.1,2317.0,2024-11-21_11-18-44
B,1111,6922.1,2328.5,2024-11-21_11-18-48
B,1112,6922.1,2334.2,2024-11-21_11-19-00
B,1114,6922.1,2345.8,2024-11-21_11-19-22
B,1118,6922.1,2368.8,2024-11-21_11-19-48
B,48,1277.0,275.8,2024-11-21_11-23-21
A,208,1197.6,252.8,2024-11-21_11-42-28
A,209,1197.6,247.0,2024-11-21_11-42-29
A,210,1197.6,241.2,2024-11-21_11-42-30
A,211,1197.6,235.5,2024-11-21_11-42-31
A,212,1197.6,229.8,2024-11-21_11-42-33
A,213,1197.6,224.0,2024-11-21_11-42-34
A,214,1205.6,224.0,2024-11-21_11-42-35
A,215,1213.6,224.0,2024-11-21_11-42-37
A,216,1221.6,224.0,2024-11-21_11-42-38
A,217,1229.6,224.0,2024-11-21_11-42-39
A,218,1237.6,224.0,2024-11-21_11-42-40
A,219,1245.6,224.0,2024-11-21_11-42-41
A,220,1253.6,224.0,2024-11-21_11-42-43
A,221,1261.6,224.0,2024-11-21_11-42-44
A,222,1269.6,224.0,2024-11-21_11-42-45
A,223,1277.6,224.0,2024-11-21_11-42-47
A,224,1285.6,224.0,2024-11-21_11-42-48
A,225,1293.6,224.0,2024-11-21_11-42-49
A,226,1301.6,224.0,2024-11-21_11-42-51
A,227,1309.6,224.0,2024-11-21_11-42-52
A,228,1317.6,224.0,2024-11-21_11-42-54
A,229,1325.6,224.0,2024-11-21_11-42-55
A,230,1333.6,224.0,2024-11-21_11-42-56
A,231,1341.6,224.0,2024-11-21_11-42-58
A,232,1349.6,224.0,2024-11-21_11-43-01
A,233,1357.6,224.0,2024-11-21_11-43-02
A,234,1365.6,224.0,2024-11-21_11-43-04
A,235,1373.6,224.0,2024-11-21_11-43-05
A,236,1381.6,224.0,2024-11-21_11-43-08
A,237,1389.6,224.0,2024-11-21_11-43-10
A,238,1397.6,224.0,2024-11-21_11-43-12
A,239,1405.6,224.0,2024-11-21_11-43-13
A,240,1413.6,224.0,2024-11-21_11-43-15
A,241,1421.6,224.0,2024-11-21_11-43-17
A,242,1429.6,224.0,2024-11-21_11-43-18
A,243,1437.6,224.0,2024-11-21_11-43-19
A,244,1445.6,224.0,2024-11-21_11-43-20
A,245,1453.6,224.0,2024-11-21_11-43-21
A,246,1461.6,224.0,2024-11-21_11-43-23
A,247,1469.6,224.0,2024-11-21_11-43-24
A,248,1477.6,224.0,2024-11-21_11-43-25
A,249,1485.6,224.0,2024-11-21_11-43-27
A,250,1493.6,224.0,2024-11-21_11-43-28
A,251,1501.6,224.0,2024-11-21_11-43-29
A,252,1509.6,224.0,2024-11-21_11-43-30
A,253,1517.6,224.0,2024-11-21_11-43-30
A,254,1525.6,224.0,2024-11-21_11-43-32
A,255,1533.6,224.0,2024-11-21_11-43-33
A,256,1541.6,224.0,2024-11-21_11-43-34
A,257,1549.6,224.0,2024-11-21_11-43-35
A,258,1557.6,224.0,2024-11-21_11-43-37
A,259,1565.6,224.0,2024-11-21_11-43-38
A,260,1573.6,224.0,2024-11-21_11-43-39
A,261,1581.6,224.0,2024-11-21_11-43-41
A,262,1589.6,224.0,2024-11-21_11-43-42
A,263,1597.6,224.0,2024-11-21_11-43-43
A,264,1605.6,224.0,2024-11-21_11-43-44
A,265,1613.6,224.0,2024-11-21_11-43-45
A,266,1621.6,224.0,2024-11-21_11-43-46
A,267,1629.6,224.0,2024-11-21_11-43-47
A,268,1637.6,224.0,2024-11-21_11-43-48
A,269,1645.6,224.0,2024-11-21_11-43-49
A,270,1653.6,224.0,2024-11-21_11-43-52
A,271,1661.6,224.0,2024-11-21_11-43-54
A,272,1669.6,224.0,2024-11-21_11-43-58
A,273,1677.6,224.0,2024-11-21_11-44-01
A,274,1685.6,224.0,2024-11-21_11-44-04
A,275,1693.6,224.0,2024-11-21_11-44-06
A,276,1701.6,224.0,2024-11-21_11-44-10
A,277,1709.6,224.0,2024-11-21_11-44-12
A,278,1717.6,224.0,2024-11-21_11-44-15
A,279,1725.6,224.0,2024-11-21_11-44-18
A,280,1733.6,224.0,2024-11-21_11-44-20
A,281,1741.6,224.0,2024-11-21_11-44-25
A,282,1749.6,224.0,2024-11-21_11-44-27
A,283,1757.6,224.0,2024-11-21_11-44-32
A,284,1765.6,224.0,2024-11-21_11-44-58
A,285,1773.6,224.0,2024-11-21_11-45-01
A,286,1781.6,224.0,2024-11-21_11-45-08
A,287,1789.6,224.0,2024-11-21_11-45-09
A,288,1797.6,224.0,2024-11-21_11-45-14
A,289,1805.6,224.0,2024-11-21_11-45-18
A,290,1813.6,224.0,2024-11-21_11-45-19
A,408,1197.6,252.8,2024-11-21_11-48-03
A,409,1197.6,247.0,2024-11-21_11-48-04
A,410,1197.6,241.3,2024-11-21_11-48-06
A,411,1197.6,235.5,2024-11-21_11-48-07
A,412,1197.6,229.8,2024-11-21_11-48-08
A,413,1197.6,224.0,2024-11-21_11-48-10
A,414,1205.6,224.0,2024-11-21_11-48-11
A,415,1213.6,224.0,2024-11-21_11-48-12
A,416,1221.6,224.0,2024-11-21_11-48-13
A,417,1229.6,224.0,2024-11-21_11-48-15
A,418,1237.6,224.0,2024-11-21_11-48-16
A,419,1245.6,224.0,2024-11-21_11-48-17
A,420,1253.6,224.0,2024-11-21_11-48-18
A,421,1261.6,224.0,2024-11-21_11-48-19
A,422,1269.6,224.0,2024-11-21_11-48-20
A,423,1277.6,224.0,2024-11-21_11-48-21
A,424,1285.6,224.0,2024-11-21_11-48-23
A,425,1293.6,224.0,2024-11-21_11-48-24
A,426,1301.6,224.0,2024-11-21_11-48-26
A,427,1309.6,224.0,2024-11-21_11-48-27
A,428,1317.6,224.0,2024-11-21_11-48-28
A,429,1325.6,224.0,2024-11-21_11-48-29
A,430,1333.6,224.0,2024-11-21_11-48-31
A,431,1341.6,224.0,2024-11-21_11-48-32
A,432,1349.6,224.0,2024-11-21_11-48-33
A,433,1357.6,224.0,2024-11-21_11-48-36
A,434,1365.6,224.0,2024-11-21_11-48-37
A,435,1373.6,224.0,2024-11-21_11-48-38
A,436,1381.6,224.0,2024-11-21_11-48-40
A,437,1389.6,224.0,2024-11-21_11-48-41
A,438,1397.6,224.0,2024-11-21_11-48-42
A,439,1405.6,224.0,2024-11-21_11-48-44
A,440,1413.6,224.0,2024-11-21_11-48-47
A,441,1421.6,224.0,2024-11-21_11-48-49
A,442,1429.6,224.0,2024-11-21_11-48-51
A,443,1437.6,224.0,2024-11-21_11-48-52
A,444,1445.6,224.0,2024-11-21_11-48-54
A,445,1453.6,224.0,2024-11-21_11-48-55
A,446,1461.6,224.0,2024-11-21_11-48-57
A,447,1469.6,224.0,2024-11-21_11-48-58
A,448,1477.6,224.0,2024-11-21_11-48-59
A,449,1485.6,224.0,2024-11-21_11-49-00
A,450,1493.6,224.0,2024-11-21_11-49-01
A,451,1501.6,224.0,2024-11-21_11-49-02
A,452,1509.6,224.0,2024-11-21_11-49-03
A,453,1517.6,224.0,2024-11-21_11-49-05
A,454,1525.6,224.0,2024-11-21_11-49-05
A,455,1533.6,224.0,2024-11-21_11-49-07
A,456,1541.6,224.0,2024-11-21_11-49-09
A,457,1549.6,224.0,2024-11-21_11-49-10
A,458,1557.6,224.0,2024-11-21_11-49-11
A,459,1565.6,224.0,2024-11-21_11-49-11
A,460,1573.6,224.0,2024-11-21_11-49-13
A,461,1581.6,224.0,2024-11-21_11-49-14
A,462,1589.6,224.0,2024-11-21_11-49-15
A,463,1597.6,224.0,2024-11-21_11-49-16
A,464,1605.6,224.0,2024-11-21_11-49-17
A,465,1613.6,224.0,2024-11-21_11-49-18
A,466,1621.6,224.0,2024-11-21_11-49-19
A,467,1629.6,224.0,2024-11-21_11-49-19
A,468,1637.6,224.0,2024-11-21_11-49-21
A,469,1645.6,224.0,2024-11-21_11-49-22
A,470,1653.6,224.0,2024-11-21_11-49-23
A,471,1661.6,224.0,2024-11-21_11-49-25
A,472,1669.6,224.0,2024-11-21_11-49-26
A,473,1677.6,224.0,2024-11-21_11-49-28
A,474,1685.6,224.0,2024-11-21_11-49-29
A,475,1693.6,224.0,2024-11-21_11-49-30
A,476,1701.6,224.0,2024-11-21_11-49-32
A,477,1709.6,224.0,2024-11-21_11-49-33
A,478,1717.6,224.0,2024-11-21_11-49-34
A,479,1725.6,224.0,2024-11-21_11-49-35
A,480,1733.6,224.0,2024-11-21_11-49-38
A,481,1741.6,224.0,2024-11-21_11-49-39
A,482,1749.6,224.0,2024-11-21_11-49-40
A,483,1757.6,224.0,2024-11-21_11-49-41
A,484,1765.6,224.0,2024-11-21_11-49-42
A,485,1773.6,224.0,2024-11-21_11-49-43
A,486,1781.6,224.0,2024-11-21_11-49-45
A,487,1789.6,224.0,2024-11-21_11-49-46
A,488,1797.6,224.0,2024-11-21_11-49-49
A,489,1805.6,224.0,2024-11-21_11-49-50
A,490,1813.6,224.0,2024-11-21_11-49-52
A,491,1821.6,224.0,2024-11-21_11-49-53
A,492,1829.6,224.0,2024-11-21_11-49-54
A,493,1837.6,224.0,2024-11-21_11-49-57
A,494,1845.6,224.0,2024-11-21_11-49-58
A,495,1853.6,224.0,2024-11-21_11-50-00
A,496,1861.6,224.0,2024-11-21_11-50-03
A,497,1869.6,224.0,2024-11-21_11-50-04
A,498,1877.6,224.0,2024-11-21_11-50-06
A,499,1885.6,224.0,2024-11-21_11-50-07
A,500,1893.6,224.0,2024-11-21_11-50-09
A,501,1901.6,224.0,2024-11-21_11-50-10
A,502,1909.6,224.0,2024-11-21_11-50-10
A,503,1917.6,224.0,2024-11-21_11-50-12
A,504,1925.6,224.0,2024-11-21_11-50-13
A,505,1933.6,224.0,2024-11-21_11-50-14
A,506,1941.6,224.0,2024-11-21_11-50-15
A,507,1949.6,224.0,2024-11-21_11-50-16
A,508,1957.6,224.0,2024-11-21_11-50-17
A,509,1965.6,224.0,2024-11-21_11-50-19
A,510,1973.6,224.0,2024-11-21_11-50-22
A,511,1981.6,224.0,2024-11-21_11-50-23
A,512,1989.6,224.0,2024-11-21_11-50-25
A,513,1997.6,224.0,2024-11-21_11-50-25
A,514,2005.6,224.0,2024-11-21_11-50-27
A,515,2013.6,224.0,2024-11-21_11-50-28
A,516,2021.6,224.0,2024-11-21_11-50-31
A,517,2029.6,224.0,2024-11-21_11-50-33
A,518,2037.6,224.0,2024-11-21_11-50-34
A,519,2045.6,224.0,2024-11-21_11-50-36
A,520,2053.6,224.0,2024-11-21_11-50-37
A,521,2061.6,224.0,2024-11-21_11-50-38
A,522,2069.6,224.0,2024-11-21_11-50-40
A,523,2077.6,224.0,2024-11-21_11-50-41
A,524,2085.6,224.0,2024-11-21_11-50-42
A,525,2093.6,224.0,2024-11-21_11-50-43
A,526,2101.6,224.0,2024-11-21_11-50-44
A,527,2109.6,224.0,2024-11-21_11-50-45
A,528,2117.6,224.0,2024-11-21_11-50-47
A,529,2125.6,224.0,2024-11-21_11-50-47
A,530,2425.6,433.9,2024-11-21_11-50-51
A,531,2425.6,428.2,2024-11-21_11-50-53
A,532,2425.6,422.4,2024-11-21_11-50-53
A,533,2425.6,416.7,2024-11-21_11-50-54
A,534,2425.6,410.9,2024-11-21_11-50-55
A,535,2425.6,405.2,2024-11-21_11-50-56
A,536,2425.6,399.4,2024-11-21_11-50-57
A,537,2425.6,393.7,2024-11-21_11-50-58
A,538,2425.6,387.9,2024-11-21_11-51-00
A,539,2425.6,382.2,2024-11-21_11-51-00
A,540,2425.6,376.4,2024-11-21_11-51-01
A,541,2425.6,370.7,2024-11-21_11-51-02
A,542,2425.6,364.9,2024-11-21_11-51-03
A,543,2425.6,359.2,2024-11-21_11-51-04
A,544,2425.6,353.4,2024-11-21_11-51-05
A,545,2425.6,347.7,2024-11-21_11-51-06
A,546,2425.6,341.9,2024-11-21_11-51-07
A,547,2425.6,336.2,2024-11-21_11-51-08
A,548,2333.5,264.2,2024-11-21_11-51-12
A,549,2333.5,258.5,2024-11-21_11-51-12
A,550,2333.5,252.8,2024-11-21_11-51-13
A,551,2333.5,247.0,2024-11-21_11-51-15
A,552,2333.5,241.2,2024-11-21_11-51-16
A,553,2333.5,235.5,2024-11-21_11-51-18
A,554,2333.5,229.8,2024-11-21_11-51-22
A,555,2333.5,224.0,2024-11-21_11-51-25
A,556,2341.5,224.0,2024-11-21_11-51-27
A,557,2349.5,224.0,2024-11-21_11-51-29
A,558,2357.5,224.0,2024-11-21_11-51-32
A,559,2365.5,224.0,2024-11-21_11-51-39
A,560,2373.5,224.0,2024-11-21_11-51-42
A,561,2381.5,224.0,2024-11-21_11-51-49
A,562,2389.5,224.0,2024-11-21_11-51-53
A,563,2397.5,224.0,2024-11-21_11-51-58
A,564,2405.5,224.0,2024-11-21_11-52-01
A,565,2413.5,224.0,2024-11-21_11-52-08
A,566,2421.5,224.0,2024-11-21_11-52-10
A,567,2429.5,224.0,2024-11-21_11-52-13
A,568,2437.5,224.0,2024-11-21_11-52-15
A,569,2445.5,224.0,2024-11-21_11-52-20
A,570,2453.5,224.0,2024-11-21_11-52-21
A,571,2461.5,224.0,2024-11-21_11-52-25
A,572,2469.5,224.0,2024-11-21_11-52-28
A,573,2477.5,224.0,2024-11-21_11-52-34
A,574,2485.5,224.0,2024-11-21_11-52-39
A,575,2493.5,224.0,2024-11-21_11-52-40
A,576,2501.5,224.0,2024-11-21_11-52-44
A,577,2509.5,224.0,2024-11-21_11-52-49
A,578,2517.5,224.0,2024-11-21_11-52-53
A,579,2525.5,224.0,2024-11-21_11-52-58
A,580,2533.5,224.0,2024-11-21_11-53-01
A,581,2541.5,224.0,2024-11-21_11-53-03
A,582,2549.5,224.0,2024-11-21_11-53-05
A,583,2557.5,224.0,2024-11-21_11-53-07
A,584,2565.5,224.0,2024-11-21_11-53-10
A,585,2573.5,224.0,2024-11-21_11-53-11
A,586,2581.5,224.0,2024-11-21_11-53-15
A,587,2589.5,224.0,2024-11-21_11-53-19
A,588,2597.5,224.0,2024-11-21_11-53-25
A,589,2605.5,224.0,2024-11-21_11-53-28
A,590,2613.5,224.0,2024-11-21_11-53-37
A,591,2621.5,224.0,2024-11-21_11-53-40
A,592,2629.5,224.0,2024-11-21_11-53-41
A,593,2637.5,224.0,2024-11-21_11-53-44
A,594,2645.5,224.0,2024-11-21_11-53-47
A,595,2653.5,224.0,2024-11-21_11-53-47
A,596,2661.5,224.0,2024-11-21_11-53-48
A,597,2669.5,224.0,2024-11-21_11-53-50
A,598,2677.5,224.0,2024-11-21_11-53-51
A,599,2685.5,224.0,2024-11-21_11-53-54
A,600,2693.5,224.0,2024-11-21_11-53-55
A,601,2701.5,224.0,2024-11-21_11-53-58
A,602,2709.5,224.0,2024-11-21_11-54-00
A,603,2717.5,224.0,2024-11-21_11-54-01
A,604,2725.5,224.0,2024-11-21_11-54-06
A,605,2733.5,224.0,2024-11-21_11-54-07
A,606,2741.5,224.0,2024-11-21_11-54-10
A,607,2749.5,224.0,2024-11-21_11-54-13
A,608,2757.5,224.0,2024-11-21_11-54-14
A,609,2765.5,224.0,2024-11-21_11-54-18
A,610,2773.5,224.0,2024-11-21_11-54-23
A,611,2781.5,224.0,2024-11-21_11-54-25
A,612,2789.5,224.0,2024-11-21_11-54-28
A,613,2797.5,224.0,2024-11-21_11-54-30
A,614,2805.5,224.0,2024-11-21_11-54-32
A,615,2813.5,224.0,2024-11-21_11-54-33
A,616,2821.5,224.0,2024-11-21_11-54-37
A,617,2829.5,224.0,2024-11-21_11-54-38
A,618,2837.5,224.0,2024-11-21_11-54-39
A,619,2845.5,224.0,2024-11-21_11-54-40
A,620,2853.5,224.0,2024-11-21_11-54-42
A,621,2861.5,224.0,2024-11-21_11-54-43
A,622,2869.5,224.0,2024-11-21_11-54-46
A,623,2877.5,224.0,2024-11-21_11-54-48
A,624,2885.5,224.0,2024-11-21_11-54-51
A,625,2893.5,224.0,2024-11-21_11-54-53
A,626,2901.5,224.0,2024-11-21_11-54-54
A,627,2909.5,224.0,2024-11-21_11-54-56
A,628,2917.5,224.0,2024-11-21_11-54-58
A,629,2925.5,224.0,2024-11-21_11-54-59
A,630,2933.5,224.0,2024-11-21_11-55-01
A,631,2941.5,224.0,2024-11-21_11-55-03
A,632,2949.5,224.0,2024-11-21_11-55-06
A,633,2957.5,224.0,2024-11-21_11-55-07
A,634,2965.5,224.0,2024-11-21_11-55-10
A,635,2973.5,224.0,2024-11-21_11-55-12
A,636,2981.5,224.0,2024-11-21_11-55-15
A,637,2989.5,224.0,2024-11-21_11-55-17
A,638,2997.5,224.0,2024-11-21_11-55-18
A,639,3005.5,224.0,2024-11-21_11-55-20
A,640,3013.5,224.0,2024-11-21_11-55-25
A,641,3021.5,224.0,2024-11-21_11-55-26
A,642,3029.5,224.0,2024-11-21_11-55-26
A,643,3037.5,224.0,2024-11-21_11-55-27
A,644,3045.5,224.0,2024-11-21_11-55-29
A,645,3053.5,224.0,2024-11-21_11-55-31
A,646,3061.5,224.0,2024-11-21_11-55-33
A,647,3069.5,224.0,2024-11-21_11-55-36
A,648,3077.5,224.0,2024-11-21_11-55-37
A,649,3085.5,224.0,2024-11-21_11-55-41
A,650,3093.5,224.0,2024-11-21_11-55-42
A,651,3101.5,224.0,2024-11-21_11-55-43
A,652,3109.5,224.0,2024-11-21_11-55-44
A,653,3117.5,224.0,2024-11-21_11-55-45
A,654,3125.5,224.0,2024-11-21_11-55-46
A,655,3133.5,224.0,2024-11-21_11-55-47
A,656,3141.5,224.0,2024-11-21_11-55-48
A,657,3149.5,224.0,2024-11-21_11-55-49
A,658,3157.5,224.0,2024-11-21_11-55-50
A,659,3165.5,224.0,2024-11-21_11-55-51
A,660,3173.5,224.0,2024-11-21_11-55-52
A,661,3181.5,224.0,2024-11-21_11-55-53
A,662,3189.5,224.0,2024-11-21_11-55-54
A,663,3197.5,224.0,2024-11-21_11-55-59
A,664,3205.5,224.0,2024-11-21_11-56-00
A,665,3213.5,224.0,2024-11-21_11-56-01
A,666,3221.5,224.0,2024-11-21_11-56-03
A,667,3229.5,224.0,2024-11-21_11-56-04
A,668,3237.5,224.0,2024-11-21_11-56-06
A,669,3245.5,224.0,2024-11-21_11-56-07
A,670,3253.5,224.0,2024-11-21_11-56-08
A,671,3261.5,224.0,2024-11-21_11-56-10
A,672,3269.5,224.0,2024-11-21_11-56-11
A,673,3277.5,224.0,2024-11-21_11-56-13
A,674,3285.5,224.0,2024-11-21_11-56-14
A,675,3293.5,224.0,2024-11-21_11-56-20
A,676,3301.5,224.0,2024-11-21_11-56-22
A,677,3309.5,224.0,2024-11-21_11-56-24
A,678,3317.5,224.0,2024-11-21_11-56-26
A,679,3617.5,433.9,2024-11-21_11-56-35
A,680,3617.5,428.1,2024-11-21_11-56-37
A,681,3617.5,422.4,2024-11-21_11-56-39
A,682,3617.5,416.6,2024-11-21_11-56-42
A,683,3617.5,410.9,2024-11-21_11-56-47
A,684,3617.5,405.1,2024-11-21_11-57-01
A,685,3617.5,399.4,2024-11-21_11-57-03
A,686,3617.5,393.6,2024-11-21_11-57-07
A,687,3617.5,387.9,2024-11-21_11-57-12
A,688,3617.5,382.1,2024-11-21_11-57-16
A,689,3617.5,376.4,2024-11-21_11-57-17
A,690,3617.5,370.6,2024-11-21_11-57-18
A,691,3617.5,364.9,2024-11-21_11-57-29
A,692,3617.5,359.1,2024-11-21_11-57-32
A,693,3617.5,353.4,2024-11-21_11-57-33
A,694,3617.5,347.6,2024-11-21_11-57-36
A,695,3617.5,341.9,2024-11-21_11-57-39
A,696,3617.5,336.1,2024-11-21_11-57-42
A,697,3525.5,264.2,2024-11-21_11-57-49
A,698,3525.5,258.5,2024-11-21_11-57-52
A,699,3525.5,252.8,2024-11-21_11-58-03
A,700,3525.5,247.0,2024-11-21_11-58-11
A,701,3525.5,241.2,2024-11-21_11-58-30
A,702,3525.5,235.5,2024-11-21_11-58-35
